colour	x	y	group	key	clickSelects	showSelected1	showSelected2	PANEL
#32D6BA	1	29	1	Berri	Berri	January 2009	Berri	2
#32D6BA	1	14	1	Berri	Berri	February 2009	Berri	2
#32D6BA	1	67	1	Berri	Berri	March 2009	Berri	2
#32D6BA	1	1925	1	Berri	Berri	May 2009	Berri	2
#32D6BA	1	3274	1	Berri	Berri	June 2009	Berri	2
#32D6BA	1	4471	1	Berri	Berri	July 2009	Berri	2
#32D6BA	1	63	1	Berri	Berri	August 2009	Berri	2
#32D6BA	1	5298	1	Berri	Berri	September 2009	Berri	2
#32D6BA	1	2643	1	Berri	Berri	October 2009	Berri	2
#32D6BA	1	1144	1	Berri	Berri	November 2009	Berri	2
#32D6BA	1	1092	1	Berri	Berri	December 2009	Berri	2
#32D6BA	1	36	1	Berri	Berri	January 2010	Berri	2
#32D6BA	1	233	1	Berri	Berri	February 2010	Berri	2
#32D6BA	1	398	1	Berri	Berri	March 2010	Berri	2
#32D6BA	1	2049	1	Berri	Berri	April 2010	Berri	2
#32D6BA	1	2433	1	Berri	Berri	May 2010	Berri	2
#32D6BA	1	2786	1	Berri	Berri	June 2010	Berri	2
#32D6BA	1	4089	1	Berri	Berri	July 2010	Berri	2
#32D6BA	1	79	1	Berri	Berri	August 2010	Berri	2
#32D6BA	1	5367	1	Berri	Berri	September 2010	Berri	2
#32D6BA	1	2252	1	Berri	Berri	October 2010	Berri	2
#32D6BA	1	2273	1	Berri	Berri	November 2010	Berri	2
#32D6BA	1	511	1	Berri	Berri	December 2010	Berri	2
#32D6BA	1	81	1	Berri	Berri	January 2011	Berri	2
#32D6BA	1	269	1	Berri	Berri	February 2011	Berri	2
#32D6BA	1	102	1	Berri	Berri	March 2011	Berri	2
#32D6BA	1	755	1	Berri	Berri	April 2011	Berri	2
#32D6BA	1	6497	1	Berri	Berri	June 2011	Berri	2
#32D6BA	1	5610	1	Berri	Berri	July 2011	Berri	2
#32D6BA	1	54	1	Berri	Berri	August 2011	Berri	2
#32D6BA	1	5352	1	Berri	Berri	September 2011	Berri	2
#32D6BA	1	1056	1	Berri	Berri	October 2011	Berri	2
#32D6BA	1	35	1	Berri	Berri	January 2012	Berri	2
#32D6BA	1	138	1	Berri	Berri	February 2012	Berri	2
#32D6BA	1	92	1	Berri	Berri	March 2012	Berri	2
#32D6BA	1	662	1	Berri	Berri	April 2012	Berri	2
#32D6BA	1	1986	1	Berri	Berri	May 2012	Berri	2
#32D6BA	1	6097	1	Berri	Berri	June 2012	Berri	2
#32D6BA	1	4758	1	Berri	Berri	July 2012	Berri	2
#32D6BA	1	4638	1	Berri	Berri	August 2012	Berri	2
#32D6BA	1	3934	1	Berri	Berri	September 2012	Berri	2
#32D6BA	1	3255	1	Berri	Berri	October 2012	Berri	2
#32D6BA	1	2405	1	Berri	Berri	November 2012	Berri	2
#32D6BA	1	233	1	Berri	Berri	February 2013	Berri	2
#32D6BA	1	291	1	Berri	Berri	March 2013	Berri	2
#32D6BA	1	371	1	Berri	Berri	April 2013	Berri	2
#32D6BA	1	5803	1	Berri	Berri	May 2013	Berri	2
#32D6BA	1	4150	1	Berri	Berri	June 2013	Berri	2
#32D6BA	1	4559	1	Berri	Berri	July 2013	Berri	2
#32D6BA	1	3716	1	Berri	Berri	August 2013	Berri	2
#32D6BA	1	4091	1	Berri	Berri	September 2013	Berri	2
#32D6BA	2	19	1	Berri	Berri	January 2009	Berri	2
#32D6BA	2	158	1	Berri	Berri	February 2009	Berri	2
#32D6BA	2	105	1	Berri	Berri	March 2009	Berri	2
#32D6BA	2	2125	1	Berri	Berri	May 2009	Berri	2
#32D6BA	2	4325	1	Berri	Berri	June 2009	Berri	2
#32D6BA	2	4432	1	Berri	Berri	July 2009	Berri	2
#32D6BA	2	77	1	Berri	Berri	August 2009	Berri	2
#32D6BA	2	5451	1	Berri	Berri	September 2009	Berri	2
#32D6BA	2	2865	1	Berri	Berri	October 2009	Berri	2
#32D6BA	2	2293	1	Berri	Berri	November 2009	Berri	2
#32D6BA	2	1377	1	Berri	Berri	December 2009	Berri	2
#32D6BA	2	28	1	Berri	Berri	January 2010	Berri	2
#32D6BA	2	270	1	Berri	Berri	February 2010	Berri	2
#32D6BA	2	574	1	Berri	Berri	March 2010	Berri	2
#32D6BA	2	2816	1	Berri	Berri	April 2010	Berri	2
#32D6BA	2	2677	1	Berri	Berri	May 2010	Berri	2
#32D6BA	2	6791	1	Berri	Berri	June 2010	Berri	2
#32D6BA	2	6108	1	Berri	Berri	July 2010	Berri	2
#32D6BA	2	4864	1	Berri	Berri	August 2010	Berri	2
#32D6BA	2	5004	1	Berri	Berri	September 2010	Berri	2
#32D6BA	2	2034	1	Berri	Berri	October 2010	Berri	2
#32D6BA	2	2748	1	Berri	Berri	November 2010	Berri	2
#32D6BA	2	1072	1	Berri	Berri	December 2010	Berri	2
#32D6BA	2	95	1	Berri	Berri	January 2011	Berri	2
#32D6BA	2	68	1	Berri	Berri	February 2011	Berri	2
#32D6BA	2	144	1	Berri	Berri	March 2011	Berri	2
#32D6BA	2	909	1	Berri	Berri	April 2011	Berri	2
#32D6BA	2	4827	1	Berri	Berri	June 2011	Berri	2
#32D6BA	2	5767	1	Berri	Berri	July 2011	Berri	2
#32D6BA	2	4777	1	Berri	Berri	August 2011	Berri	2
#32D6BA	2	5293	1	Berri	Berri	September 2011	Berri	2
#32D6BA	2	511	1	Berri	Berri	October 2011	Berri	2
#32D6BA	2	83	1	Berri	Berri	January 2012	Berri	2
#32D6BA	2	217	1	Berri	Berri	February 2012	Berri	2
#32D6BA	2	143	1	Berri	Berri	March 2012	Berri	2
#32D6BA	2	1937	1	Berri	Berri	April 2012	Berri	2
#32D6BA	2	3724	1	Berri	Berri	May 2012	Berri	2
#32D6BA	2	943	1	Berri	Berri	June 2012	Berri	2
#32D6BA	2	4144	1	Berri	Berri	July 2012	Berri	2
#32D6BA	2	5715	1	Berri	Berri	August 2012	Berri	2
#32D6BA	2	3698	1	Berri	Berri	September 2012	Berri	2
#32D6BA	2	5139	1	Berri	Berri	October 2012	Berri	2
#32D6BA	2	1582	1	Berri	Berri	November 2012	Berri	2
#32D6BA	2	69	1	Berri	Berri	January 2013	Berri	2
#32D6BA	2	82	1	Berri	Berri	February 2013	Berri	2
#32D6BA	2	169	1	Berri	Berri	March 2013	Berri	2
#32D6BA	2	1055	1	Berri	Berri	April 2013	Berri	2
#32D6BA	2	5849	1	Berri	Berri	May 2013	Berri	2
#32D6BA	2	3231	1	Berri	Berri	June 2013	Berri	2
#32D6BA	2	4895	1	Berri	Berri	July 2013	Berri	2
#32D6BA	2	4562	1	Berri	Berri	August 2013	Berri	2
#32D6BA	2	1513	1	Berri	Berri	September 2013	Berri	2
#32D6BA	3	24	1	Berri	Berri	January 2009	Berri	2
#32D6BA	3	179	1	Berri	Berri	February 2009	Berri	2
#32D6BA	3	157	1	Berri	Berri	March 2009	Berri	2
#32D6BA	3	2662	1	Berri	Berri	May 2009	Berri	2
#32D6BA	3	5430	1	Berri	Berri	June 2009	Berri	2
#32D6BA	3	2997	1	Berri	Berri	July 2009	Berri	2
#32D6BA	3	5904	1	Berri	Berri	August 2009	Berri	2
#32D6BA	3	5372	1	Berri	Berri	September 2009	Berri	2
#32D6BA	3	993	1	Berri	Berri	October 2009	Berri	2
#32D6BA	3	1655	1	Berri	Berri	November 2009	Berri	2
#32D6BA	3	606	1	Berri	Berri	December 2009	Berri	2
#32D6BA	3	39	1	Berri	Berri	January 2010	Berri	2
#32D6BA	3	270	1	Berri	Berri	February 2010	Berri	2
#32D6BA	3	619	1	Berri	Berri	March 2010	Berri	2
#32D6BA	3	3072	1	Berri	Berri	April 2010	Berri	2
#32D6BA	3	2794	1	Berri	Berri	May 2010	Berri	2
#32D6BA	3	3676	1	Berri	Berri	June 2010	Berri	2
#32D6BA	3	5245	1	Berri	Berri	July 2010	Berri	2
#32D6BA	3	2112	1	Berri	Berri	August 2010	Berri	2
#32D6BA	3	5118	1	Berri	Berri	September 2010	Berri	2
#32D6BA	3	1748	1	Berri	Berri	October 2010	Berri	2
#32D6BA	3	2894	1	Berri	Berri	November 2010	Berri	2
#32D6BA	3	983	1	Berri	Berri	December 2010	Berri	2
#32D6BA	3	150	1	Berri	Berri	January 2011	Berri	2
#32D6BA	3	138	1	Berri	Berri	February 2011	Berri	2
#32D6BA	3	185	1	Berri	Berri	March 2011	Berri	2
#32D6BA	3	1099	1	Berri	Berri	April 2011	Berri	2
#32D6BA	3	6927	1	Berri	Berri	June 2011	Berri	2
#32D6BA	3	3816	1	Berri	Berri	July 2011	Berri	2
#32D6BA	3	5445	1	Berri	Berri	August 2011	Berri	2
#32D6BA	3	3311	1	Berri	Berri	September 2011	Berri	2
#32D6BA	3	1003	1	Berri	Berri	October 2011	Berri	2
#32D6BA	3	135	1	Berri	Berri	January 2012	Berri	2
#32D6BA	3	174	1	Berri	Berri	February 2012	Berri	2
#32D6BA	3	82	1	Berri	Berri	March 2012	Berri	2
#32D6BA	3	2416	1	Berri	Berri	April 2012	Berri	2
#32D6BA	3	3698	1	Berri	Berri	May 2012	Berri	2
#32D6BA	3	2755	1	Berri	Berri	June 2012	Berri	2
#32D6BA	3	6712	1	Berri	Berri	July 2012	Berri	2
#32D6BA	3	5577	1	Berri	Berri	August 2012	Berri	2
#32D6BA	3	4179	1	Berri	Berri	September 2012	Berri	2
#32D6BA	3	4685	1	Berri	Berri	October 2012	Berri	2
#32D6BA	3	844	1	Berri	Berri	November 2012	Berri	2
#32D6BA	3	69	1	Berri	Berri	January 2013	Berri	2
#32D6BA	3	85	1	Berri	Berri	February 2013	Berri	2
#32D6BA	3	119	1	Berri	Berri	March 2013	Berri	2
#32D6BA	3	1030	1	Berri	Berri	April 2013	Berri	2
#32D6BA	3	5769	1	Berri	Berri	May 2013	Berri	2
#32D6BA	3	4802	1	Berri	Berri	June 2013	Berri	2
#32D6BA	3	6679	1	Berri	Berri	July 2013	Berri	2
#32D6BA	3	3783	1	Berri	Berri	August 2013	Berri	2
#32D6BA	3	5710	1	Berri	Berri	September 2013	Berri	2
#32D6BA	4	24	1	Berri	Berri	January 2009	Berri	2
#32D6BA	4	122	1	Berri	Berri	February 2009	Berri	2
#32D6BA	4	164	1	Berri	Berri	March 2009	Berri	2
#32D6BA	4	4403	1	Berri	Berri	May 2009	Berri	2
#32D6BA	4	5278	1	Berri	Berri	June 2009	Berri	2
#32D6BA	4	2544	1	Berri	Berri	July 2009	Berri	2
#32D6BA	4	4417	1	Berri	Berri	August 2009	Berri	2
#32D6BA	4	4566	1	Berri	Berri	September 2009	Berri	2
#32D6BA	4	1336	1	Berri	Berri	October 2009	Berri	2
#32D6BA	4	1974	1	Berri	Berri	November 2009	Berri	2
#32D6BA	4	1108	1	Berri	Berri	December 2009	Berri	2
#32D6BA	4	117	1	Berri	Berri	January 2010	Berri	2
#32D6BA	4	260	1	Berri	Berri	February 2010	Berri	2
#32D6BA	4	624	1	Berri	Berri	March 2010	Berri	2
#32D6BA	4	1681	1	Berri	Berri	April 2010	Berri	2
#32D6BA	4	3750	1	Berri	Berri	May 2010	Berri	2
#32D6BA	4	7083	1	Berri	Berri	June 2010	Berri	2
#32D6BA	4	4297	1	Berri	Berri	July 2010	Berri	2
#32D6BA	4	3523	1	Berri	Berri	August 2010	Berri	2
#32D6BA	4	2337	1	Berri	Berri	September 2010	Berri	2
#32D6BA	4	3859	1	Berri	Berri	October 2010	Berri	2
#32D6BA	4	1579	1	Berri	Berri	November 2010	Berri	2
#32D6BA	4	287	1	Berri	Berri	December 2010	Berri	2
#32D6BA	4	232	1	Berri	Berri	January 2011	Berri	2
#32D6BA	4	166	1	Berri	Berri	February 2011	Berri	2
#32D6BA	4	227	1	Berri	Berri	March 2011	Berri	2
#32D6BA	4	600	1	Berri	Berri	April 2011	Berri	2
#32D6BA	4	5093	1	Berri	Berri	June 2011	Berri	2
#32D6BA	4	7056	1	Berri	Berri	July 2011	Berri	2
#32D6BA	4	5364	1	Berri	Berri	August 2011	Berri	2
#32D6BA	4	1946	1	Berri	Berri	September 2011	Berri	2
#32D6BA	4	144	1	Berri	Berri	January 2012	Berri	2
#32D6BA	4	84	1	Berri	Berri	February 2012	Berri	2
#32D6BA	4	107	1	Berri	Berri	March 2012	Berri	2
#32D6BA	4	2211	1	Berri	Berri	April 2012	Berri	2
#32D6BA	4	2511	1	Berri	Berri	May 2012	Berri	2
#32D6BA	4	2717	1	Berri	Berri	June 2012	Berri	2
#32D6BA	4	5153	1	Berri	Berri	July 2012	Berri	2
#32D6BA	4	4223	1	Berri	Berri	August 2012	Berri	2
#32D6BA	4	4225	1	Berri	Berri	September 2012	Berri	2
#32D6BA	4	4034	1	Berri	Berri	October 2012	Berri	2
#32D6BA	4	966	1	Berri	Berri	November 2012	Berri	2
#32D6BA	4	80	1	Berri	Berri	January 2013	Berri	2
#32D6BA	4	234	1	Berri	Berri	February 2013	Berri	2
#32D6BA	4	252	1	Berri	Berri	March 2013	Berri	2
#32D6BA	4	1466	1	Berri	Berri	April 2013	Berri	2
#32D6BA	4	4628	1	Berri	Berri	May 2013	Berri	2
#32D6BA	4	5659	1	Berri	Berri	June 2013	Berri	2
#32D6BA	4	6151	1	Berri	Berri	July 2013	Berri	2
#32D6BA	4	2671	1	Berri	Berri	August 2013	Berri	2
#32D6BA	4	5460	1	Berri	Berri	September 2013	Berri	2
#32D6BA	5	120	1	Berri	Berri	January 2009	Berri	2
#32D6BA	5	95	1	Berri	Berri	February 2009	Berri	2
#32D6BA	5	300	1	Berri	Berri	March 2009	Berri	2
#32D6BA	5	4338	1	Berri	Berri	May 2009	Berri	2
#32D6BA	5	6028	1	Berri	Berri	June 2009	Berri	2
#32D6BA	5	5121	1	Berri	Berri	July 2009	Berri	2
#32D6BA	5	5611	1	Berri	Berri	August 2009	Berri	2
#32D6BA	5	3533	1	Berri	Berri	September 2009	Berri	2
#32D6BA	5	2935	1	Berri	Berri	October 2009	Berri	2
#32D6BA	5	1767	1	Berri	Berri	November 2009	Berri	2
#32D6BA	5	594	1	Berri	Berri	December 2009	Berri	2
#32D6BA	5	225	1	Berri	Berri	January 2010	Berri	2
#32D6BA	5	246	1	Berri	Berri	February 2010	Berri	2
#32D6BA	5	629	1	Berri	Berri	March 2010	Berri	2
#32D6BA	5	1175	1	Berri	Berri	April 2010	Berri	2
#32D6BA	5	5333	1	Berri	Berri	May 2010	Berri	2
#32D6BA	5	2884	1	Berri	Berri	June 2010	Berri	2
#32D6BA	5	6502	1	Berri	Berri	July 2010	Berri	2
#32D6BA	5	4657	1	Berri	Berri	August 2010	Berri	2
#32D6BA	5	2193	1	Berri	Berri	September 2010	Berri	2
#32D6BA	5	4733	1	Berri	Berri	October 2010	Berri	2
#32D6BA	5	1008	1	Berri	Berri	November 2010	Berri	2
#32D6BA	5	231	1	Berri	Berri	December 2010	Berri	2
#32D6BA	5	237	1	Berri	Berri	January 2011	Berri	2
#32D6BA	5	98	1	Berri	Berri	February 2011	Berri	2
#32D6BA	5	79	1	Berri	Berri	March 2011	Berri	2
#32D6BA	5	729	1	Berri	Berri	April 2011	Berri	2
#32D6BA	5	3495	1	Berri	Berri	June 2011	Berri	2
#32D6BA	5	6570	1	Berri	Berri	July 2011	Berri	2
#32D6BA	5	5588	1	Berri	Berri	August 2011	Berri	2
#32D6BA	5	906	1	Berri	Berri	September 2011	Berri	2
#32D6BA	5	197	1	Berri	Berri	January 2012	Berri	2
#32D6BA	5	72	1	Berri	Berri	February 2012	Berri	2
#32D6BA	5	155	1	Berri	Berri	March 2012	Berri	2
#32D6BA	5	2424	1	Berri	Berri	April 2012	Berri	2
#32D6BA	5	3492	1	Berri	Berri	May 2012	Berri	2
#32D6BA	5	5842	1	Berri	Berri	June 2012	Berri	2
#32D6BA	5	6672	1	Berri	Berri	July 2012	Berri	2
#32D6BA	5	1864	1	Berri	Berri	August 2012	Berri	2
#32D6BA	5	5655	1	Berri	Berri	September 2012	Berri	2
#32D6BA	5	4151	1	Berri	Berri	October 2012	Berri	2
#32D6BA	5	2247	1	Berri	Berri	November 2012	Berri	2
#32D6BA	5	52	1	Berri	Berri	January 2013	Berri	2
#32D6BA	5	295	1	Berri	Berri	February 2013	Berri	2
#32D6BA	5	484	1	Berri	Berri	March 2013	Berri	2
#32D6BA	5	1098	1	Berri	Berri	April 2013	Berri	2
#32D6BA	5	4652	1	Berri	Berri	May 2013	Berri	2
#32D6BA	5	6224	1	Berri	Berri	June 2013	Berri	2
#32D6BA	5	5890	1	Berri	Berri	July 2013	Berri	2
#32D6BA	5	4980	1	Berri	Berri	August 2013	Berri	2
#32D6BA	5	6321	1	Berri	Berri	September 2013	Berri	2
#32D6BA	6	261	1	Berri	Berri	January 2009	Berri	2
#32D6BA	6	185	1	Berri	Berri	February 2009	Berri	2
#32D6BA	6	176	1	Berri	Berri	March 2009	Berri	2
#32D6BA	6	2757	1	Berri	Berri	May 2009	Berri	2
#32D6BA	6	3876	1	Berri	Berri	June 2009	Berri	2
#32D6BA	6	3862	1	Berri	Berri	July 2009	Berri	2
#32D6BA	6	4197	1	Berri	Berri	August 2009	Berri	2
#32D6BA	6	3888	1	Berri	Berri	September 2009	Berri	2
#32D6BA	6	3852	1	Berri	Berri	October 2009	Berri	2
#32D6BA	6	1735	1	Berri	Berri	November 2009	Berri	2
#32D6BA	6	501	1	Berri	Berri	December 2009	Berri	2
#32D6BA	6	203	1	Berri	Berri	January 2010	Berri	2
#32D6BA	6	111	1	Berri	Berri	February 2010	Berri	2
#32D6BA	6	687	1	Berri	Berri	March 2010	Berri	2
#32D6BA	6	2558	1	Berri	Berri	April 2010	Berri	2
#32D6BA	6	3354	1	Berri	Berri	May 2010	Berri	2
#32D6BA	6	989	1	Berri	Berri	June 2010	Berri	2
#32D6BA	6	6313	1	Berri	Berri	July 2010	Berri	2
#32D6BA	6	4713	1	Berri	Berri	August 2010	Berri	2
#32D6BA	6	2766	1	Berri	Berri	September 2010	Berri	2
#32D6BA	6	2377	1	Berri	Berri	October 2010	Berri	2
#32D6BA	6	1214	1	Berri	Berri	November 2010	Berri	2
#32D6BA	6	312	1	Berri	Berri	December 2010	Berri	2
#32D6BA	6	252	1	Berri	Berri	January 2011	Berri	2
#32D6BA	6	63	1	Berri	Berri	February 2011	Berri	2
#32D6BA	6	56	1	Berri	Berri	March 2011	Berri	2
#32D6BA	6	1544	1	Berri	Berri	April 2011	Berri	2
#32D6BA	6	6149	1	Berri	Berri	June 2011	Berri	2
#32D6BA	6	5054	1	Berri	Berri	July 2011	Berri	2
#32D6BA	6	3978	1	Berri	Berri	August 2011	Berri	2
#32D6BA	6	5599	1	Berri	Berri	September 2011	Berri	2
#32D6BA	6	146	1	Berri	Berri	January 2012	Berri	2
#32D6BA	6	248	1	Berri	Berri	February 2012	Berri	2
#32D6BA	6	269	1	Berri	Berri	March 2012	Berri	2
#32D6BA	6	1633	1	Berri	Berri	April 2012	Berri	2
#32D6BA	6	3411	1	Berri	Berri	May 2012	Berri	2
#32D6BA	6	6037	1	Berri	Berri	June 2012	Berri	2
#32D6BA	6	5958	1	Berri	Berri	July 2012	Berri	2
#32D6BA	6	5240	1	Berri	Berri	August 2012	Berri	2
#32D6BA	6	5883	1	Berri	Berri	September 2012	Berri	2
#32D6BA	6	1304	1	Berri	Berri	October 2012	Berri	2
#32D6BA	6	37	1	Berri	Berri	January 2013	Berri	2
#32D6BA	6	325	1	Berri	Berri	February 2013	Berri	2
#32D6BA	6	475	1	Berri	Berri	March 2013	Berri	2
#32D6BA	6	771	1	Berri	Berri	April 2013	Berri	2
#32D6BA	6	5593	1	Berri	Berri	May 2013	Berri	2
#32D6BA	6	3218	1	Berri	Berri	June 2013	Berri	2
#32D6BA	6	4774	1	Berri	Berri	July 2013	Berri	2
#32D6BA	6	6023	1	Berri	Berri	August 2013	Berri	2
#32D6BA	6	5555	1	Berri	Berri	September 2013	Berri	2
#32D6BA	7	60	1	Berri	Berri	January 2009	Berri	2
#32D6BA	7	95	1	Berri	Berri	February 2009	Berri	2
#32D6BA	7	195	1	Berri	Berri	March 2009	Berri	2
#32D6BA	7	970	1	Berri	Berri	May 2009	Berri	2
#32D6BA	7	2742	1	Berri	Berri	June 2009	Berri	2
#32D6BA	7	3036	1	Berri	Berri	July 2009	Berri	2
#32D6BA	7	4265	1	Berri	Berri	August 2009	Berri	2
#32D6BA	7	3683	1	Berri	Berri	September 2009	Berri	2
#32D6BA	7	2115	1	Berri	Berri	October 2009	Berri	2
#32D6BA	7	872	1	Berri	Berri	November 2009	Berri	2
#32D6BA	7	669	1	Berri	Berri	December 2009	Berri	2
#32D6BA	7	192	1	Berri	Berri	January 2010	Berri	2
#32D6BA	7	122	1	Berri	Berri	February 2010	Berri	2
#32D6BA	7	571	1	Berri	Berri	March 2010	Berri	2
#32D6BA	7	1448	1	Berri	Berri	April 2010	Berri	2
#32D6BA	7	4276	1	Berri	Berri	May 2010	Berri	2
#32D6BA	7	5128	1	Berri	Berri	June 2010	Berri	2
#32D6BA	7	5469	1	Berri	Berri	July 2010	Berri	2
#32D6BA	7	4313	1	Berri	Berri	August 2010	Berri	2
#32D6BA	7	4790	1	Berri	Berri	September 2010	Berri	2
#32D6BA	7	2358	1	Berri	Berri	October 2010	Berri	2
#32D6BA	7	1170	1	Berri	Berri	November 2010	Berri	2
#32D6BA	7	122	1	Berri	Berri	December 2010	Berri	2
#32D6BA	7	228	1	Berri	Berri	January 2011	Berri	2
#32D6BA	7	174	1	Berri	Berri	February 2011	Berri	2
#32D6BA	7	21	1	Berri	Berri	March 2011	Berri	2
#32D6BA	7	1755	1	Berri	Berri	April 2011	Berri	2
#32D6BA	7	6932	1	Berri	Berri	June 2011	Berri	2
#32D6BA	7	6972	1	Berri	Berri	July 2011	Berri	2
#32D6BA	7	2488	1	Berri	Berri	August 2011	Berri	2
#32D6BA	7	4747	1	Berri	Berri	September 2011	Berri	2
#32D6BA	7	98	1	Berri	Berri	January 2012	Berri	2
#32D6BA	7	316	1	Berri	Berri	February 2012	Berri	2
#32D6BA	7	438	1	Berri	Berri	March 2012	Berri	2
#32D6BA	7	1208	1	Berri	Berri	April 2012	Berri	2
#32D6BA	7	5552	1	Berri	Berri	May 2012	Berri	2
#32D6BA	7	6246	1	Berri	Berri	June 2012	Berri	2
#32D6BA	7	5420	1	Berri	Berri	July 2012	Berri	2
#32D6BA	7	5997	1	Berri	Berri	August 2012	Berri	2
#32D6BA	7	6186	1	Berri	Berri	September 2012	Berri	2
#32D6BA	7	1580	1	Berri	Berri	October 2012	Berri	2
#32D6BA	7	159	1	Berri	Berri	January 2013	Berri	2
#32D6BA	7	234	1	Berri	Berri	February 2013	Berri	2
#32D6BA	7	484	1	Berri	Berri	March 2013	Berri	2
#32D6BA	7	509	1	Berri	Berri	April 2013	Berri	2
#32D6BA	7	6323	1	Berri	Berri	May 2013	Berri	2
#32D6BA	7	2205	1	Berri	Berri	June 2013	Berri	2
#32D6BA	7	3909	1	Berri	Berri	July 2013	Berri	2
#32D6BA	7	5255	1	Berri	Berri	August 2013	Berri	2
#32D6BA	7	2324	1	Berri	Berri	September 2013	Berri	2
#32D6BA	8	24	1	Berri	Berri	January 2009	Berri	2
#32D6BA	8	82	1	Berri	Berri	February 2009	Berri	2
#32D6BA	8	310	1	Berri	Berri	March 2009	Berri	2
#32D6BA	8	2767	1	Berri	Berri	May 2009	Berri	2
#32D6BA	8	4973	1	Berri	Berri	June 2009	Berri	2
#32D6BA	8	3744	1	Berri	Berri	July 2009	Berri	2
#32D6BA	8	4589	1	Berri	Berri	August 2009	Berri	2
#32D6BA	8	5452	1	Berri	Berri	September 2009	Berri	2
#32D6BA	8	3336	1	Berri	Berri	October 2009	Berri	2
#32D6BA	8	1541	1	Berri	Berri	November 2009	Berri	2
#32D6BA	8	570	1	Berri	Berri	December 2009	Berri	2
#32D6BA	8	261	1	Berri	Berri	January 2010	Berri	2
#32D6BA	8	222	1	Berri	Berri	February 2010	Berri	2
#32D6BA	8	921	1	Berri	Berri	March 2010	Berri	2
#32D6BA	8	1617	1	Berri	Berri	April 2010	Berri	2
#32D6BA	8	702	1	Berri	Berri	May 2010	Berri	2
#32D6BA	8	6281	1	Berri	Berri	June 2010	Berri	2
#32D6BA	8	5193	1	Berri	Berri	July 2010	Berri	2
#32D6BA	8	2045	1	Berri	Berri	August 2010	Berri	2
#32D6BA	8	4283	1	Berri	Berri	September 2010	Berri	2
#32D6BA	8	2404	1	Berri	Berri	October 2010	Berri	2
#32D6BA	8	1601	1	Berri	Berri	November 2010	Berri	2
#32D6BA	8	159	1	Berri	Berri	December 2010	Berri	2
#32D6BA	8	117	1	Berri	Berri	January 2011	Berri	2
#32D6BA	8	199	1	Berri	Berri	February 2011	Berri	2
#32D6BA	8	139	1	Berri	Berri	March 2011	Berri	2
#32D6BA	8	2083	1	Berri	Berri	April 2011	Berri	2
#32D6BA	8	5783	1	Berri	Berri	June 2011	Berri	2
#32D6BA	8	6158	1	Berri	Berri	July 2011	Berri	2
#32D6BA	8	4730	1	Berri	Berri	August 2011	Berri	2
#32D6BA	8	6287	1	Berri	Berri	September 2011	Berri	2
#32D6BA	8	95	1	Berri	Berri	January 2012	Berri	2
#32D6BA	8	271	1	Berri	Berri	February 2012	Berri	2
#32D6BA	8	348	1	Berri	Berri	March 2012	Berri	2
#32D6BA	8	1164	1	Berri	Berri	April 2012	Berri	2
#32D6BA	8	1241	1	Berri	Berri	May 2012	Berri	2
#32D6BA	8	4169	1	Berri	Berri	June 2012	Berri	2
#32D6BA	8	4756	1	Berri	Berri	July 2012	Berri	2
#32D6BA	8	5498	1	Berri	Berri	August 2012	Berri	2
#32D6BA	8	2155	1	Berri	Berri	September 2012	Berri	2
#32D6BA	8	1854	1	Berri	Berri	October 2012	Berri	2
#32D6BA	8	327	1	Berri	Berri	January 2013	Berri	2
#32D6BA	8	148	1	Berri	Berri	February 2013	Berri	2
#32D6BA	8	536	1	Berri	Berri	March 2013	Berri	2
#32D6BA	8	1878	1	Berri	Berri	April 2013	Berri	2
#32D6BA	8	6428	1	Berri	Berri	May 2013	Berri	2
#32D6BA	8	1333	1	Berri	Berri	June 2013	Berri	2
#32D6BA	8	5181	1	Berri	Berri	July 2013	Berri	2
#32D6BA	8	5156	1	Berri	Berri	August 2013	Berri	2
#32D6BA	8	2997	1	Berri	Berri	September 2013	Berri	2
#32D6BA	9	35	1	Berri	Berri	January 2009	Berri	2
#32D6BA	9	190	1	Berri	Berri	February 2009	Berri	2
#32D6BA	9	7	1	Berri	Berri	March 2009	Berri	2
#32D6BA	9	1493	1	Berri	Berri	May 2009	Berri	2
#32D6BA	9	1125	1	Berri	Berri	June 2009	Berri	2
#32D6BA	9	6626	1	Berri	Berri	July 2009	Berri	2
#32D6BA	9	2775	1	Berri	Berri	August 2009	Berri	2
#32D6BA	9	5575	1	Berri	Berri	September 2009	Berri	2
#32D6BA	9	1302	1	Berri	Berri	October 2009	Berri	2
#32D6BA	9	2540	1	Berri	Berri	November 2009	Berri	2
#32D6BA	9	185	1	Berri	Berri	December 2009	Berri	2
#32D6BA	9	88	1	Berri	Berri	January 2010	Berri	2
#32D6BA	9	326	1	Berri	Berri	February 2010	Berri	2
#32D6BA	9	1050	1	Berri	Berri	March 2010	Berri	2
#32D6BA	9	1305	1	Berri	Berri	April 2010	Berri	2
#32D6BA	9	545	1	Berri	Berri	May 2010	Berri	2
#32D6BA	9	6377	1	Berri	Berri	June 2010	Berri	2
#32D6BA	9	3294	1	Berri	Berri	July 2010	Berri	2
#32D6BA	9	4569	1	Berri	Berri	August 2010	Berri	2
#32D6BA	9	3692	1	Berri	Berri	September 2010	Berri	2
#32D6BA	9	1911	1	Berri	Berri	October 2010	Berri	2
#32D6BA	9	2430	1	Berri	Berri	November 2010	Berri	2
#32D6BA	9	152	1	Berri	Berri	December 2010	Berri	2
#32D6BA	9	127	1	Berri	Berri	January 2011	Berri	2
#32D6BA	9	204	1	Berri	Berri	February 2011	Berri	2
#32D6BA	9	214	1	Berri	Berri	March 2011	Berri	2
#32D6BA	9	1806	1	Berri	Berri	April 2011	Berri	2
#32D6BA	9	5390	1	Berri	Berri	June 2011	Berri	2
#32D6BA	9	4691	1	Berri	Berri	July 2011	Berri	2
#32D6BA	9	4802	1	Berri	Berri	August 2011	Berri	2
#32D6BA	9	6578	1	Berri	Berri	September 2011	Berri	2
#32D6BA	9	244	1	Berri	Berri	January 2012	Berri	2
#32D6BA	9	342	1	Berri	Berri	February 2012	Berri	2
#32D6BA	9	371	1	Berri	Berri	March 2012	Berri	2
#32D6BA	9	828	1	Berri	Berri	April 2012	Berri	2
#32D6BA	9	3297	1	Berri	Berri	May 2012	Berri	2
#32D6BA	9	5164	1	Berri	Berri	June 2012	Berri	2
#32D6BA	9	5661	1	Berri	Berri	July 2012	Berri	2
#32D6BA	9	4127	1	Berri	Berri	August 2012	Berri	2
#32D6BA	9	3312	1	Berri	Berri	September 2012	Berri	2
#32D6BA	9	4787	1	Berri	Berri	October 2012	Berri	2
#32D6BA	9	332	1	Berri	Berri	January 2013	Berri	2
#32D6BA	9	58	1	Berri	Berri	February 2013	Berri	2
#32D6BA	9	415	1	Berri	Berri	March 2013	Berri	2
#32D6BA	9	1335	1	Berri	Berri	April 2013	Berri	2
#32D6BA	9	4467	1	Berri	Berri	May 2013	Berri	2
#32D6BA	9	3390	1	Berri	Berri	June 2013	Berri	2
#32D6BA	9	6142	1	Berri	Berri	July 2013	Berri	2
#32D6BA	9	4187	1	Berri	Berri	August 2013	Berri	2
#32D6BA	9	5558	1	Berri	Berri	September 2013	Berri	2
#32D6BA	10	81	1	Berri	Berri	January 2009	Berri	2
#32D6BA	10	228	1	Berri	Berri	February 2009	Berri	2
#32D6BA	10	366	1	Berri	Berri	March 2009	Berri	2
#32D6BA	10	728	1	Berri	Berri	May 2009	Berri	2
#32D6BA	10	3460	1	Berri	Berri	June 2009	Berri	2
#32D6BA	10	6274	1	Berri	Berri	July 2009	Berri	2
#32D6BA	10	2999	1	Berri	Berri	August 2009	Berri	2
#32D6BA	10	5496	1	Berri	Berri	September 2009	Berri	2
#32D6BA	10	1407	1	Berri	Berri	October 2009	Berri	2
#32D6BA	10	2526	1	Berri	Berri	November 2009	Berri	2
#32D6BA	10	219	1	Berri	Berri	December 2009	Berri	2
#32D6BA	10	97	1	Berri	Berri	January 2010	Berri	2
#32D6BA	10	339	1	Berri	Berri	February 2010	Berri	2
#32D6BA	10	1218	1	Berri	Berri	March 2010	Berri	2
#32D6BA	10	1219	1	Berri	Berri	April 2010	Berri	2
#32D6BA	10	3110	1	Berri	Berri	May 2010	Berri	2
#32D6BA	10	2387	1	Berri	Berri	June 2010	Berri	2
#32D6BA	10	3991	1	Berri	Berri	July 2010	Berri	2
#32D6BA	10	5203	1	Berri	Berri	August 2010	Berri	2
#32D6BA	10	5397	1	Berri	Berri	September 2010	Berri	2
#32D6BA	10	1502	1	Berri	Berri	October 2010	Berri	2
#32D6BA	10	2658	1	Berri	Berri	November 2010	Berri	2
#32D6BA	10	196	1	Berri	Berri	December 2010	Berri	2
#32D6BA	10	252	1	Berri	Berri	January 2011	Berri	2
#32D6BA	10	227	1	Berri	Berri	February 2011	Berri	2
#32D6BA	10	79	1	Berri	Berri	March 2011	Berri	2
#32D6BA	10	1422	1	Berri	Berri	April 2011	Berri	2
#32D6BA	10	6930	1	Berri	Berri	June 2011	Berri	2
#32D6BA	10	4107	1	Berri	Berri	July 2011	Berri	2
#32D6BA	10	3380	1	Berri	Berri	August 2011	Berri	2
#32D6BA	10	4612	1	Berri	Berri	September 2011	Berri	2
#32D6BA	10	397	1	Berri	Berri	January 2012	Berri	2
#32D6BA	10	303	1	Berri	Berri	February 2012	Berri	2
#32D6BA	10	182	1	Berri	Berri	March 2012	Berri	2
#32D6BA	10	2183	1	Berri	Berri	April 2012	Berri	2
#32D6BA	10	2755	1	Berri	Berri	May 2012	Berri	2
#32D6BA	10	5112	1	Berri	Berri	June 2012	Berri	2
#32D6BA	10	6500	1	Berri	Berri	July 2012	Berri	2
#32D6BA	10	2414	1	Berri	Berri	August 2012	Berri	2
#32D6BA	10	5077	1	Berri	Berri	September 2012	Berri	2
#32D6BA	10	3115	1	Berri	Berri	October 2012	Berri	2
#32D6BA	10	391	1	Berri	Berri	January 2013	Berri	2
#32D6BA	10	82	1	Berri	Berri	February 2013	Berri	2
#32D6BA	10	345	1	Berri	Berri	March 2013	Berri	2
#32D6BA	10	1967	1	Berri	Berri	April 2013	Berri	2
#32D6BA	10	4941	1	Berri	Berri	May 2013	Berri	2
#32D6BA	10	5653	1	Berri	Berri	June 2013	Berri	2
#32D6BA	10	4169	1	Berri	Berri	July 2013	Berri	2
#32D6BA	10	4014	1	Berri	Berri	August 2013	Berri	2
#32D6BA	10	3278	1	Berri	Berri	September 2013	Berri	2
#32D6BA	11	318	1	Berri	Berri	January 2009	Berri	2
#32D6BA	11	306	1	Berri	Berri	February 2009	Berri	2
#32D6BA	11	234	1	Berri	Berri	March 2009	Berri	2
#32D6BA	11	3982	1	Berri	Berri	May 2009	Berri	2
#32D6BA	11	4449	1	Berri	Berri	June 2009	Berri	2
#32D6BA	11	1876	1	Berri	Berri	July 2009	Berri	2
#32D6BA	11	3504	1	Berri	Berri	August 2009	Berri	2
#32D6BA	11	4864	1	Berri	Berri	September 2009	Berri	2
#32D6BA	11	1090	1	Berri	Berri	October 2009	Berri	2
#32D6BA	11	2366	1	Berri	Berri	November 2009	Berri	2
#32D6BA	11	194	1	Berri	Berri	December 2009	Berri	2
#32D6BA	11	231	1	Berri	Berri	January 2010	Berri	2
#32D6BA	11	355	1	Berri	Berri	February 2010	Berri	2
#32D6BA	11	1208	1	Berri	Berri	March 2010	Berri	2
#32D6BA	11	1318	1	Berri	Berri	April 2010	Berri	2
#32D6BA	11	4423	1	Berri	Berri	May 2010	Berri	2
#32D6BA	11	5695	1	Berri	Berri	June 2010	Berri	2
#32D6BA	11	4090	1	Berri	Berri	July 2010	Berri	2
#32D6BA	11	6429	1	Berri	Berri	August 2010	Berri	2
#32D6BA	11	4397	1	Berri	Berri	September 2010	Berri	2
#32D6BA	11	1905	1	Berri	Berri	October 2010	Berri	2
#32D6BA	11	2433	1	Berri	Berri	November 2010	Berri	2
#32D6BA	11	133	1	Berri	Berri	December 2010	Berri	2
#32D6BA	11	348	1	Berri	Berri	January 2011	Berri	2
#32D6BA	11	227	1	Berri	Berri	February 2011	Berri	2
#32D6BA	11	180	1	Berri	Berri	March 2011	Berri	2
#32D6BA	11	1111	1	Berri	Berri	April 2011	Berri	2
#32D6BA	11	3105	1	Berri	Berri	June 2011	Berri	2
#32D6BA	11	4862	1	Berri	Berri	July 2011	Berri	2
#32D6BA	11	4903	1	Berri	Berri	August 2011	Berri	2
#32D6BA	11	3960	1	Berri	Berri	September 2011	Berri	2
#32D6BA	11	273	1	Berri	Berri	January 2012	Berri	2
#32D6BA	11	71	1	Berri	Berri	February 2012	Berri	2
#32D6BA	11	380	1	Berri	Berri	March 2012	Berri	2
#32D6BA	11	2328	1	Berri	Berri	April 2012	Berri	2
#32D6BA	11	4639	1	Berri	Berri	May 2012	Berri	2
#32D6BA	11	6206	1	Berri	Berri	June 2012	Berri	2
#32D6BA	11	6424	1	Berri	Berri	July 2012	Berri	2
#32D6BA	11	2453	1	Berri	Berri	August 2012	Berri	2
#32D6BA	11	6015	1	Berri	Berri	September 2012	Berri	2
#32D6BA	11	3746	1	Berri	Berri	October 2012	Berri	2
#32D6BA	11	423	1	Berri	Berri	January 2013	Berri	2
#32D6BA	11	225	1	Berri	Berri	February 2013	Berri	2
#32D6BA	11	669	1	Berri	Berri	March 2013	Berri	2
#32D6BA	11	1814	1	Berri	Berri	April 2013	Berri	2
#32D6BA	11	1406	1	Berri	Berri	May 2013	Berri	2
#32D6BA	11	1085	1	Berri	Berri	June 2013	Berri	2
#32D6BA	11	6303	1	Berri	Berri	July 2013	Berri	2
#32D6BA	11	4002	1	Berri	Berri	August 2013	Berri	2
#32D6BA	11	5412	1	Berri	Berri	September 2013	Berri	2
#32D6BA	12	105	1	Berri	Berri	January 2009	Berri	2
#32D6BA	12	188	1	Berri	Berri	February 2009	Berri	2
#32D6BA	12	132	1	Berri	Berri	March 2009	Berri	2
#32D6BA	12	4742	1	Berri	Berri	May 2009	Berri	2
#32D6BA	12	3576	1	Berri	Berri	June 2009	Berri	2
#32D6BA	12	4393	1	Berri	Berri	July 2009	Berri	2
#32D6BA	12	5538	1	Berri	Berri	August 2009	Berri	2
#32D6BA	12	3985	1	Berri	Berri	September 2009	Berri	2
#32D6BA	12	1171	1	Berri	Berri	October 2009	Berri	2
#32D6BA	12	2224	1	Berri	Berri	November 2009	Berri	2
#32D6BA	12	106	1	Berri	Berri	December 2009	Berri	2
#32D6BA	12	277	1	Berri	Berri	January 2010	Berri	2
#32D6BA	12	314	1	Berri	Berri	February 2010	Berri	2
#32D6BA	12	1053	1	Berri	Berri	March 2010	Berri	2
#32D6BA	12	2687	1	Berri	Berri	April 2010	Berri	2
#32D6BA	12	4596	1	Berri	Berri	May 2010	Berri	2
#32D6BA	12	4226	1	Berri	Berri	June 2010	Berri	2
#32D6BA	12	5261	1	Berri	Berri	July 2010	Berri	2
#32D6BA	12	6082	1	Berri	Berri	August 2010	Berri	2
#32D6BA	12	2061	1	Berri	Berri	September 2010	Berri	2
#32D6BA	12	4075	1	Berri	Berri	October 2010	Berri	2
#32D6BA	12	2460	1	Berri	Berri	November 2010	Berri	2
#32D6BA	12	67	1	Berri	Berri	December 2010	Berri	2
#32D6BA	12	289	1	Berri	Berri	January 2011	Berri	2
#32D6BA	12	63	1	Berri	Berri	February 2011	Berri	2
#32D6BA	12	152	1	Berri	Berri	March 2011	Berri	2
#32D6BA	12	2882	1	Berri	Berri	April 2011	Berri	2
#32D6BA	12	1141	1	Berri	Berri	June 2011	Berri	2
#32D6BA	12	5960	1	Berri	Berri	July 2011	Berri	2
#32D6BA	12	5133	1	Berri	Berri	August 2011	Berri	2
#32D6BA	12	5298	1	Berri	Berri	September 2011	Berri	2
#32D6BA	12	157	1	Berri	Berri	January 2012	Berri	2
#32D6BA	12	78	1	Berri	Berri	February 2012	Berri	2
#32D6BA	12	802	1	Berri	Berri	March 2012	Berri	2
#32D6BA	12	3064	1	Berri	Berri	April 2012	Berri	2
#32D6BA	12	3854	1	Berri	Berri	May 2012	Berri	2
#32D6BA	12	3361	1	Berri	Berri	June 2012	Berri	2
#32D6BA	12	6179	1	Berri	Berri	July 2012	Berri	2
#32D6BA	12	3995	1	Berri	Berri	August 2012	Berri	2
#32D6BA	12	6349	1	Berri	Berri	September 2012	Berri	2
#32D6BA	12	3169	1	Berri	Berri	October 2012	Berri	2
#32D6BA	12	182	1	Berri	Berri	January 2013	Berri	2
#32D6BA	12	342	1	Berri	Berri	February 2013	Berri	2
#32D6BA	12	478	1	Berri	Berri	March 2013	Berri	2
#32D6BA	12	420	1	Berri	Berri	April 2013	Berri	2
#32D6BA	12	1744	1	Berri	Berri	May 2013	Berri	2
#32D6BA	12	5428	1	Berri	Berri	June 2013	Berri	2
#32D6BA	12	6157	1	Berri	Berri	July 2013	Berri	2
#32D6BA	12	5371	1	Berri	Berri	August 2013	Berri	2
#32D6BA	12	2877	1	Berri	Berri	September 2013	Berri	2
#32D6BA	13	168	1	Berri	Berri	January 2009	Berri	2
#32D6BA	13	209	1	Berri	Berri	February 2009	Berri	2
#32D6BA	13	203	1	Berri	Berri	March 2009	Berri	2
#32D6BA	13	5278	1	Berri	Berri	May 2009	Berri	2
#32D6BA	13	4027	1	Berri	Berri	June 2009	Berri	2
#32D6BA	13	3471	1	Berri	Berri	July 2009	Berri	2
#32D6BA	13	5386	1	Berri	Berri	August 2009	Berri	2
#32D6BA	13	2695	1	Berri	Berri	September 2009	Berri	2
#32D6BA	13	1671	1	Berri	Berri	October 2009	Berri	2
#32D6BA	13	2007	1	Berri	Berri	November 2009	Berri	2
#32D6BA	13	130	1	Berri	Berri	December 2009	Berri	2
#32D6BA	13	256	1	Berri	Berri	January 2010	Berri	2
#32D6BA	13	153	1	Berri	Berri	February 2010	Berri	2
#32D6BA	13	859	1	Berri	Berri	March 2010	Berri	2
#32D6BA	13	3407	1	Berri	Berri	April 2010	Berri	2
#32D6BA	13	5069	1	Berri	Berri	May 2010	Berri	2
#32D6BA	13	5052	1	Berri	Berri	June 2010	Berri	2
#32D6BA	13	3535	1	Berri	Berri	July 2010	Berri	2
#32D6BA	13	5506	1	Berri	Berri	August 2010	Berri	2
#32D6BA	13	3926	1	Berri	Berri	September 2010	Berri	2
#32D6BA	13	4068	1	Berri	Berri	October 2010	Berri	2
#32D6BA	13	1594	1	Berri	Berri	November 2010	Berri	2
#32D6BA	13	186	1	Berri	Berri	December 2010	Berri	2
#32D6BA	13	309	1	Berri	Berri	January 2011	Berri	2
#32D6BA	13	51	1	Berri	Berri	February 2011	Berri	2
#32D6BA	13	169	1	Berri	Berri	March 2011	Berri	2
#32D6BA	13	1090	1	Berri	Berri	April 2011	Berri	2
#32D6BA	13	2682	1	Berri	Berri	June 2011	Berri	2
#32D6BA	13	6514	1	Berri	Berri	July 2011	Berri	2
#32D6BA	13	4301	1	Berri	Berri	August 2011	Berri	2
#32D6BA	13	4732	1	Berri	Berri	September 2011	Berri	2
#32D6BA	13	75	1	Berri	Berri	January 2012	Berri	2
#32D6BA	13	211	1	Berri	Berri	February 2012	Berri	2
#32D6BA	13	442	1	Berri	Berri	March 2012	Berri	2
#32D6BA	13	3341	1	Berri	Berri	April 2012	Berri	2
#32D6BA	13	2741	1	Berri	Berri	May 2012	Berri	2
#32D6BA	13	6180	1	Berri	Berri	June 2012	Berri	2
#32D6BA	13	5518	1	Berri	Berri	July 2012	Berri	2
#32D6BA	13	4931	1	Berri	Berri	August 2012	Berri	2
#32D6BA	13	6520	1	Berri	Berri	September 2012	Berri	2
#32D6BA	13	1783	1	Berri	Berri	October 2012	Berri	2
#32D6BA	13	111	1	Berri	Berri	January 2013	Berri	2
#32D6BA	13	363	1	Berri	Berri	February 2013	Berri	2
#32D6BA	13	831	1	Berri	Berri	March 2013	Berri	2
#32D6BA	13	265	1	Berri	Berri	April 2013	Berri	2
#32D6BA	13	2678	1	Berri	Berri	May 2013	Berri	2
#32D6BA	13	6387	1	Berri	Berri	June 2013	Berri	2
#32D6BA	13	4887	1	Berri	Berri	July 2013	Berri	2
#32D6BA	13	3803	1	Berri	Berri	August 2013	Berri	2
#32D6BA	13	3869	1	Berri	Berri	September 2013	Berri	2
#32D6BA	14	145	1	Berri	Berri	January 2009	Berri	2
#32D6BA	14	98	1	Berri	Berri	February 2009	Berri	2
#32D6BA	14	298	1	Berri	Berri	March 2009	Berri	2
#32D6BA	14	2344	1	Berri	Berri	May 2009	Berri	2
#32D6BA	14	4313	1	Berri	Berri	June 2009	Berri	2
#32D6BA	14	3537	1	Berri	Berri	July 2009	Berri	2
#32D6BA	14	4859	1	Berri	Berri	August 2009	Berri	2
#32D6BA	14	4196	1	Berri	Berri	September 2009	Berri	2
#32D6BA	14	2456	1	Berri	Berri	October 2009	Berri	2
#32D6BA	14	493	1	Berri	Berri	November 2009	Berri	2
#32D6BA	14	271	1	Berri	Berri	December 2009	Berri	2
#32D6BA	14	271	1	Berri	Berri	January 2010	Berri	2
#32D6BA	14	131	1	Berri	Berri	February 2010	Berri	2
#32D6BA	14	156	1	Berri	Berri	March 2010	Berri	2
#32D6BA	14	3235	1	Berri	Berri	April 2010	Berri	2
#32D6BA	14	2916	1	Berri	Berri	May 2010	Berri	2
#32D6BA	14	3810	1	Berri	Berri	June 2010	Berri	2
#32D6BA	14	6244	1	Berri	Berri	July 2010	Berri	2
#32D6BA	14	4507	1	Berri	Berri	August 2010	Berri	2
#32D6BA	14	4480	1	Berri	Berri	September 2010	Berri	2
#32D6BA	14	3296	1	Berri	Berri	October 2010	Berri	2
#32D6BA	14	1270	1	Berri	Berri	November 2010	Berri	2
#32D6BA	14	160	1	Berri	Berri	December 2010	Berri	2
#32D6BA	14	236	1	Berri	Berri	January 2011	Berri	2
#32D6BA	14	104	1	Berri	Berri	February 2011	Berri	2
#32D6BA	14	350	1	Berri	Berri	March 2011	Berri	2
#32D6BA	14	2136	1	Berri	Berri	April 2011	Berri	2
#32D6BA	14	6794	1	Berri	Berri	June 2011	Berri	2
#32D6BA	14	6839	1	Berri	Berri	July 2011	Berri	2
#32D6BA	14	3428	1	Berri	Berri	August 2011	Berri	2
#32D6BA	14	6057	1	Berri	Berri	September 2011	Berri	2
#32D6BA	14	32	1	Berri	Berri	January 2012	Berri	2
#32D6BA	14	318	1	Berri	Berri	February 2012	Berri	2
#32D6BA	14	469	1	Berri	Berri	March 2012	Berri	2
#32D6BA	14	2890	1	Berri	Berri	April 2012	Berri	2
#32D6BA	14	6189	1	Berri	Berri	May 2012	Berri	2
#32D6BA	14	6908	1	Berri	Berri	June 2012	Berri	2
#32D6BA	14	4206	1	Berri	Berri	July 2012	Berri	2
#32D6BA	14	5333	1	Berri	Berri	August 2012	Berri	2
#32D6BA	14	5216	1	Berri	Berri	September 2012	Berri	2
#32D6BA	14	587	1	Berri	Berri	October 2012	Berri	2
#32D6BA	14	490	1	Berri	Berri	January 2013	Berri	2
#32D6BA	14	440	1	Berri	Berri	February 2013	Berri	2
#32D6BA	14	523	1	Berri	Berri	March 2013	Berri	2
#32D6BA	14	889	1	Berri	Berri	April 2013	Berri	2
#32D6BA	14	4757	1	Berri	Berri	May 2013	Berri	2
#32D6BA	14	6160	1	Berri	Berri	June 2013	Berri	2
#32D6BA	14	3670	1	Berri	Berri	July 2013	Berri	2
#32D6BA	14	3411	1	Berri	Berri	August 2013	Berri	2
#32D6BA	14	2488	1	Berri	Berri	September 2013	Berri	2
#32D6BA	15	131	1	Berri	Berri	January 2009	Berri	2
#32D6BA	15	139	1	Berri	Berri	February 2009	Berri	2
#32D6BA	15	541	1	Berri	Berri	March 2009	Berri	2
#32D6BA	15	4094	1	Berri	Berri	May 2009	Berri	2
#32D6BA	15	3182	1	Berri	Berri	June 2009	Berri	2
#32D6BA	15	6100	1	Berri	Berri	July 2009	Berri	2
#32D6BA	15	3916	1	Berri	Berri	August 2009	Berri	2
#32D6BA	15	5169	1	Berri	Berri	September 2009	Berri	2
#32D6BA	15	2383	1	Berri	Berri	October 2009	Berri	2
#32D6BA	15	852	1	Berri	Berri	November 2009	Berri	2
#32D6BA	15	308	1	Berri	Berri	December 2009	Berri	2
#32D6BA	15	301	1	Berri	Berri	January 2010	Berri	2
#32D6BA	15	291	1	Berri	Berri	February 2010	Berri	2
#32D6BA	15	1146	1	Berri	Berri	March 2010	Berri	2
#32D6BA	15	2950	1	Berri	Berri	April 2010	Berri	2
#32D6BA	15	1605	1	Berri	Berri	May 2010	Berri	2
#32D6BA	15	7495	1	Berri	Berri	June 2010	Berri	2
#32D6BA	15	6010	1	Berri	Berri	July 2010	Berri	2
#32D6BA	15	2994	1	Berri	Berri	August 2010	Berri	2
#32D6BA	15	4837	1	Berri	Berri	September 2010	Berri	2
#32D6BA	15	789	1	Berri	Berri	October 2010	Berri	2
#32D6BA	15	2192	1	Berri	Berri	November 2010	Berri	2
#32D6BA	15	157	1	Berri	Berri	December 2010	Berri	2
#32D6BA	15	93	1	Berri	Berri	January 2011	Berri	2
#32D6BA	15	165	1	Berri	Berri	February 2011	Berri	2
#32D6BA	15	533	1	Berri	Berri	March 2011	Berri	2
#32D6BA	15	2146	1	Berri	Berri	April 2011	Berri	2
#32D6BA	15	7275	1	Berri	Berri	June 2011	Berri	2
#32D6BA	15	6294	1	Berri	Berri	July 2011	Berri	2
#32D6BA	15	4437	1	Berri	Berri	August 2011	Berri	2
#32D6BA	15	2430	1	Berri	Berri	September 2011	Berri	2
#32D6BA	15	54	1	Berri	Berri	January 2012	Berri	2
#32D6BA	15	307	1	Berri	Berri	February 2012	Berri	2
#32D6BA	15	724	1	Berri	Berri	March 2012	Berri	2
#32D6BA	15	2554	1	Berri	Berri	April 2012	Berri	2
#32D6BA	15	3964	1	Berri	Berri	May 2012	Berri	2
#32D6BA	15	7077	1	Berri	Berri	June 2012	Berri	2
#32D6BA	15	3035	1	Berri	Berri	July 2012	Berri	2
#32D6BA	15	4297	1	Berri	Berri	August 2012	Berri	2
#32D6BA	15	3341	1	Berri	Berri	September 2012	Berri	2
#32D6BA	15	3292	1	Berri	Berri	October 2012	Berri	2
#32D6BA	15	581	1	Berri	Berri	January 2013	Berri	2
#32D6BA	15	301	1	Berri	Berri	February 2013	Berri	2
#32D6BA	15	542	1	Berri	Berri	March 2013	Berri	2
#32D6BA	15	2862	1	Berri	Berri	April 2013	Berri	2
#32D6BA	15	3644	1	Berri	Berri	May 2013	Berri	2
#32D6BA	15	5328	1	Berri	Berri	June 2013	Berri	2
#32D6BA	15	4760	1	Berri	Berri	July 2013	Berri	2
#32D6BA	15	5641	1	Berri	Berri	August 2013	Berri	2
#32D6BA	15	2243	1	Berri	Berri	September 2013	Berri	2
#32D6BA	16	93	1	Berri	Berri	January 2009	Berri	2
#32D6BA	16	258	1	Berri	Berri	February 2009	Berri	2
#32D6BA	16	525	1	Berri	Berri	March 2009	Berri	2
#32D6BA	16	784	1	Berri	Berri	May 2009	Berri	2
#32D6BA	16	5668	1	Berri	Berri	June 2009	Berri	2
#32D6BA	16	3489	1	Berri	Berri	July 2009	Berri	2
#32D6BA	16	3307	1	Berri	Berri	August 2009	Berri	2
#32D6BA	16	4891	1	Berri	Berri	September 2009	Berri	2
#32D6BA	16	2131	1	Berri	Berri	October 2009	Berri	2
#32D6BA	16	1881	1	Berri	Berri	November 2009	Berri	2
#32D6BA	16	296	1	Berri	Berri	December 2009	Berri	2
#32D6BA	16	156	1	Berri	Berri	January 2010	Berri	2
#32D6BA	16	416	1	Berri	Berri	February 2010	Berri	2
#32D6BA	16	1836	1	Berri	Berri	March 2010	Berri	2
#32D6BA	16	723	1	Berri	Berri	April 2010	Berri	2
#32D6BA	16	4726	1	Berri	Berri	May 2010	Berri	2
#32D6BA	16	3447	1	Berri	Berri	June 2010	Berri	2
#32D6BA	16	4215	1	Berri	Berri	July 2010	Berri	2
#32D6BA	16	2920	1	Berri	Berri	August 2010	Berri	2
#32D6BA	16	3073	1	Berri	Berri	September 2010	Berri	2
#32D6BA	16	1459	1	Berri	Berri	October 2010	Berri	2
#32D6BA	16	2693	1	Berri	Berri	November 2010	Berri	2
#32D6BA	16	138	1	Berri	Berri	December 2010	Berri	2
#32D6BA	16	91	1	Berri	Berri	January 2011	Berri	2
#32D6BA	16	245	1	Berri	Berri	February 2011	Berri	2
#32D6BA	16	312	1	Berri	Berri	March 2011	Berri	2
#32D6BA	16	609	1	Berri	Berri	April 2011	Berri	2
#32D6BA	16	7363	1	Berri	Berri	June 2011	Berri	2
#32D6BA	16	4771	1	Berri	Berri	July 2011	Berri	2
#32D6BA	16	5410	1	Berri	Berri	August 2011	Berri	2
#32D6BA	16	4760	1	Berri	Berri	September 2011	Berri	2
#32D6BA	16	168	1	Berri	Berri	January 2012	Berri	2
#32D6BA	16	386	1	Berri	Berri	February 2012	Berri	2
#32D6BA	16	423	1	Berri	Berri	March 2012	Berri	2
#32D6BA	16	3643	1	Berri	Berri	April 2012	Berri	2
#32D6BA	16	4947	1	Berri	Berri	May 2012	Berri	2
#32D6BA	16	5421	1	Berri	Berri	June 2012	Berri	2
#32D6BA	16	4827	1	Berri	Berri	July 2012	Berri	2
#32D6BA	16	6062	1	Berri	Berri	August 2012	Berri	2
#32D6BA	16	3635	1	Berri	Berri	September 2012	Berri	2
#32D6BA	16	3739	1	Berri	Berri	October 2012	Berri	2
#32D6BA	16	553	1	Berri	Berri	January 2013	Berri	2
#32D6BA	16	156	1	Berri	Berri	February 2013	Berri	2
#32D6BA	16	243	1	Berri	Berri	March 2013	Berri	2
#32D6BA	16	1279	1	Berri	Berri	April 2013	Berri	2
#32D6BA	16	4641	1	Berri	Berri	May 2013	Berri	2
#32D6BA	16	1230	1	Berri	Berri	June 2013	Berri	2
#32D6BA	16	5283	1	Berri	Berri	July 2013	Berri	2
#32D6BA	16	4767	1	Berri	Berri	August 2013	Berri	2
#32D6BA	16	4206	1	Berri	Berri	September 2013	Berri	2
#32D6BA	17	25	1	Berri	Berri	January 2009	Berri	2
#32D6BA	17	304	1	Berri	Berri	February 2009	Berri	2
#32D6BA	17	871	1	Berri	Berri	March 2009	Berri	2
#32D6BA	17	1286	1	Berri	Berri	April 2009	Berri	2
#32D6BA	17	1048	1	Berri	Berri	May 2009	Berri	2
#32D6BA	17	6320	1	Berri	Berri	June 2009	Berri	2
#32D6BA	17	4859	1	Berri	Berri	July 2009	Berri	2
#32D6BA	17	4403	1	Berri	Berri	August 2009	Berri	2
#32D6BA	17	4915	1	Berri	Berri	September 2009	Berri	2
#32D6BA	17	1130	1	Berri	Berri	October 2009	Berri	2
#32D6BA	17	2052	1	Berri	Berri	November 2009	Berri	2
#32D6BA	17	239	1	Berri	Berri	December 2009	Berri	2
#32D6BA	17	133	1	Berri	Berri	January 2010	Berri	2
#32D6BA	17	415	1	Berri	Berri	February 2010	Berri	2
#32D6BA	17	1735	1	Berri	Berri	March 2010	Berri	2
#32D6BA	17	723	1	Berri	Berri	April 2010	Berri	2
#32D6BA	17	5936	1	Berri	Berri	May 2010	Berri	2
#32D6BA	17	5242	1	Berri	Berri	June 2010	Berri	2
#32D6BA	17	2901	1	Berri	Berri	July 2010	Berri	2
#32D6BA	17	5967	1	Berri	Berri	August 2010	Berri	2
#32D6BA	17	4985	1	Berri	Berri	September 2010	Berri	2
#32D6BA	17	1619	1	Berri	Berri	October 2010	Berri	2
#32D6BA	17	941	1	Berri	Berri	November 2010	Berri	2
#32D6BA	17	125	1	Berri	Berri	December 2010	Berri	2
#32D6BA	17	178	1	Berri	Berri	January 2011	Berri	2
#32D6BA	17	274	1	Berri	Berri	February 2011	Berri	2
#32D6BA	17	612	1	Berri	Berri	March 2011	Berri	2
#32D6BA	17	658	1	Berri	Berri	April 2011	Berri	2
#32D6BA	17	7399	1	Berri	Berri	June 2011	Berri	2
#32D6BA	17	3636	1	Berri	Berri	July 2011	Berri	2
#32D6BA	17	6093	1	Berri	Berri	August 2011	Berri	2
#32D6BA	17	3563	1	Berri	Berri	September 2011	Berri	2
#32D6BA	17	155	1	Berri	Berri	January 2012	Berri	2
#32D6BA	17	332	1	Berri	Berri	February 2012	Berri	2
#32D6BA	17	681	1	Berri	Berri	March 2012	Berri	2
#32D6BA	17	3539	1	Berri	Berri	April 2012	Berri	2
#32D6BA	17	5351	1	Berri	Berri	May 2012	Berri	2
#32D6BA	17	4638	1	Berri	Berri	June 2012	Berri	2
#32D6BA	17	2756	1	Berri	Berri	July 2012	Berri	2
#32D6BA	17	4236	1	Berri	Berri	August 2012	Berri	2
#32D6BA	17	5299	1	Berri	Berri	September 2012	Berri	2
#32D6BA	17	4098	1	Berri	Berri	October 2012	Berri	2
#32D6BA	17	326	1	Berri	Berri	January 2013	Berri	2
#32D6BA	17	118	1	Berri	Berri	February 2013	Berri	2
#32D6BA	17	232	1	Berri	Berri	March 2013	Berri	2
#32D6BA	17	3486	1	Berri	Berri	April 2013	Berri	2
#32D6BA	17	5089	1	Berri	Berri	May 2013	Berri	2
#32D6BA	17	4230	1	Berri	Berri	June 2013	Berri	2
#32D6BA	17	4296	1	Berri	Berri	July 2013	Berri	2
#32D6BA	17	4654	1	Berri	Berri	August 2013	Berri	2
#32D6BA	17	5506	1	Berri	Berri	September 2013	Berri	2
#32D6BA	18	52	1	Berri	Berri	January 2009	Berri	2
#32D6BA	18	326	1	Berri	Berri	February 2009	Berri	2
#32D6BA	18	592	1	Berri	Berri	March 2009	Berri	2
#32D6BA	18	1178	1	Berri	Berri	April 2009	Berri	2
#32D6BA	18	2442	1	Berri	Berri	May 2009	Berri	2
#32D6BA	18	2397	1	Berri	Berri	June 2009	Berri	2
#32D6BA	18	2991	1	Berri	Berri	July 2009	Berri	2
#32D6BA	18	4382	1	Berri	Berri	August 2009	Berri	2
#32D6BA	18	2435	1	Berri	Berri	September 2009	Berri	2
#32D6BA	18	1241	1	Berri	Berri	October 2009	Berri	2
#32D6BA	18	1921	1	Berri	Berri	November 2009	Berri	2
#32D6BA	18	214	1	Berri	Berri	December 2009	Berri	2
#32D6BA	18	277	1	Berri	Berri	January 2010	Berri	2
#32D6BA	18	345	1	Berri	Berri	February 2010	Berri	2
#32D6BA	18	1658	1	Berri	Berri	March 2010	Berri	2
#32D6BA	18	573	1	Berri	Berri	April 2010	Berri	2
#32D6BA	18	6322	1	Berri	Berri	May 2010	Berri	2
#32D6BA	18	7288	1	Berri	Berri	June 2010	Berri	2
#32D6BA	18	4262	1	Berri	Berri	July 2010	Berri	2
#32D6BA	18	5631	1	Berri	Berri	August 2010	Berri	2
#32D6BA	18	4812	1	Berri	Berri	September 2010	Berri	2
#32D6BA	18	3398	1	Berri	Berri	October 2010	Berri	2
#32D6BA	18	2138	1	Berri	Berri	November 2010	Berri	2
#32D6BA	18	90	1	Berri	Berri	December 2010	Berri	2
#32D6BA	18	310	1	Berri	Berri	January 2011	Berri	2
#32D6BA	18	305	1	Berri	Berri	February 2011	Berri	2
#32D6BA	18	559	1	Berri	Berri	March 2011	Berri	2
#32D6BA	18	1747	1	Berri	Berri	April 2011	Berri	2
#32D6BA	18	5839	1	Berri	Berri	June 2011	Berri	2
#32D6BA	18	4456	1	Berri	Berri	July 2011	Berri	2
#32D6BA	18	4787	1	Berri	Berri	August 2011	Berri	2
#32D6BA	18	4179	1	Berri	Berri	September 2011	Berri	2
#32D6BA	18	139	1	Berri	Berri	January 2012	Berri	2
#32D6BA	18	220	1	Berri	Berri	February 2012	Berri	2
#32D6BA	18	1940	1	Berri	Berri	March 2012	Berri	2
#32D6BA	18	3570	1	Berri	Berri	April 2012	Berri	2
#32D6BA	18	5980	1	Berri	Berri	May 2012	Berri	2
#32D6BA	18	5921	1	Berri	Berri	June 2012	Berri	2
#32D6BA	18	6180	1	Berri	Berri	July 2012	Berri	2
#32D6BA	18	4427	1	Berri	Berri	August 2012	Berri	2
#32D6BA	18	2530	1	Berri	Berri	September 2012	Berri	2
#32D6BA	18	4671	1	Berri	Berri	October 2012	Berri	2
#32D6BA	18	281	1	Berri	Berri	January 2013	Berri	2
#32D6BA	18	265	1	Berri	Berri	February 2013	Berri	2
#32D6BA	18	511	1	Berri	Berri	March 2013	Berri	2
#32D6BA	18	2251	1	Berri	Berri	April 2013	Berri	2
#32D6BA	18	4167	1	Berri	Berri	May 2013	Berri	2
#32D6BA	18	6405	1	Berri	Berri	June 2013	Berri	2
#32D6BA	18	5021	1	Berri	Berri	July 2013	Berri	2
#32D6BA	18	4695	1	Berri	Berri	August 2013	Berri	2
#32D6BA	18	1564	1	Berri	Berri	September 2013	Berri	2
#32D6BA	19	136	1	Berri	Berri	January 2009	Berri	2
#32D6BA	19	134	1	Berri	Berri	February 2009	Berri	2
#32D6BA	19	455	1	Berri	Berri	March 2009	Berri	2
#32D6BA	19	2131	1	Berri	Berri	April 2009	Berri	2
#32D6BA	19	3686	1	Berri	Berri	May 2009	Berri	2
#32D6BA	19	2857	1	Berri	Berri	June 2009	Berri	2
#32D6BA	19	3588	1	Berri	Berri	July 2009	Berri	2
#32D6BA	19	5327	1	Berri	Berri	August 2009	Berri	2
#32D6BA	19	2674	1	Berri	Berri	September 2009	Berri	2
#32D6BA	19	2570	1	Berri	Berri	October 2009	Berri	2
#32D6BA	19	1935	1	Berri	Berri	November 2009	Berri	2
#32D6BA	19	133	1	Berri	Berri	December 2009	Berri	2
#32D6BA	19	350	1	Berri	Berri	January 2010	Berri	2
#32D6BA	19	237	1	Berri	Berri	February 2010	Berri	2
#32D6BA	19	1749	1	Berri	Berri	March 2010	Berri	2
#32D6BA	19	3115	1	Berri	Berri	April 2010	Berri	2
#32D6BA	19	5770	1	Berri	Berri	May 2010	Berri	2
#32D6BA	19	4178	1	Berri	Berri	June 2010	Berri	2
#32D6BA	19	2352	1	Berri	Berri	July 2010	Berri	2
#32D6BA	19	5488	1	Berri	Berri	August 2010	Berri	2
#32D6BA	19	4991	1	Berri	Berri	September 2010	Berri	2
#32D6BA	19	3783	1	Berri	Berri	October 2010	Berri	2
#32D6BA	19	1803	1	Berri	Berri	November 2010	Berri	2
#32D6BA	19	95	1	Berri	Berri	December 2010	Berri	2
#32D6BA	19	269	1	Berri	Berri	January 2011	Berri	2
#32D6BA	19	131	1	Berri	Berri	February 2011	Berri	2
#32D6BA	19	418	1	Berri	Berri	March 2011	Berri	2
#32D6BA	19	1113	1	Berri	Berri	April 2011	Berri	2
#32D6BA	19	4655	1	Berri	Berri	June 2011	Berri	2
#32D6BA	19	6685	1	Berri	Berri	July 2011	Berri	2
#32D6BA	19	5624	1	Berri	Berri	August 2011	Berri	2
#32D6BA	19	5435	1	Berri	Berri	September 2011	Berri	2
#32D6BA	19	191	1	Berri	Berri	January 2012	Berri	2
#32D6BA	19	169	1	Berri	Berri	February 2012	Berri	2
#32D6BA	19	1821	1	Berri	Berri	March 2012	Berri	2
#32D6BA	19	4231	1	Berri	Berri	April 2012	Berri	2
#32D6BA	19	4732	1	Berri	Berri	May 2012	Berri	2
#32D6BA	19	5382	1	Berri	Berri	June 2012	Berri	2
#32D6BA	19	6309	1	Berri	Berri	July 2012	Berri	2
#32D6BA	19	4644	1	Berri	Berri	August 2012	Berri	2
#32D6BA	19	4653	1	Berri	Berri	September 2012	Berri	2
#32D6BA	19	1313	1	Berri	Berri	October 2012	Berri	2
#32D6BA	19	49	1	Berri	Berri	January 2013	Berri	2
#32D6BA	19	403	1	Berri	Berri	February 2013	Berri	2
#32D6BA	19	107	1	Berri	Berri	March 2013	Berri	2
#32D6BA	19	3109	1	Berri	Berri	April 2013	Berri	2
#32D6BA	19	2771	1	Berri	Berri	May 2013	Berri	2
#32D6BA	19	6608	1	Berri	Berri	June 2013	Berri	2
#32D6BA	19	2758	1	Berri	Berri	July 2013	Berri	2
#32D6BA	19	5375	1	Berri	Berri	August 2013	Berri	2
#32D6BA	20	147	1	Berri	Berri	January 2009	Berri	2
#32D6BA	20	125	1	Berri	Berri	February 2009	Berri	2
#32D6BA	20	446	1	Berri	Berri	March 2009	Berri	2
#32D6BA	20	2709	1	Berri	Berri	April 2009	Berri	2
#32D6BA	20	3042	1	Berri	Berri	May 2009	Berri	2
#32D6BA	20	2590	1	Berri	Berri	June 2009	Berri	2
#32D6BA	20	5607	1	Berri	Berri	July 2009	Berri	2
#32D6BA	20	3796	1	Berri	Berri	August 2009	Berri	2
#32D6BA	20	2855	1	Berri	Berri	September 2009	Berri	2
#32D6BA	20	2605	1	Berri	Berri	October 2009	Berri	2
#32D6BA	20	1065	1	Berri	Berri	November 2009	Berri	2
#32D6BA	20	135	1	Berri	Berri	December 2009	Berri	2
#32D6BA	20	272	1	Berri	Berri	January 2010	Berri	2
#32D6BA	20	124	1	Berri	Berri	February 2010	Berri	2
#32D6BA	20	747	1	Berri	Berri	March 2010	Berri	2
#32D6BA	20	3671	1	Berri	Berri	April 2010	Berri	2
#32D6BA	20	5356	1	Berri	Berri	May 2010	Berri	2
#32D6BA	20	3350	1	Berri	Berri	June 2010	Berri	2
#32D6BA	20	6703	1	Berri	Berri	July 2010	Berri	2
#32D6BA	20	5352	1	Berri	Berri	August 2010	Berri	2
#32D6BA	20	4939	1	Berri	Berri	September 2010	Berri	2
#32D6BA	20	3598	1	Berri	Berri	October 2010	Berri	2
#32D6BA	20	896	1	Berri	Berri	November 2010	Berri	2
#32D6BA	20	198	1	Berri	Berri	December 2010	Berri	2
#32D6BA	20	296	1	Berri	Berri	January 2011	Berri	2
#32D6BA	20	103	1	Berri	Berri	February 2011	Berri	2
#32D6BA	20	499	1	Berri	Berri	March 2011	Berri	2
#32D6BA	20	6489	1	Berri	Berri	June 2011	Berri	2
#32D6BA	20	6269	1	Berri	Berri	July 2011	Berri	2
#32D6BA	20	4044	1	Berri	Berri	August 2011	Berri	2
#32D6BA	20	3735	1	Berri	Berri	September 2011	Berri	2
#32D6BA	20	161	1	Berri	Berri	January 2012	Berri	2
#32D6BA	20	303	1	Berri	Berri	February 2012	Berri	2
#32D6BA	20	2481	1	Berri	Berri	March 2012	Berri	2
#32D6BA	20	2087	1	Berri	Berri	April 2012	Berri	2
#32D6BA	20	5255	1	Berri	Berri	May 2012	Berri	2
#32D6BA	20	5713	1	Berri	Berri	June 2012	Berri	2
#32D6BA	20	5813	1	Berri	Berri	July 2012	Berri	2
#32D6BA	20	5335	1	Berri	Berri	August 2012	Berri	2
#32D6BA	20	5260	1	Berri	Berri	September 2012	Berri	2
#32D6BA	20	2011	1	Berri	Berri	October 2012	Berri	2
#32D6BA	20	50	1	Berri	Berri	January 2013	Berri	2
#32D6BA	20	162	1	Berri	Berri	February 2013	Berri	2
#32D6BA	20	217	1	Berri	Berri	March 2013	Berri	2
#32D6BA	20	987	1	Berri	Berri	April 2013	Berri	2
#32D6BA	20	2845	1	Berri	Berri	May 2013	Berri	2
#32D6BA	20	6525	1	Berri	Berri	June 2013	Berri	2
#32D6BA	20	3598	1	Berri	Berri	July 2013	Berri	2
#32D6BA	20	6127	1	Berri	Berri	August 2013	Berri	2
#32D6BA	21	109	1	Berri	Berri	January 2009	Berri	2
#32D6BA	21	96	1	Berri	Berri	February 2009	Berri	2
#32D6BA	21	441	1	Berri	Berri	March 2009	Berri	2
#32D6BA	21	752	1	Berri	Berri	April 2009	Berri	2
#32D6BA	21	5728	1	Berri	Berri	May 2009	Berri	2
#32D6BA	21	3234	1	Berri	Berri	June 2009	Berri	2
#32D6BA	21	5754	1	Berri	Berri	July 2009	Berri	2
#32D6BA	21	2832	1	Berri	Berri	August 2009	Berri	2
#32D6BA	21	4787	1	Berri	Berri	September 2009	Berri	2
#32D6BA	21	2904	1	Berri	Berri	October 2009	Berri	2
#32D6BA	21	1173	1	Berri	Berri	November 2009	Berri	2
#32D6BA	21	239	1	Berri	Berri	December 2009	Berri	2
#32D6BA	21	318	1	Berri	Berri	January 2010	Berri	2
#32D6BA	21	163	1	Berri	Berri	February 2010	Berri	2
#32D6BA	21	495	1	Berri	Berri	March 2010	Berri	2
#32D6BA	21	3963	1	Berri	Berri	April 2010	Berri	2
#32D6BA	21	5748	1	Berri	Berri	May 2010	Berri	2
#32D6BA	21	6526	1	Berri	Berri	June 2010	Berri	2
#32D6BA	21	5126	1	Berri	Berri	July 2010	Berri	2
#32D6BA	21	1925	1	Berri	Berri	August 2010	Berri	2
#32D6BA	21	4518	1	Berri	Berri	September 2010	Berri	2
#32D6BA	21	1484	1	Berri	Berri	October 2010	Berri	2
#32D6BA	21	687	1	Berri	Berri	November 2010	Berri	2
#32D6BA	21	259	1	Berri	Berri	December 2010	Berri	2
#32D6BA	21	182	1	Berri	Berri	January 2011	Berri	2
#32D6BA	21	208	1	Berri	Berri	February 2011	Berri	2
#32D6BA	21	255	1	Berri	Berri	March 2011	Berri	2
#32D6BA	21	7173	1	Berri	Berri	June 2011	Berri	2
#32D6BA	21	4467	1	Berri	Berri	July 2011	Berri	2
#32D6BA	21	1201	1	Berri	Berri	August 2011	Berri	2
#32D6BA	21	6215	1	Berri	Berri	September 2011	Berri	2
#32D6BA	21	53	1	Berri	Berri	January 2012	Berri	2
#32D6BA	21	441	1	Berri	Berri	February 2012	Berri	2
#32D6BA	21	2829	1	Berri	Berri	March 2012	Berri	2
#32D6BA	21	533	1	Berri	Berri	April 2012	Berri	2
#32D6BA	21	5129	1	Berri	Berri	May 2012	Berri	2
#32D6BA	21	5183	1	Berri	Berri	June 2012	Berri	2
#32D6BA	21	5092	1	Berri	Berri	July 2012	Berri	2
#32D6BA	21	5792	1	Berri	Berri	August 2012	Berri	2
#32D6BA	21	4022	1	Berri	Berri	September 2012	Berri	2
#32D6BA	21	1277	1	Berri	Berri	October 2012	Berri	2
#32D6BA	21	143	1	Berri	Berri	January 2013	Berri	2
#32D6BA	21	160	1	Berri	Berri	February 2013	Berri	2
#32D6BA	21	392	1	Berri	Berri	March 2013	Berri	2
#32D6BA	21	1847	1	Berri	Berri	April 2013	Berri	2
#32D6BA	21	3177	1	Berri	Berri	May 2013	Berri	2
#32D6BA	21	6517	1	Berri	Berri	June 2013	Berri	2
#32D6BA	21	4978	1	Berri	Berri	July 2013	Berri	2
#32D6BA	21	6075	1	Berri	Berri	August 2013	Berri	2
#32D6BA	22	172	1	Berri	Berri	January 2009	Berri	2
#32D6BA	22	65	1	Berri	Berri	February 2009	Berri	2
#32D6BA	22	266	1	Berri	Berri	March 2009	Berri	2
#32D6BA	22	1886	1	Berri	Berri	April 2009	Berri	2
#32D6BA	22	3815	1	Berri	Berri	May 2009	Berri	2
#32D6BA	22	5138	1	Berri	Berri	June 2009	Berri	2
#32D6BA	22	3440	1	Berri	Berri	July 2009	Berri	2
#32D6BA	22	3492	1	Berri	Berri	August 2009	Berri	2
#32D6BA	22	2620	1	Berri	Berri	September 2009	Berri	2
#32D6BA	22	1322	1	Berri	Berri	October 2009	Berri	2
#32D6BA	22	743	1	Berri	Berri	November 2009	Berri	2
#32D6BA	22	207	1	Berri	Berri	December 2009	Berri	2
#32D6BA	22	323	1	Berri	Berri	January 2010	Berri	2
#32D6BA	22	329	1	Berri	Berri	February 2010	Berri	2
#32D6BA	22	1032	1	Berri	Berri	March 2010	Berri	2
#32D6BA	22	3158	1	Berri	Berri	April 2010	Berri	2
#32D6BA	22	3169	1	Berri	Berri	May 2010	Berri	2
#32D6BA	22	6821	1	Berri	Berri	June 2010	Berri	2
#32D6BA	22	6475	1	Berri	Berri	July 2010	Berri	2
#32D6BA	22	848	1	Berri	Berri	August 2010	Berri	2
#32D6BA	22	3924	1	Berri	Berri	September 2010	Berri	2
#32D6BA	22	2694	1	Berri	Berri	October 2010	Berri	2
#32D6BA	22	965	1	Berri	Berri	November 2010	Berri	2
#32D6BA	22	200	1	Berri	Berri	December 2010	Berri	2
#32D6BA	22	64	1	Berri	Berri	January 2011	Berri	2
#32D6BA	22	299	1	Berri	Berri	February 2011	Berri	2
#32D6BA	22	388	1	Berri	Berri	March 2011	Berri	2
#32D6BA	22	6581	1	Berri	Berri	June 2011	Berri	2
#32D6BA	22	5234	1	Berri	Berri	July 2011	Berri	2
#32D6BA	22	4378	1	Berri	Berri	August 2011	Berri	2
#32D6BA	22	5145	1	Berri	Berri	September 2011	Berri	2
#32D6BA	22	71	1	Berri	Berri	January 2012	Berri	2
#32D6BA	22	375	1	Berri	Berri	February 2012	Berri	2
#32D6BA	22	2195	1	Berri	Berri	March 2012	Berri	2
#32D6BA	22	1853	1	Berri	Berri	April 2012	Berri	2
#32D6BA	22	2315	1	Berri	Berri	May 2012	Berri	2
#32D6BA	22	5398	1	Berri	Berri	June 2012	Berri	2
#32D6BA	22	4971	1	Berri	Berri	July 2012	Berri	2
#32D6BA	22	6529	1	Berri	Berri	August 2012	Berri	2
#32D6BA	22	1521	1	Berri	Berri	September 2012	Berri	2
#32D6BA	22	3650	1	Berri	Berri	October 2012	Berri	2
#32D6BA	22	154	1	Berri	Berri	January 2013	Berri	2
#32D6BA	22	259	1	Berri	Berri	February 2013	Berri	2
#32D6BA	22	398	1	Berri	Berri	March 2013	Berri	2
#32D6BA	22	3328	1	Berri	Berri	April 2013	Berri	2
#32D6BA	22	4662	1	Berri	Berri	May 2013	Berri	2
#32D6BA	22	1350	1	Berri	Berri	June 2013	Berri	2
#32D6BA	22	5562	1	Berri	Berri	July 2013	Berri	2
#32D6BA	22	2699	1	Berri	Berri	August 2013	Berri	2
#32D6BA	23	148	1	Berri	Berri	January 2009	Berri	2
#32D6BA	23	123	1	Berri	Berri	February 2009	Berri	2
#32D6BA	23	189	1	Berri	Berri	March 2009	Berri	2
#32D6BA	23	2069	1	Berri	Berri	April 2009	Berri	2
#32D6BA	23	3540	1	Berri	Berri	May 2009	Berri	2
#32D6BA	23	5799	1	Berri	Berri	June 2009	Berri	2
#32D6BA	23	5124	1	Berri	Berri	July 2009	Berri	2
#32D6BA	23	2888	1	Berri	Berri	August 2009	Berri	2
#32D6BA	23	2878	1	Berri	Berri	September 2009	Berri	2
#32D6BA	23	1792	1	Berri	Berri	October 2009	Berri	2
#32D6BA	23	1579	1	Berri	Berri	November 2009	Berri	2
#32D6BA	23	158	1	Berri	Berri	December 2009	Berri	2
#32D6BA	23	165	1	Berri	Berri	January 2010	Berri	2
#32D6BA	23	251	1	Berri	Berri	February 2010	Berri	2
#32D6BA	23	370	1	Berri	Berri	March 2010	Berri	2
#32D6BA	23	3597	1	Berri	Berri	April 2010	Berri	2
#32D6BA	23	4821	1	Berri	Berri	May 2010	Berri	2
#32D6BA	23	5052	1	Berri	Berri	June 2010	Berri	2
#32D6BA	23	5218	1	Berri	Berri	July 2010	Berri	2
#32D6BA	23	4152	1	Berri	Berri	August 2010	Berri	2
#32D6BA	23	4438	1	Berri	Berri	September 2010	Berri	2
#32D6BA	23	1794	1	Berri	Berri	October 2010	Berri	2
#32D6BA	23	1179	1	Berri	Berri	November 2010	Berri	2
#32D6BA	23	164	1	Berri	Berri	December 2010	Berri	2
#32D6BA	23	63	1	Berri	Berri	January 2011	Berri	2
#32D6BA	23	336	1	Berri	Berri	February 2011	Berri	2
#32D6BA	23	544	1	Berri	Berri	March 2011	Berri	2
#32D6BA	23	2865	1	Berri	Berri	June 2011	Berri	2
#32D6BA	23	4225	1	Berri	Berri	July 2011	Berri	2
#32D6BA	23	6042	1	Berri	Berri	August 2011	Berri	2
#32D6BA	23	5497	1	Berri	Berri	September 2011	Berri	2
#32D6BA	23	210	1	Berri	Berri	January 2012	Berri	2
#32D6BA	23	397	1	Berri	Berri	February 2012	Berri	2
#32D6BA	23	2115	1	Berri	Berri	March 2012	Berri	2
#32D6BA	23	623	1	Berri	Berri	April 2012	Berri	2
#32D6BA	23	5974	1	Berri	Berri	May 2012	Berri	2
#32D6BA	23	3753	1	Berri	Berri	June 2012	Berri	2
#32D6BA	23	3877	1	Berri	Berri	July 2012	Berri	2
#32D6BA	23	5437	1	Berri	Berri	August 2012	Berri	2
#32D6BA	23	2314	1	Berri	Berri	September 2012	Berri	2
#32D6BA	23	4177	1	Berri	Berri	October 2012	Berri	2
#32D6BA	23	111	1	Berri	Berri	January 2013	Berri	2
#32D6BA	23	110	1	Berri	Berri	February 2013	Berri	2
#32D6BA	23	209	1	Berri	Berri	March 2013	Berri	2
#32D6BA	23	3722	1	Berri	Berri	April 2013	Berri	2
#32D6BA	23	3386	1	Berri	Berri	May 2013	Berri	2
#32D6BA	23	2870	1	Berri	Berri	June 2013	Berri	2
#32D6BA	23	3630	1	Berri	Berri	July 2013	Berri	2
#32D6BA	23	5162	1	Berri	Berri	August 2013	Berri	2
#32D6BA	24	15	1	Berri	Berri	January 2009	Berri	2
#32D6BA	24	129	1	Berri	Berri	February 2009	Berri	2
#32D6BA	24	343	1	Berri	Berri	March 2009	Berri	2
#32D6BA	24	3132	1	Berri	Berri	April 2009	Berri	2
#32D6BA	24	4775	1	Berri	Berri	May 2009	Berri	2
#32D6BA	24	4911	1	Berri	Berri	June 2009	Berri	2
#32D6BA	24	4054	1	Berri	Berri	July 2009	Berri	2
#32D6BA	24	4120	1	Berri	Berri	August 2009	Berri	2
#32D6BA	24	4820	1	Berri	Berri	September 2009	Berri	2
#32D6BA	24	542	1	Berri	Berri	October 2009	Berri	2
#32D6BA	24	1886	1	Berri	Berri	November 2009	Berri	2
#32D6BA	24	74	1	Berri	Berri	December 2009	Berri	2
#32D6BA	24	146	1	Berri	Berri	January 2010	Berri	2
#32D6BA	24	191	1	Berri	Berri	February 2010	Berri	2
#32D6BA	24	1004	1	Berri	Berri	March 2010	Berri	2
#32D6BA	24	3490	1	Berri	Berri	April 2010	Berri	2
#32D6BA	24	4364	1	Berri	Berri	May 2010	Berri	2
#32D6BA	24	2420	1	Berri	Berri	June 2010	Berri	2
#32D6BA	24	4239	1	Berri	Berri	July 2010	Berri	2
#32D6BA	24	6578	1	Berri	Berri	August 2010	Berri	2
#32D6BA	24	2515	1	Berri	Berri	September 2010	Berri	2
#32D6BA	24	948	1	Berri	Berri	October 2010	Berri	2
#32D6BA	24	1580	1	Berri	Berri	November 2010	Berri	2
#32D6BA	24	83	1	Berri	Berri	December 2010	Berri	2
#32D6BA	24	133	1	Berri	Berri	January 2011	Berri	2
#32D6BA	24	368	1	Berri	Berri	February 2011	Berri	2
#32D6BA	24	401	1	Berri	Berri	March 2011	Berri	2
#32D6BA	24	886	1	Berri	Berri	June 2011	Berri	2
#32D6BA	24	4681	1	Berri	Berri	July 2011	Berri	2
#32D6BA	24	5525	1	Berri	Berri	August 2011	Berri	2
#32D6BA	24	3186	1	Berri	Berri	September 2011	Berri	2
#32D6BA	24	299	1	Berri	Berri	January 2012	Berri	2
#32D6BA	24	243	1	Berri	Berri	February 2012	Berri	2
#32D6BA	24	753	1	Berri	Berri	March 2012	Berri	2
#32D6BA	24	1810	1	Berri	Berri	April 2012	Berri	2
#32D6BA	24	6485	1	Berri	Berri	May 2012	Berri	2
#32D6BA	24	3341	1	Berri	Berri	June 2012	Berri	2
#32D6BA	24	5243	1	Berri	Berri	July 2012	Berri	2
#32D6BA	24	5690	1	Berri	Berri	August 2012	Berri	2
#32D6BA	24	4553	1	Berri	Berri	September 2012	Berri	2
#32D6BA	24	3744	1	Berri	Berri	October 2012	Berri	2
#32D6BA	24	128	1	Berri	Berri	January 2013	Berri	2
#32D6BA	24	75	1	Berri	Berri	February 2013	Berri	2
#32D6BA	24	299	1	Berri	Berri	March 2013	Berri	2
#32D6BA	24	3782	1	Berri	Berri	April 2013	Berri	2
#32D6BA	24	2207	1	Berri	Berri	May 2013	Berri	2
#32D6BA	24	3158	1	Berri	Berri	June 2013	Berri	2
#32D6BA	24	4888	1	Berri	Berri	July 2013	Berri	2
#32D6BA	24	4219	1	Berri	Berri	August 2013	Berri	2
#32D6BA	25	35	1	Berri	Berri	January 2009	Berri	2
#32D6BA	25	154	1	Berri	Berri	February 2009	Berri	2
#32D6BA	25	292	1	Berri	Berri	March 2009	Berri	2
#32D6BA	25	3668	1	Berri	Berri	April 2009	Berri	2
#32D6BA	25	4434	1	Berri	Berri	May 2009	Berri	2
#32D6BA	25	4333	1	Berri	Berri	June 2009	Berri	2
#32D6BA	25	4372	1	Berri	Berri	July 2009	Berri	2
#32D6BA	25	5450	1	Berri	Berri	August 2009	Berri	2
#32D6BA	25	3774	1	Berri	Berri	September 2009	Berri	2
#32D6BA	25	1129	1	Berri	Berri	October 2009	Berri	2
#32D6BA	25	1574	1	Berri	Berri	November 2009	Berri	2
#32D6BA	25	34	1	Berri	Berri	December 2009	Berri	2
#32D6BA	25	183	1	Berri	Berri	January 2010	Berri	2
#32D6BA	25	186	1	Berri	Berri	February 2010	Berri	2
#32D6BA	25	1535	1	Berri	Berri	March 2010	Berri	2
#32D6BA	25	3092	1	Berri	Berri	April 2010	Berri	2
#32D6BA	25	6430	1	Berri	Berri	May 2010	Berri	2
#32D6BA	25	5442	1	Berri	Berri	June 2010	Berri	2
#32D6BA	25	4337	1	Berri	Berri	July 2010	Berri	2
#32D6BA	25	5251	1	Berri	Berri	August 2010	Berri	2
#32D6BA	25	2448	1	Berri	Berri	September 2010	Berri	2
#32D6BA	25	1214	1	Berri	Berri	October 2010	Berri	2
#32D6BA	25	1392	1	Berri	Berri	November 2010	Berri	2
#32D6BA	25	29	1	Berri	Berri	December 2010	Berri	2
#32D6BA	25	173	1	Berri	Berri	January 2011	Berri	2
#32D6BA	25	239	1	Berri	Berri	February 2011	Berri	2
#32D6BA	25	535	1	Berri	Berri	March 2011	Berri	2
#32D6BA	25	1755	1	Berri	Berri	June 2011	Berri	2
#32D6BA	25	4293	1	Berri	Berri	July 2011	Berri	2
#32D6BA	25	3521	1	Berri	Berri	August 2011	Berri	2
#32D6BA	25	3458	1	Berri	Berri	September 2011	Berri	2
#32D6BA	25	334	1	Berri	Berri	January 2012	Berri	2
#32D6BA	25	62	1	Berri	Berri	February 2012	Berri	2
#32D6BA	25	520	1	Berri	Berri	March 2012	Berri	2
#32D6BA	25	2966	1	Berri	Berri	April 2012	Berri	2
#32D6BA	25	5697	1	Berri	Berri	May 2012	Berri	2
#32D6BA	25	2245	1	Berri	Berri	June 2012	Berri	2
#32D6BA	25	6104	1	Berri	Berri	July 2012	Berri	2
#32D6BA	25	4242	1	Berri	Berri	August 2012	Berri	2
#32D6BA	25	5038	1	Berri	Berri	September 2012	Berri	2
#32D6BA	25	3735	1	Berri	Berri	October 2012	Berri	2
#32D6BA	25	139	1	Berri	Berri	January 2013	Berri	2
#32D6BA	25	284	1	Berri	Berri	February 2013	Berri	2
#32D6BA	25	675	1	Berri	Berri	March 2013	Berri	2
#32D6BA	25	3002	1	Berri	Berri	April 2013	Berri	2
#32D6BA	25	792	1	Berri	Berri	May 2013	Berri	2
#32D6BA	25	4319	1	Berri	Berri	June 2013	Berri	2
#32D6BA	25	5913	1	Berri	Berri	July 2013	Berri	2
#32D6BA	25	3918	1	Berri	Berri	August 2013	Berri	2
#32D6BA	26	93	1	Berri	Berri	January 2009	Berri	2
#32D6BA	26	239	1	Berri	Berri	February 2009	Berri	2
#32D6BA	26	355	1	Berri	Berri	March 2009	Berri	2
#32D6BA	26	1368	1	Berri	Berri	April 2009	Berri	2
#32D6BA	26	4363	1	Berri	Berri	May 2009	Berri	2
#32D6BA	26	3680	1	Berri	Berri	June 2009	Berri	2
#32D6BA	26	1801	1	Berri	Berri	July 2009	Berri	2
#32D6BA	26	4722	1	Berri	Berri	August 2009	Berri	2
#32D6BA	26	2603	1	Berri	Berri	September 2009	Berri	2
#32D6BA	26	2119	1	Berri	Berri	October 2009	Berri	2
#32D6BA	26	1726	1	Berri	Berri	November 2009	Berri	2
#32D6BA	26	40	1	Berri	Berri	December 2009	Berri	2
#32D6BA	26	303	1	Berri	Berri	January 2010	Berri	2
#32D6BA	26	214	1	Berri	Berri	February 2010	Berri	2
#32D6BA	26	846	1	Berri	Berri	March 2010	Berri	2
#32D6BA	26	3921	1	Berri	Berri	April 2010	Berri	2
#32D6BA	26	5673	1	Berri	Berri	May 2010	Berri	2
#32D6BA	26	4040	1	Berri	Berri	June 2010	Berri	2
#32D6BA	26	5975	1	Berri	Berri	July 2010	Berri	2
#32D6BA	26	4960	1	Berri	Berri	August 2010	Berri	2
#32D6BA	26	1380	1	Berri	Berri	September 2010	Berri	2
#32D6BA	26	2355	1	Berri	Berri	October 2010	Berri	2
#32D6BA	26	557	1	Berri	Berri	November 2010	Berri	2
#32D6BA	26	32	1	Berri	Berri	December 2010	Berri	2
#32D6BA	26	230	1	Berri	Berri	January 2011	Berri	2
#32D6BA	26	128	1	Berri	Berri	February 2011	Berri	2
#32D6BA	26	328	1	Berri	Berri	March 2011	Berri	2
#32D6BA	26	3662	1	Berri	Berri	June 2011	Berri	2
#32D6BA	26	304	1	Berri	Berri	July 2011	Berri	2
#32D6BA	26	5410	1	Berri	Berri	August 2011	Berri	2
#32D6BA	26	5877	1	Berri	Berri	September 2011	Berri	2
#32D6BA	26	306	1	Berri	Berri	January 2012	Berri	2
#32D6BA	26	78	1	Berri	Berri	February 2012	Berri	2
#32D6BA	26	968	1	Berri	Berri	March 2012	Berri	2
#32D6BA	26	2751	1	Berri	Berri	April 2012	Berri	2
#32D6BA	26	4974	1	Berri	Berri	May 2012	Berri	2
#32D6BA	26	3327	1	Berri	Berri	June 2012	Berri	2
#32D6BA	26	5560	1	Berri	Berri	July 2012	Berri	2
#32D6BA	26	3964	1	Berri	Berri	August 2012	Berri	2
#32D6BA	26	3948	1	Berri	Berri	September 2012	Berri	2
#32D6BA	26	4290	1	Berri	Berri	October 2012	Berri	2
#32D6BA	26	40	1	Berri	Berri	January 2013	Berri	2
#32D6BA	26	411	1	Berri	Berri	February 2013	Berri	2
#32D6BA	26	957	1	Berri	Berri	March 2013	Berri	2
#32D6BA	26	2865	1	Berri	Berri	April 2013	Berri	2
#32D6BA	26	843	1	Berri	Berri	May 2013	Berri	2
#32D6BA	26	4692	1	Berri	Berri	June 2013	Berri	2
#32D6BA	26	5434	1	Berri	Berri	July 2013	Berri	2
#32D6BA	26	3797	1	Berri	Berri	August 2013	Berri	2
#32D6BA	27	209	1	Berri	Berri	January 2009	Berri	2
#32D6BA	27	198	1	Berri	Berri	February 2009	Berri	2
#32D6BA	27	245	1	Berri	Berri	March 2009	Berri	2
#32D6BA	27	4051	1	Berri	Berri	April 2009	Berri	2
#32D6BA	27	2075	1	Berri	Berri	May 2009	Berri	2
#32D6BA	27	1536	1	Berri	Berri	June 2009	Berri	2
#32D6BA	27	4088	1	Berri	Berri	July 2009	Berri	2
#32D6BA	27	4707	1	Berri	Berri	August 2009	Berri	2
#32D6BA	27	725	1	Berri	Berri	September 2009	Berri	2
#32D6BA	27	2072	1	Berri	Berri	October 2009	Berri	2
#32D6BA	27	1027	1	Berri	Berri	November 2009	Berri	2
#32D6BA	27	66	1	Berri	Berri	December 2009	Berri	2
#32D6BA	27	376	1	Berri	Berri	January 2010	Berri	2
#32D6BA	27	194	1	Berri	Berri	February 2010	Berri	2
#32D6BA	27	538	1	Berri	Berri	March 2010	Berri	2
#32D6BA	27	527	1	Berri	Berri	April 2010	Berri	2
#32D6BA	27	5988	1	Berri	Berri	May 2010	Berri	2
#32D6BA	27	4702	1	Berri	Berri	June 2010	Berri	2
#32D6BA	27	6569	1	Berri	Berri	July 2010	Berri	2
#32D6BA	27	5349	1	Berri	Berri	August 2010	Berri	2
#32D6BA	27	3726	1	Berri	Berri	September 2010	Berri	2
#32D6BA	27	3327	1	Berri	Berri	October 2010	Berri	2
#32D6BA	27	267	1	Berri	Berri	November 2010	Berri	2
#32D6BA	27	50	1	Berri	Berri	December 2010	Berri	2
#32D6BA	27	287	1	Berri	Berri	January 2011	Berri	2
#32D6BA	27	97	1	Berri	Berri	February 2011	Berri	2
#32D6BA	27	246	1	Berri	Berri	March 2011	Berri	2
#32D6BA	27	7060	1	Berri	Berri	June 2011	Berri	2
#32D6BA	27	34	1	Berri	Berri	July 2011	Berri	2
#32D6BA	27	4490	1	Berri	Berri	August 2011	Berri	2
#32D6BA	27	6444	1	Berri	Berri	September 2011	Berri	2
#32D6BA	27	91	1	Berri	Berri	January 2012	Berri	2
#32D6BA	27	119	1	Berri	Berri	February 2012	Berri	2
#32D6BA	27	1049	1	Berri	Berri	March 2012	Berri	2
#32D6BA	27	1986	1	Berri	Berri	April 2012	Berri	2
#32D6BA	27	4396	1	Berri	Berri	May 2012	Berri	2
#32D6BA	27	3141	1	Berri	Berri	June 2012	Berri	2
#32D6BA	27	5759	1	Berri	Berri	July 2012	Berri	2
#32D6BA	27	4314	1	Berri	Berri	August 2012	Berri	2
#32D6BA	27	5119	1	Berri	Berri	September 2012	Berri	2
#32D6BA	27	1857	1	Berri	Berri	October 2012	Berri	2
#32D6BA	27	48	1	Berri	Berri	January 2013	Berri	2
#32D6BA	27	297	1	Berri	Berri	February 2013	Berri	2
#32D6BA	27	856	1	Berri	Berri	March 2013	Berri	2
#32D6BA	27	2840	1	Berri	Berri	April 2013	Berri	2
#32D6BA	27	5970	1	Berri	Berri	May 2013	Berri	2
#32D6BA	27	5158	1	Berri	Berri	June 2013	Berri	2
#32D6BA	27	4678	1	Berri	Berri	July 2013	Berri	2
#32D6BA	27	5566	1	Berri	Berri	August 2013	Berri	2
#32D6BA	28	92	1	Berri	Berri	January 2009	Berri	2
#32D6BA	28	32	1	Berri	Berri	February 2009	Berri	2
#32D6BA	28	136	1	Berri	Berri	March 2009	Berri	2
#32D6BA	28	2286	1	Berri	Berri	April 2009	Berri	2
#32D6BA	28	2338	1	Berri	Berri	May 2009	Berri	2
#32D6BA	28	3064	1	Berri	Berri	June 2009	Berri	2
#32D6BA	28	5891	1	Berri	Berri	July 2009	Berri	2
#32D6BA	28	4439	1	Berri	Berri	August 2009	Berri	2
#32D6BA	28	1941	1	Berri	Berri	September 2009	Berri	2
#32D6BA	28	1996	1	Berri	Berri	October 2009	Berri	2
#32D6BA	28	810	1	Berri	Berri	November 2009	Berri	2
#32D6BA	28	61	1	Berri	Berri	December 2009	Berri	2
#32D6BA	28	221	1	Berri	Berri	January 2010	Berri	2
#32D6BA	28	146	1	Berri	Berri	February 2010	Berri	2
#32D6BA	28	513	1	Berri	Berri	March 2010	Berri	2
#32D6BA	28	1400	1	Berri	Berri	April 2010	Berri	2
#32D6BA	28	6181	1	Berri	Berri	May 2010	Berri	2
#32D6BA	28	2976	1	Berri	Berri	June 2010	Berri	2
#32D6BA	28	5040	1	Berri	Berri	July 2010	Berri	2
#32D6BA	28	4254	1	Berri	Berri	August 2010	Berri	2
#32D6BA	28	2568	1	Berri	Berri	September 2010	Berri	2
#32D6BA	28	2809	1	Berri	Berri	October 2010	Berri	2
#32D6BA	28	331	1	Berri	Berri	November 2010	Berri	2
#32D6BA	28	120	1	Berri	Berri	December 2010	Berri	2
#32D6BA	28	268	1	Berri	Berri	January 2011	Berri	2
#32D6BA	28	36	1	Berri	Berri	February 2011	Berri	2
#32D6BA	28	483	1	Berri	Berri	March 2011	Berri	2
#32D6BA	28	6462	1	Berri	Berri	June 2011	Berri	2
#32D6BA	28	4	1	Berri	Berri	July 2011	Berri	2
#32D6BA	28	558	1	Berri	Berri	August 2011	Berri	2
#32D6BA	28	5359	1	Berri	Berri	September 2011	Berri	2
#32D6BA	28	80	1	Berri	Berri	January 2012	Berri	2
#32D6BA	28	195	1	Berri	Berri	February 2012	Berri	2
#32D6BA	28	435	1	Berri	Berri	March 2012	Berri	2
#32D6BA	28	1684	1	Berri	Berri	April 2012	Berri	2
#32D6BA	28	4268	1	Berri	Berri	May 2012	Berri	2
#32D6BA	28	6064	1	Berri	Berri	June 2012	Berri	2
#32D6BA	28	4105	1	Berri	Berri	July 2012	Berri	2
#32D6BA	28	5817	1	Berri	Berri	August 2012	Berri	2
#32D6BA	28	4652	1	Berri	Berri	September 2012	Berri	2
#32D6BA	28	1310	1	Berri	Berri	October 2012	Berri	2
#32D6BA	28	198	1	Berri	Berri	January 2013	Berri	2
#32D6BA	28	205	1	Berri	Berri	February 2013	Berri	2
#32D6BA	28	1088	1	Berri	Berri	March 2013	Berri	2
#32D6BA	28	3736	1	Berri	Berri	April 2013	Berri	2
#32D6BA	28	6803	1	Berri	Berri	May 2013	Berri	2
#32D6BA	28	1551	1	Berri	Berri	June 2013	Berri	2
#32D6BA	28	2719	1	Berri	Berri	July 2013	Berri	2
#32D6BA	28	5560	1	Berri	Berri	August 2013	Berri	2
#32D6BA	29	110	1	Berri	Berri	January 2009	Berri	2
#32D6BA	29	3519	1	Berri	Berri	April 2009	Berri	2
#32D6BA	29	1387	1	Berri	Berri	May 2009	Berri	2
#32D6BA	29	1004	1	Berri	Berri	June 2009	Berri	2
#32D6BA	29	3754	1	Berri	Berri	July 2009	Berri	2
#32D6BA	29	1004	1	Berri	Berri	August 2009	Berri	2
#32D6BA	29	2272	1	Berri	Berri	September 2009	Berri	2
#32D6BA	29	2130	1	Berri	Berri	October 2009	Berri	2
#32D6BA	29	671	1	Berri	Berri	November 2009	Berri	2
#32D6BA	29	89	1	Berri	Berri	December 2009	Berri	2
#32D6BA	29	159	1	Berri	Berri	January 2010	Berri	2
#32D6BA	29	470	1	Berri	Berri	March 2010	Berri	2
#32D6BA	29	3355	1	Berri	Berri	April 2010	Berri	2
#32D6BA	29	4599	1	Berri	Berri	May 2010	Berri	2
#32D6BA	29	4985	1	Berri	Berri	June 2010	Berri	2
#32D6BA	29	5974	1	Berri	Berri	July 2010	Berri	2
#32D6BA	29	4403	1	Berri	Berri	August 2010	Berri	2
#32D6BA	29	3953	1	Berri	Berri	September 2010	Berri	2
#32D6BA	29	2174	1	Berri	Berri	October 2010	Berri	2
#32D6BA	29	1049	1	Berri	Berri	November 2010	Berri	2
#32D6BA	29	143	1	Berri	Berri	December 2010	Berri	2
#32D6BA	29	82	1	Berri	Berri	January 2011	Berri	2
#32D6BA	29	764	1	Berri	Berri	March 2011	Berri	2
#32D6BA	29	4682	1	Berri	Berri	June 2011	Berri	2
#32D6BA	29	31	1	Berri	Berri	July 2011	Berri	2
#32D6BA	29	4993	1	Berri	Berri	August 2011	Berri	2
#32D6BA	29	2742	1	Berri	Berri	September 2011	Berri	2
#32D6BA	29	87	1	Berri	Berri	January 2012	Berri	2
#32D6BA	29	242	1	Berri	Berri	February 2012	Berri	2
#32D6BA	29	878	1	Berri	Berri	March 2012	Berri	2
#32D6BA	29	1970	1	Berri	Berri	April 2012	Berri	2
#32D6BA	29	3154	1	Berri	Berri	May 2012	Berri	2
#32D6BA	29	5770	1	Berri	Berri	June 2012	Berri	2
#32D6BA	29	4230	1	Berri	Berri	July 2012	Berri	2
#32D6BA	29	6327	1	Berri	Berri	August 2012	Berri	2
#32D6BA	29	1896	1	Berri	Berri	September 2012	Berri	2
#32D6BA	29	2919	1	Berri	Berri	October 2012	Berri	2
#32D6BA	29	218	1	Berri	Berri	January 2013	Berri	2
#32D6BA	29	749	1	Berri	Berri	March 2013	Berri	2
#32D6BA	29	4149	1	Berri	Berri	April 2013	Berri	2
#32D6BA	29	2908	1	Berri	Berri	May 2013	Berri	2
#32D6BA	29	3049	1	Berri	Berri	June 2013	Berri	2
#32D6BA	29	4342	1	Berri	Berri	July 2013	Berri	2
#32D6BA	29	5806	1	Berri	Berri	August 2013	Berri	2
#32D6BA	30	105	1	Berri	Berri	January 2009	Berri	2
#32D6BA	30	3520	1	Berri	Berri	April 2009	Berri	2
#32D6BA	30	2063	1	Berri	Berri	May 2009	Berri	2
#32D6BA	30	4709	1	Berri	Berri	June 2009	Berri	2
#32D6BA	30	5267	1	Berri	Berri	July 2009	Berri	2
#32D6BA	30	2277	1	Berri	Berri	August 2009	Berri	2
#32D6BA	30	3003	1	Berri	Berri	September 2009	Berri	2
#32D6BA	30	1835	1	Berri	Berri	October 2009	Berri	2
#32D6BA	30	747	1	Berri	Berri	November 2009	Berri	2
#32D6BA	30	76	1	Berri	Berri	December 2009	Berri	2
#32D6BA	30	56	1	Berri	Berri	January 2010	Berri	2
#32D6BA	30	1022	1	Berri	Berri	March 2010	Berri	2
#32D6BA	30	4143	1	Berri	Berri	April 2010	Berri	2
#32D6BA	30	3737	1	Berri	Berri	May 2010	Berri	2
#32D6BA	30	4484	1	Berri	Berri	June 2010	Berri	2
#32D6BA	30	4848	1	Berri	Berri	July 2010	Berri	2
#32D6BA	30	5784	1	Berri	Berri	August 2010	Berri	2
#32D6BA	30	1367	1	Berri	Berri	September 2010	Berri	2
#32D6BA	30	827	1	Berri	Berri	October 2010	Berri	2
#32D6BA	30	962	1	Berri	Berri	November 2010	Berri	2
#32D6BA	30	149	1	Berri	Berri	December 2010	Berri	2
#32D6BA	30	84	1	Berri	Berri	January 2011	Berri	2
#32D6BA	30	1034	1	Berri	Berri	March 2011	Berri	2
#32D6BA	30	4540	1	Berri	Berri	May 2011	Berri	2
#32D6BA	30	4310	1	Berri	Berri	June 2011	Berri	2
#32D6BA	30	46	1	Berri	Berri	July 2011	Berri	2
#32D6BA	30	5225	1	Berri	Berri	August 2011	Berri	2
#32D6BA	30	4213	1	Berri	Berri	September 2011	Berri	2
#32D6BA	30	219	1	Berri	Berri	January 2012	Berri	2
#32D6BA	30	1157	1	Berri	Berri	March 2012	Berri	2
#32D6BA	30	3610	1	Berri	Berri	April 2012	Berri	2
#32D6BA	30	6459	1	Berri	Berri	May 2012	Berri	2
#32D6BA	30	4738	1	Berri	Berri	June 2012	Berri	2
#32D6BA	30	5225	1	Berri	Berri	July 2012	Berri	2
#32D6BA	30	6003	1	Berri	Berri	August 2012	Berri	2
#32D6BA	30	876	1	Berri	Berri	September 2012	Berri	2
#32D6BA	30	2887	1	Berri	Berri	October 2012	Berri	2
#32D6BA	30	284	1	Berri	Berri	January 2013	Berri	2
#32D6BA	30	822	1	Berri	Berri	March 2013	Berri	2
#32D6BA	30	4671	1	Berri	Berri	April 2013	Berri	2
#32D6BA	30	6748	1	Berri	Berri	May 2013	Berri	2
#32D6BA	30	5068	1	Berri	Berri	June 2013	Berri	2
#32D6BA	30	5934	1	Berri	Berri	July 2013	Berri	2
#32D6BA	30	4381	1	Berri	Berri	August 2013	Berri	2
#32D6BA	31	25	1	Berri	Berri	January 2009	Berri	2
#32D6BA	31	2031	1	Berri	Berri	May 2009	Berri	2
#32D6BA	31	3146	1	Berri	Berri	July 2009	Berri	2
#32D6BA	31	4572	1	Berri	Berri	August 2009	Berri	2
#32D6BA	31	473	1	Berri	Berri	October 2009	Berri	2
#32D6BA	31	53	1	Berri	Berri	December 2009	Berri	2
#32D6BA	31	82	1	Berri	Berri	January 2010	Berri	2
#32D6BA	31	1238	1	Berri	Berri	March 2010	Berri	2
#32D6BA	31	5596	1	Berri	Berri	May 2010	Berri	2
#32D6BA	31	60	1	Berri	Berri	July 2010	Berri	2
#32D6BA	31	6030	1	Berri	Berri	August 2010	Berri	2
#32D6BA	31	784	1	Berri	Berri	October 2010	Berri	2
#32D6BA	31	105	1	Berri	Berri	December 2010	Berri	2
#32D6BA	31	206	1	Berri	Berri	January 2011	Berri	2
#32D6BA	31	1011	1	Berri	Berri	March 2011	Berri	2
#32D6BA	31	6857	1	Berri	Berri	May 2011	Berri	2
#32D6BA	31	112	1	Berri	Berri	July 2011	Berri	2
#32D6BA	31	5911	1	Berri	Berri	August 2011	Berri	2
#32D6BA	31	186	1	Berri	Berri	January 2012	Berri	2
#32D6BA	31	980	1	Berri	Berri	March 2012	Berri	2
#32D6BA	31	5104	1	Berri	Berri	May 2012	Berri	2
#32D6BA	31	5415	1	Berri	Berri	July 2012	Berri	2
#32D6BA	31	4106	1	Berri	Berri	August 2012	Berri	2
#32D6BA	31	2634	1	Berri	Berri	October 2012	Berri	2
#32D6BA	31	237	1	Berri	Berri	January 2013	Berri	2
#32D6BA	31	599	1	Berri	Berri	March 2013	Berri	2
#32D6BA	31	6668	1	Berri	Berri	May 2013	Berri	2
#32D6BA	31	6128	1	Berri	Berri	July 2013	Berri	2
#32D6BA	31	2682	1	Berri	Berri	August 2013	Berri	2
#7649C8	1	5869	2	Br茅beuf	Br茅beuf	August 2009	Br茅beuf	2
#7649C8	1	6936	2	Br茅beuf	Br茅beuf	September 2009	Br茅beuf	2
#7649C8	1	1579	2	Br茅beuf	Br茅beuf	October 2009	Br茅beuf	2
#7649C8	1	843	2	Br茅beuf	Br茅beuf	November 2009	Br茅beuf	2
#7649C8	1	1404	2	Br閎euf	Br閎euf	April 2010	Br閎euf	2
#7649C8	1	3412	2	Br閎euf	Br閎euf	July 2010	Br閎euf	2
#7649C8	1	5040	2	Br閎euf	Br閎euf	August 2010	Br閎euf	2
#7649C8	1	6137	2	Br閎euf	Br閎euf	September 2010	Br閎euf	2
#7649C8	1	2278	2	Br閎euf	Br閎euf	October 2010	Br閎euf	2
#7649C8	1	2266	2	Br閎euf	Br閎euf	November 2010	Br閎euf	2
#7649C8	2	1753	2	Br茅beuf	Br茅beuf	August 2009	Br茅beuf	2
#7649C8	2	7048	2	Br茅beuf	Br茅beuf	September 2009	Br茅beuf	2
#7649C8	2	1898	2	Br茅beuf	Br茅beuf	October 2009	Br茅beuf	2
#7649C8	2	1191	2	Br茅beuf	Br茅beuf	November 2009	Br茅beuf	2
#7649C8	2	3025	2	Br閎euf	Br閎euf	April 2010	Br閎euf	2
#7649C8	2	4990	2	Br閎euf	Br閎euf	July 2010	Br閎euf	2
#7649C8	2	5016	2	Br閎euf	Br閎euf	August 2010	Br閎euf	2
#7649C8	2	5305	2	Br閎euf	Br閎euf	September 2010	Br閎euf	2
#7649C8	2	2675	2	Br閎euf	Br閎euf	October 2010	Br閎euf	2
#7649C8	2	2603	2	Br閎euf	Br閎euf	November 2010	Br閎euf	2
#7649C8	3	7183	2	Br茅beuf	Br茅beuf	August 2009	Br茅beuf	2
#7649C8	3	6864	2	Br茅beuf	Br茅beuf	September 2009	Br茅beuf	2
#7649C8	3	700	2	Br茅beuf	Br茅beuf	October 2009	Br茅beuf	2
#7649C8	3	794	2	Br茅beuf	Br茅beuf	November 2009	Br茅beuf	2
#7649C8	3	3489	2	Br閎euf	Br閎euf	April 2010	Br閎euf	2
#7649C8	3	3830	2	Br閎euf	Br閎euf	June 2010	Br閎euf	2
#7649C8	3	4892	2	Br閎euf	Br閎euf	July 2010	Br閎euf	2
#7649C8	3	1920	2	Br閎euf	Br閎euf	August 2010	Br閎euf	2
#7649C8	3	5369	2	Br閎euf	Br閎euf	September 2010	Br閎euf	2
#7649C8	3	2157	2	Br閎euf	Br閎euf	October 2010	Br閎euf	2
#7649C8	3	2677	2	Br閎euf	Br閎euf	November 2010	Br閎euf	2
#7649C8	4	5384	2	Br茅beuf	Br茅beuf	August 2009	Br茅beuf	2
#7649C8	4	5833	2	Br茅beuf	Br茅beuf	September 2009	Br茅beuf	2
#7649C8	4	1116	2	Br茅beuf	Br茅beuf	October 2009	Br茅beuf	2
#7649C8	4	1040	2	Br茅beuf	Br茅beuf	November 2009	Br茅beuf	2
#7649C8	4	2100	2	Br閎euf	Br閎euf	April 2010	Br閎euf	2
#7649C8	4	9235	2	Br閎euf	Br閎euf	June 2010	Br閎euf	2
#7649C8	4	4071	2	Br閎euf	Br閎euf	July 2010	Br閎euf	2
#7649C8	4	3468	2	Br閎euf	Br閎euf	August 2010	Br閎euf	2
#7649C8	4	2495	2	Br閎euf	Br閎euf	September 2010	Br閎euf	2
#7649C8	4	4035	2	Br閎euf	Br閎euf	October 2010	Br閎euf	2
#7649C8	4	1482	2	Br閎euf	Br閎euf	November 2010	Br閎euf	2
#7649C8	5	7103	2	Br茅beuf	Br茅beuf	August 2009	Br茅beuf	2
#7649C8	5	4156	2	Br茅beuf	Br茅beuf	September 2009	Br茅beuf	2
#7649C8	5	1761	2	Br茅beuf	Br茅beuf	October 2009	Br茅beuf	2
#7649C8	5	904	2	Br茅beuf	Br茅beuf	November 2009	Br茅beuf	2
#7649C8	5	1436	2	Br閎euf	Br閎euf	April 2010	Br閎euf	2
#7649C8	5	3168	2	Br閎euf	Br閎euf	June 2010	Br閎euf	2
#7649C8	5	5537	2	Br閎euf	Br閎euf	July 2010	Br閎euf	2
#7649C8	5	4801	2	Br閎euf	Br閎euf	August 2010	Br閎euf	2
#7649C8	5	2561	2	Br閎euf	Br閎euf	September 2010	Br閎euf	2
#7649C8	5	4735	2	Br閎euf	Br閎euf	October 2010	Br閎euf	2
#7649C8	5	984	2	Br閎euf	Br閎euf	November 2010	Br閎euf	2
#7649C8	6	5259	2	Br茅beuf	Br茅beuf	August 2009	Br茅beuf	2
#7649C8	6	4030	2	Br茅beuf	Br茅beuf	September 2009	Br茅beuf	2
#7649C8	6	2205	2	Br茅beuf	Br茅beuf	October 2009	Br茅beuf	2
#7649C8	6	854	2	Br茅beuf	Br茅beuf	November 2009	Br茅beuf	2
#7649C8	6	2421	2	Br閎euf	Br閎euf	April 2010	Br閎euf	2
#7649C8	6	1691	2	Br閎euf	Br閎euf	June 2010	Br閎euf	2
#7649C8	6	5186	2	Br閎euf	Br閎euf	July 2010	Br閎euf	2
#7649C8	6	4811	2	Br閎euf	Br閎euf	August 2010	Br閎euf	2
#7649C8	6	3092	2	Br閎euf	Br閎euf	September 2010	Br閎euf	2
#7649C8	6	2443	2	Br閎euf	Br閎euf	October 2010	Br閎euf	2
#7649C8	6	1287	2	Br閎euf	Br閎euf	November 2010	Br閎euf	2
#7649C8	7	2156	2	Br茅beuf	Br茅beuf	July 2009	Br茅beuf	2
#7649C8	7	5371	2	Br茅beuf	Br茅beuf	August 2009	Br茅beuf	2
#7649C8	7	4800	2	Br茅beuf	Br茅beuf	September 2009	Br茅beuf	2
#7649C8	7	1100	2	Br茅beuf	Br茅beuf	October 2009	Br茅beuf	2
#7649C8	7	550	2	Br茅beuf	Br茅beuf	November 2009	Br茅beuf	2
#7649C8	7	1321	2	Br閎euf	Br閎euf	April 2010	Br閎euf	2
#7649C8	7	5804	2	Br閎euf	Br閎euf	June 2010	Br閎euf	2
#7649C8	7	4523	2	Br閎euf	Br閎euf	July 2010	Br閎euf	2
#7649C8	7	4625	2	Br閎euf	Br閎euf	August 2010	Br閎euf	2
#7649C8	7	4165	2	Br閎euf	Br閎euf	September 2010	Br閎euf	2
#7649C8	7	2485	2	Br閎euf	Br閎euf	October 2010	Br閎euf	2
#7649C8	7	1405	2	Br閎euf	Br閎euf	November 2010	Br閎euf	2
#7649C8	8	4539	2	Br茅beuf	Br茅beuf	July 2009	Br茅beuf	2
#7649C8	8	5514	2	Br茅beuf	Br茅beuf	August 2009	Br茅beuf	2
#7649C8	8	6745	2	Br茅beuf	Br茅beuf	September 2009	Br茅beuf	2
#7649C8	8	1965	2	Br茅beuf	Br茅beuf	October 2009	Br茅beuf	2
#7649C8	8	1060	2	Br茅beuf	Br茅beuf	November 2009	Br茅beuf	2
#7649C8	8	1446	2	Br閎euf	Br閎euf	April 2010	Br閎euf	2
#7649C8	8	6495	2	Br閎euf	Br閎euf	June 2010	Br閎euf	2
#7649C8	8	3976	2	Br閎euf	Br閎euf	July 2010	Br閎euf	2
#7649C8	8	2361	2	Br閎euf	Br閎euf	August 2010	Br閎euf	2
#7649C8	8	3945	2	Br閎euf	Br閎euf	September 2010	Br閎euf	2
#7649C8	8	2487	2	Br閎euf	Br閎euf	October 2010	Br閎euf	2
#7649C8	8	1595	2	Br閎euf	Br閎euf	November 2010	Br閎euf	2
#7649C8	9	7575	2	Br茅beuf	Br茅beuf	July 2009	Br茅beuf	2
#7649C8	9	3524	2	Br茅beuf	Br茅beuf	August 2009	Br茅beuf	2
#7649C8	9	6681	2	Br茅beuf	Br茅beuf	September 2009	Br茅beuf	2
#7649C8	9	658	2	Br茅beuf	Br茅beuf	October 2009	Br茅beuf	2
#7649C8	9	1315	2	Br茅beuf	Br茅beuf	November 2009	Br茅beuf	2
#7649C8	9	1164	2	Br閎euf	Br閎euf	April 2010	Br閎euf	2
#7649C8	9	6702	2	Br閎euf	Br閎euf	June 2010	Br閎euf	2
#7649C8	9	2687	2	Br閎euf	Br閎euf	July 2010	Br閎euf	2
#7649C8	9	4854	2	Br閎euf	Br閎euf	August 2010	Br閎euf	2
#7649C8	9	3706	2	Br閎euf	Br閎euf	September 2010	Br閎euf	2
#7649C8	9	2140	2	Br閎euf	Br閎euf	October 2010	Br閎euf	2
#7649C8	9	2151	2	Br閎euf	Br閎euf	November 2010	Br閎euf	2
#7649C8	10	7268	2	Br茅beuf	Br茅beuf	July 2009	Br茅beuf	2
#7649C8	10	4183	2	Br茅beuf	Br茅beuf	August 2009	Br茅beuf	2
#7649C8	10	6514	2	Br茅beuf	Br茅beuf	September 2009	Br茅beuf	2
#7649C8	10	994	2	Br茅beuf	Br茅beuf	October 2009	Br茅beuf	2
#7649C8	10	1297	2	Br茅beuf	Br茅beuf	November 2009	Br茅beuf	2
#7649C8	10	1448	2	Br閎euf	Br閎euf	April 2010	Br閎euf	2
#7649C8	10	2449	2	Br閎euf	Br閎euf	June 2010	Br閎euf	2
#7649C8	10	4051	2	Br閎euf	Br閎euf	July 2010	Br閎euf	2
#7649C8	10	5025	2	Br閎euf	Br閎euf	August 2010	Br閎euf	2
#7649C8	10	5522	2	Br閎euf	Br閎euf	September 2010	Br閎euf	2
#7649C8	10	1705	2	Br閎euf	Br閎euf	October 2010	Br閎euf	2
#7649C8	10	2485	2	Br閎euf	Br閎euf	November 2010	Br閎euf	2
#7649C8	11	2320	2	Br茅beuf	Br茅beuf	July 2009	Br茅beuf	2
#7649C8	11	4359	2	Br茅beuf	Br茅beuf	August 2009	Br茅beuf	2
#7649C8	11	6044	2	Br茅beuf	Br茅beuf	September 2009	Br茅beuf	2
#7649C8	11	812	2	Br茅beuf	Br茅beuf	October 2009	Br茅beuf	2
#7649C8	11	1172	2	Br茅beuf	Br茅beuf	November 2009	Br茅beuf	2
#7649C8	11	1681	2	Br閎euf	Br閎euf	April 2010	Br閎euf	2
#7649C8	11	5819	2	Br閎euf	Br閎euf	June 2010	Br閎euf	2
#7649C8	11	4246	2	Br閎euf	Br閎euf	July 2010	Br閎euf	2
#7649C8	11	6267	2	Br閎euf	Br閎euf	August 2010	Br閎euf	2
#7649C8	11	4958	2	Br閎euf	Br閎euf	September 2010	Br閎euf	2
#7649C8	11	2453	2	Br閎euf	Br閎euf	October 2010	Br閎euf	2
#7649C8	11	2504	2	Br閎euf	Br閎euf	November 2010	Br閎euf	2
#7649C8	12	5071	2	Br茅beuf	Br茅beuf	July 2009	Br茅beuf	2
#7649C8	12	7127	2	Br茅beuf	Br茅beuf	August 2009	Br茅beuf	2
#7649C8	12	5205	2	Br茅beuf	Br茅beuf	September 2009	Br茅beuf	2
#7649C8	12	923	2	Br茅beuf	Br茅beuf	October 2009	Br茅beuf	2
#7649C8	12	1098	2	Br茅beuf	Br茅beuf	November 2009	Br茅beuf	2
#7649C8	12	2835	2	Br閎euf	Br閎euf	April 2010	Br閎euf	2
#7649C8	12	4822	2	Br閎euf	Br閎euf	June 2010	Br閎euf	2
#7649C8	12	5395	2	Br閎euf	Br閎euf	July 2010	Br閎euf	2
#7649C8	12	6107	2	Br閎euf	Br閎euf	August 2010	Br閎euf	2
#7649C8	12	2286	2	Br閎euf	Br閎euf	September 2010	Br閎euf	2
#7649C8	12	3796	2	Br閎euf	Br閎euf	October 2010	Br閎euf	2
#7649C8	12	2346	2	Br閎euf	Br閎euf	November 2010	Br閎euf	2
#7649C8	13	4236	2	Br茅beuf	Br茅beuf	July 2009	Br茅beuf	2
#7649C8	13	6971	2	Br茅beuf	Br茅beuf	August 2009	Br茅beuf	2
#7649C8	13	3925	2	Br茅beuf	Br茅beuf	September 2009	Br茅beuf	2
#7649C8	13	869	2	Br茅beuf	Br茅beuf	October 2009	Br茅beuf	2
#7649C8	13	996	2	Br茅beuf	Br茅beuf	November 2009	Br茅beuf	2
#7649C8	13	3518	2	Br閎euf	Br閎euf	April 2010	Br閎euf	2
#7649C8	13	5760	2	Br閎euf	Br閎euf	June 2010	Br閎euf	2
#7649C8	13	3186	2	Br閎euf	Br閎euf	July 2010	Br閎euf	2
#7649C8	13	5585	2	Br閎euf	Br閎euf	August 2010	Br閎euf	2
#7649C8	13	3936	2	Br閎euf	Br閎euf	September 2010	Br閎euf	2
#7649C8	13	4044	2	Br閎euf	Br閎euf	October 2010	Br閎euf	2
#7649C8	13	1739	2	Br閎euf	Br閎euf	November 2010	Br閎euf	2
#7649C8	14	3755	2	Br茅beuf	Br茅beuf	July 2009	Br茅beuf	2
#7649C8	14	6155	2	Br茅beuf	Br茅beuf	August 2009	Br茅beuf	2
#7649C8	14	4236	2	Br茅beuf	Br茅beuf	September 2009	Br茅beuf	2
#7649C8	14	1363	2	Br茅beuf	Br茅beuf	October 2009	Br茅beuf	2
#7649C8	14	310	2	Br茅beuf	Br茅beuf	November 2009	Br茅beuf	2
#7649C8	14	3621	2	Br閎euf	Br閎euf	April 2010	Br閎euf	2
#7649C8	14	3887	2	Br閎euf	Br閎euf	June 2010	Br閎euf	2
#7649C8	14	6442	2	Br閎euf	Br閎euf	July 2010	Br閎euf	2
#7649C8	14	4620	2	Br閎euf	Br閎euf	August 2010	Br閎euf	2
#7649C8	14	4308	2	Br閎euf	Br閎euf	September 2010	Br閎euf	2
#7649C8	14	3305	2	Br閎euf	Br閎euf	October 2010	Br閎euf	2
#7649C8	14	1407	2	Br閎euf	Br閎euf	November 2010	Br閎euf	2
#7649C8	15	6933	2	Br茅beuf	Br茅beuf	July 2009	Br茅beuf	2
#7649C8	15	5078	2	Br茅beuf	Br茅beuf	August 2009	Br茅beuf	2
#7649C8	15	4375	2	Br茅beuf	Br茅beuf	September 2009	Br茅beuf	2
#7649C8	15	1305	2	Br茅beuf	Br茅beuf	October 2009	Br茅beuf	2
#7649C8	15	393	2	Br茅beuf	Br茅beuf	November 2009	Br茅beuf	2
#7649C8	15	3194	2	Br閎euf	Br閎euf	April 2010	Br閎euf	2
#7649C8	15	7422	2	Br閎euf	Br閎euf	June 2010	Br閎euf	2
#7649C8	15	6431	2	Br閎euf	Br閎euf	July 2010	Br閎euf	2
#7649C8	15	2906	2	Br閎euf	Br閎euf	August 2010	Br閎euf	2
#7649C8	15	4779	2	Br閎euf	Br閎euf	September 2010	Br閎euf	2
#7649C8	15	815	2	Br閎euf	Br閎euf	October 2010	Br閎euf	2
#7649C8	15	2140	2	Br閎euf	Br閎euf	November 2010	Br閎euf	2
#7649C8	16	4278	2	Br茅beuf	Br茅beuf	July 2009	Br茅beuf	2
#7649C8	16	4416	2	Br茅beuf	Br茅beuf	August 2009	Br茅beuf	2
#7649C8	16	4252	2	Br茅beuf	Br茅beuf	September 2009	Br茅beuf	2
#7649C8	16	1237	2	Br茅beuf	Br茅beuf	October 2009	Br茅beuf	2
#7649C8	16	2618	2	Br閎euf	Br閎euf	June 2010	Br閎euf	2
#7649C8	16	4146	2	Br閎euf	Br閎euf	July 2010	Br閎euf	2
#7649C8	16	3343	2	Br閎euf	Br閎euf	August 2010	Br閎euf	2
#7649C8	16	3090	2	Br閎euf	Br閎euf	September 2010	Br閎euf	2
#7649C8	16	1562	2	Br閎euf	Br閎euf	October 2010	Br閎euf	2
#7649C8	16	1188	2	Br閎euf	Br閎euf	November 2010	Br閎euf	2
#7649C8	17	5987	2	Br茅beuf	Br茅beuf	July 2009	Br茅beuf	2
#7649C8	17	5668	2	Br茅beuf	Br茅beuf	August 2009	Br茅beuf	2
#7649C8	17	3983	2	Br茅beuf	Br茅beuf	September 2009	Br茅beuf	2
#7649C8	17	906	2	Br茅beuf	Br茅beuf	October 2009	Br茅beuf	2
#7649C8	17	4459	2	Br閎euf	Br閎euf	June 2010	Br閎euf	2
#7649C8	17	3130	2	Br閎euf	Br閎euf	July 2010	Br閎euf	2
#7649C8	17	6306	2	Br閎euf	Br閎euf	August 2010	Br閎euf	2
#7649C8	17	4621	2	Br閎euf	Br閎euf	September 2010	Br閎euf	2
#7649C8	17	2036	2	Br閎euf	Br閎euf	October 2010	Br閎euf	2
#7649C8	18	3582	2	Br茅beuf	Br茅beuf	July 2009	Br茅beuf	2
#7649C8	18	5641	2	Br茅beuf	Br茅beuf	August 2009	Br茅beuf	2
#7649C8	18	2154	2	Br茅beuf	Br茅beuf	September 2009	Br茅beuf	2
#7649C8	18	983	2	Br茅beuf	Br茅beuf	October 2009	Br茅beuf	2
#7649C8	18	5904	2	Br閎euf	Br閎euf	June 2010	Br閎euf	2
#7649C8	18	4610	2	Br閎euf	Br閎euf	July 2010	Br閎euf	2
#7649C8	18	6257	2	Br閎euf	Br閎euf	August 2010	Br閎euf	2
#7649C8	18	4364	2	Br閎euf	Br閎euf	September 2010	Br閎euf	2
#7649C8	18	3194	2	Br閎euf	Br閎euf	October 2010	Br閎euf	2
#7649C8	19	4132	2	Br茅beuf	Br茅beuf	July 2009	Br茅beuf	2
#7649C8	19	6901	2	Br茅beuf	Br茅beuf	August 2009	Br茅beuf	2
#7649C8	19	2513	2	Br茅beuf	Br茅beuf	September 2009	Br茅beuf	2
#7649C8	19	1472	2	Br茅beuf	Br茅beuf	October 2009	Br茅beuf	2
#7649C8	19	4143	2	Br閎euf	Br閎euf	June 2010	Br閎euf	2
#7649C8	19	2523	2	Br閎euf	Br閎euf	July 2010	Br閎euf	2
#7649C8	19	5739	2	Br閎euf	Br閎euf	August 2010	Br閎euf	2
#7649C8	19	4352	2	Br閎euf	Br閎euf	September 2010	Br閎euf	2
#7649C8	19	3293	2	Br閎euf	Br閎euf	October 2010	Br閎euf	2
#7649C8	20	7064	2	Br茅beuf	Br茅beuf	July 2009	Br茅beuf	2
#7649C8	20	4884	2	Br茅beuf	Br茅beuf	August 2009	Br茅beuf	2
#7649C8	20	2588	2	Br茅beuf	Br茅beuf	September 2009	Br茅beuf	2
#7649C8	20	1366	2	Br茅beuf	Br茅beuf	October 2009	Br茅beuf	2
#7649C8	20	3788	2	Br閎euf	Br閎euf	June 2010	Br閎euf	2
#7649C8	20	6694	2	Br閎euf	Br閎euf	July 2010	Br閎euf	2
#7649C8	20	5687	2	Br閎euf	Br閎euf	August 2010	Br閎euf	2
#7649C8	20	5112	2	Br閎euf	Br閎euf	September 2010	Br閎euf	2
#7649C8	20	3591	2	Br閎euf	Br閎euf	October 2010	Br閎euf	2
#7649C8	21	6996	2	Br茅beuf	Br茅beuf	July 2009	Br茅beuf	2
#7649C8	21	3752	2	Br茅beuf	Br茅beuf	August 2009	Br茅beuf	2
#7649C8	21	3590	2	Br茅beuf	Br茅beuf	September 2009	Br茅beuf	2
#7649C8	21	1436	2	Br茅beuf	Br茅beuf	October 2009	Br茅beuf	2
#7649C8	21	6018	2	Br閎euf	Br閎euf	June 2010	Br閎euf	2
#7649C8	21	4913	2	Br閎euf	Br閎euf	July 2010	Br閎euf	2
#7649C8	21	2293	2	Br閎euf	Br閎euf	August 2010	Br閎euf	2
#7649C8	21	4427	2	Br閎euf	Br閎euf	September 2010	Br閎euf	2
#7649C8	21	1368	2	Br閎euf	Br閎euf	October 2010	Br閎euf	2
#7649C8	22	4331	2	Br茅beuf	Br茅beuf	July 2009	Br茅beuf	2
#7649C8	22	4787	2	Br茅beuf	Br茅beuf	August 2009	Br茅beuf	2
#7649C8	22	1918	2	Br茅beuf	Br茅beuf	September 2009	Br茅beuf	2
#7649C8	22	631	2	Br茅beuf	Br茅beuf	October 2009	Br茅beuf	2
#7649C8	22	5371	2	Br閎euf	Br閎euf	June 2010	Br閎euf	2
#7649C8	22	6177	2	Br閎euf	Br閎euf	July 2010	Br閎euf	2
#7649C8	22	1146	2	Br閎euf	Br閎euf	August 2010	Br閎euf	2
#7649C8	22	3939	2	Br閎euf	Br閎euf	September 2010	Br閎euf	2
#7649C8	22	2466	2	Br閎euf	Br閎euf	October 2010	Br閎euf	2
#7649C8	23	6134	2	Br茅beuf	Br茅beuf	July 2009	Br茅beuf	2
#7649C8	23	4015	2	Br茅beuf	Br茅beuf	August 2009	Br茅beuf	2
#7649C8	23	2030	2	Br茅beuf	Br茅beuf	September 2009	Br茅beuf	2
#7649C8	23	912	2	Br茅beuf	Br茅beuf	October 2009	Br茅beuf	2
#7649C8	23	4336	2	Br閎euf	Br閎euf	June 2010	Br閎euf	2
#7649C8	23	4924	2	Br閎euf	Br閎euf	July 2010	Br閎euf	2
#7649C8	23	4831	2	Br閎euf	Br閎euf	August 2010	Br閎euf	2
#7649C8	23	4492	2	Br閎euf	Br閎euf	September 2010	Br閎euf	2
#7649C8	23	1849	2	Br閎euf	Br閎euf	October 2010	Br閎euf	2
#7649C8	24	4639	2	Br茅beuf	Br茅beuf	July 2009	Br茅beuf	2
#7649C8	24	5526	2	Br茅beuf	Br茅beuf	August 2009	Br茅beuf	2
#7649C8	24	3158	2	Br茅beuf	Br茅beuf	September 2009	Br茅beuf	2
#7649C8	24	276	2	Br茅beuf	Br茅beuf	October 2009	Br茅beuf	2
#7649C8	24	2537	2	Br閎euf	Br閎euf	June 2010	Br閎euf	2
#7649C8	24	4030	2	Br閎euf	Br閎euf	July 2010	Br閎euf	2
#7649C8	24	6810	2	Br閎euf	Br閎euf	August 2010	Br閎euf	2
#7649C8	24	2604	2	Br閎euf	Br閎euf	September 2010	Br閎euf	2
#7649C8	24	1131	2	Br閎euf	Br閎euf	October 2010	Br閎euf	2
#7649C8	25	4635	2	Br茅beuf	Br茅beuf	July 2009	Br茅beuf	2
#7649C8	25	7034	2	Br茅beuf	Br茅beuf	August 2009	Br茅beuf	2
#7649C8	25	2699	2	Br茅beuf	Br茅beuf	September 2009	Br茅beuf	2
#7649C8	25	801	2	Br茅beuf	Br茅beuf	October 2009	Br茅beuf	2
#7649C8	25	3988	2	Br閎euf	Br閎euf	June 2010	Br閎euf	2
#7649C8	25	4393	2	Br閎euf	Br閎euf	July 2010	Br閎euf	2
#7649C8	25	5448	2	Br閎euf	Br閎euf	August 2010	Br閎euf	2
#7649C8	25	2785	2	Br閎euf	Br閎euf	September 2010	Br閎euf	2
#7649C8	25	1358	2	Br閎euf	Br閎euf	October 2010	Br閎euf	2
#7649C8	26	2144	2	Br茅beuf	Br茅beuf	July 2009	Br茅beuf	2
#7649C8	26	6238	2	Br茅beuf	Br茅beuf	August 2009	Br茅beuf	2
#7649C8	26	2547	2	Br茅beuf	Br茅beuf	September 2009	Br茅beuf	2
#7649C8	26	1169	2	Br茅beuf	Br茅beuf	October 2009	Br茅beuf	2
#7649C8	26	3567	2	Br閎euf	Br閎euf	June 2010	Br閎euf	2
#7649C8	26	6334	2	Br閎euf	Br閎euf	July 2010	Br閎euf	2
#7649C8	26	5266	2	Br閎euf	Br閎euf	August 2010	Br閎euf	2
#7649C8	26	1714	2	Br閎euf	Br閎euf	September 2010	Br閎euf	2
#7649C8	26	2673	2	Br閎euf	Br閎euf	October 2010	Br閎euf	2
#7649C8	27	5024	2	Br茅beuf	Br茅beuf	July 2009	Br茅beuf	2
#7649C8	27	6239	2	Br茅beuf	Br茅beuf	August 2009	Br茅beuf	2
#7649C8	27	652	2	Br茅beuf	Br茅beuf	September 2009	Br茅beuf	2
#7649C8	27	1101	2	Br茅beuf	Br茅beuf	October 2009	Br茅beuf	2
#7649C8	27	4062	2	Br閎euf	Br閎euf	June 2010	Br閎euf	2
#7649C8	27	6630	2	Br閎euf	Br閎euf	July 2010	Br閎euf	2
#7649C8	27	5840	2	Br閎euf	Br閎euf	August 2010	Br閎euf	2
#7649C8	27	3768	2	Br閎euf	Br閎euf	September 2010	Br閎euf	2
#7649C8	27	3691	2	Br閎euf	Br閎euf	October 2010	Br閎euf	2
#7649C8	28	7219	2	Br茅beuf	Br茅beuf	July 2009	Br茅beuf	2
#7649C8	28	5651	2	Br茅beuf	Br茅beuf	August 2009	Br茅beuf	2
#7649C8	28	1406	2	Br茅beuf	Br茅beuf	September 2009	Br茅beuf	2
#7649C8	28	1066	2	Br茅beuf	Br茅beuf	October 2009	Br茅beuf	2
#7649C8	28	2499	2	Br閎euf	Br閎euf	June 2010	Br閎euf	2
#7649C8	28	5084	2	Br閎euf	Br閎euf	July 2010	Br閎euf	2
#7649C8	28	4702	2	Br閎euf	Br閎euf	August 2010	Br閎euf	2
#7649C8	28	2327	2	Br閎euf	Br閎euf	September 2010	Br閎euf	2
#7649C8	28	2907	2	Br閎euf	Br閎euf	October 2010	Br閎euf	2
#7649C8	29	5033	2	Br茅beuf	Br茅beuf	July 2009	Br茅beuf	2
#7649C8	29	1445	2	Br茅beuf	Br茅beuf	August 2009	Br茅beuf	2
#7649C8	29	1330	2	Br茅beuf	Br茅beuf	September 2009	Br茅beuf	2
#7649C8	29	1215	2	Br茅beuf	Br茅beuf	October 2009	Br茅beuf	2
#7649C8	29	3672	2	Br閎euf	Br閎euf	June 2010	Br閎euf	2
#7649C8	29	6001	2	Br閎euf	Br閎euf	July 2010	Br閎euf	2
#7649C8	29	5130	2	Br閎euf	Br閎euf	August 2010	Br閎euf	2
#7649C8	29	3861	2	Br閎euf	Br閎euf	September 2010	Br閎euf	2
#7649C8	29	2141	2	Br閎euf	Br閎euf	October 2010	Br閎euf	2
#7649C8	30	7191	2	Br茅beuf	Br茅beuf	July 2009	Br茅beuf	2
#7649C8	30	3044	2	Br茅beuf	Br茅beuf	August 2009	Br茅beuf	2
#7649C8	30	1785	2	Br茅beuf	Br茅beuf	September 2009	Br茅beuf	2
#7649C8	30	955	2	Br茅beuf	Br茅beuf	October 2009	Br茅beuf	2
#7649C8	30	3561	2	Br閎euf	Br閎euf	June 2010	Br閎euf	2
#7649C8	30	5289	2	Br閎euf	Br閎euf	July 2010	Br閎euf	2
#7649C8	30	6335	2	Br閎euf	Br閎euf	August 2010	Br閎euf	2
#7649C8	30	1408	2	Br閎euf	Br閎euf	September 2010	Br閎euf	2
#7649C8	30	998	2	Br閎euf	Br閎euf	October 2010	Br閎euf	2
#7649C8	31	5237	2	Br茅beuf	Br茅beuf	July 2009	Br茅beuf	2
#7649C8	31	5927	2	Br茅beuf	Br茅beuf	August 2009	Br茅beuf	2
#7649C8	31	288	2	Br茅beuf	Br茅beuf	October 2009	Br茅beuf	2
#7649C8	31	4717	2	Br閎euf	Br閎euf	July 2010	Br閎euf	2
#7649C8	31	6302	2	Br閎euf	Br閎euf	August 2010	Br閎euf	2
#7649C8	31	837	2	Br閎euf	Br閎euf	October 2010	Br閎euf	2
#A799FF	1	1216	3	C魌e-Sainte-Catherine	C魌e-Sainte-Catherine	November 2010	C魌e-Sainte-Catherine	2
#A799FF	1	229	3	C魌e-Sainte-Catherine	C魌e-Sainte-Catherine	December 2010	C魌e-Sainte-Catherine	2
#A799FF	1	5	3	C么te-Sainte-Catherine	C么te-Sainte-Catherine	January 2011	C么te-Sainte-Catherine	2
#A799FF	1	388	3	C么te-Sainte-Catherine	C么te-Sainte-Catherine	April 2011	C么te-Sainte-Catherine	2
#A799FF	1	1415	3	C么te-Sainte-Catherine	C么te-Sainte-Catherine	May 2011	C么te-Sainte-Catherine	2
#A799FF	1	2398	3	C么te-Sainte-Catherine	C么te-Sainte-Catherine	June 2011	C么te-Sainte-Catherine	2
#A799FF	1	1471	3	C么te-Sainte-Catherine	C么te-Sainte-Catherine	July 2011	C么te-Sainte-Catherine	2
#A799FF	1	1579	3	C么te-Sainte-Catherine	C么te-Sainte-Catherine	August 2011	C么te-Sainte-Catherine	2
#A799FF	1	2923	3	C么te-Sainte-Catherine	C么te-Sainte-Catherine	September 2011	C么te-Sainte-Catherine	2
#A799FF	1	197	3	C么te-Sainte-Catherine	C么te-Sainte-Catherine	October 2011	C么te-Sainte-Catherine	2
#A799FF	1	341	3	C么te-Sainte-Catherine	C么te-Sainte-Catherine	April 2012	C么te-Sainte-Catherine	2
#A799FF	1	815	3	C么te-Sainte-Catherine	C么te-Sainte-Catherine	May 2012	C么te-Sainte-Catherine	2
#A799FF	1	2604	3	C么te-Sainte-Catherine	C么te-Sainte-Catherine	June 2012	C么te-Sainte-Catherine	2
#A799FF	1	1343	3	C么te-Sainte-Catherine	C么te-Sainte-Catherine	July 2012	C么te-Sainte-Catherine	2
#A799FF	1	1842	3	C么te-Sainte-Catherine	C么te-Sainte-Catherine	August 2012	C么te-Sainte-Catherine	2
#A799FF	1	1225	3	C么te-Sainte-Catherine	C么te-Sainte-Catherine	September 2012	C么te-Sainte-Catherine	2
#A799FF	1	1576	3	C么te-Sainte-Catherine	C么te-Sainte-Catherine	October 2012	C么te-Sainte-Catherine	2
#A799FF	1	1208	3	C么te-Sainte-Catherine	C么te-Sainte-Catherine	November 2012	C么te-Sainte-Catherine	2
#A799FF	1	24	3	C么te-Sainte-Catherine	C么te-Sainte-Catherine	February 2013	C么te-Sainte-Catherine	2
#A799FF	1	1	3	C么te-Sainte-Catherine	C么te-Sainte-Catherine	March 2013	C么te-Sainte-Catherine	2
#A799FF	1	245	3	C么te-Sainte-Catherine	C么te-Sainte-Catherine	April 2013	C么te-Sainte-Catherine	2
#A799FF	1	2946	3	C么te-Sainte-Catherine	C么te-Sainte-Catherine	May 2013	C么te-Sainte-Catherine	2
#A799FF	1	1532	3	C么te-Sainte-Catherine	C么te-Sainte-Catherine	June 2013	C么te-Sainte-Catherine	2
#A799FF	1	1580	3	C么te-Sainte-Catherine	C么te-Sainte-Catherine	July 2013	C么te-Sainte-Catherine	2
#A799FF	1	1651	3	C么te-Sainte-Catherine	C么te-Sainte-Catherine	August 2013	C么te-Sainte-Catherine	2
#A799FF	1	1389	3	C么te-Sainte-Catherine	C么te-Sainte-Catherine	September 2013	C么te-Sainte-Catherine	2
#A799FF	2	1362	3	C魌e-Sainte-Catherine	C魌e-Sainte-Catherine	November 2010	C魌e-Sainte-Catherine	2
#A799FF	2	454	3	C魌e-Sainte-Catherine	C魌e-Sainte-Catherine	December 2010	C魌e-Sainte-Catherine	2
#A799FF	2	21	3	C么te-Sainte-Catherine	C么te-Sainte-Catherine	January 2011	C么te-Sainte-Catherine	2
#A799FF	2	9	3	C么te-Sainte-Catherine	C么te-Sainte-Catherine	March 2011	C么te-Sainte-Catherine	2
#A799FF	2	392	3	C么te-Sainte-Catherine	C么te-Sainte-Catherine	April 2011	C么te-Sainte-Catherine	2
#A799FF	2	1050	3	C么te-Sainte-Catherine	C么te-Sainte-Catherine	May 2011	C么te-Sainte-Catherine	2
#A799FF	2	1969	3	C么te-Sainte-Catherine	C么te-Sainte-Catherine	June 2011	C么te-Sainte-Catherine	2
#A799FF	2	1345	3	C么te-Sainte-Catherine	C么te-Sainte-Catherine	July 2011	C么te-Sainte-Catherine	2
#A799FF	2	1977	3	C么te-Sainte-Catherine	C么te-Sainte-Catherine	August 2011	C么te-Sainte-Catherine	2
#A799FF	2	2635	3	C么te-Sainte-Catherine	C么te-Sainte-Catherine	September 2011	C么te-Sainte-Catherine	2
#A799FF	2	140	3	C么te-Sainte-Catherine	C么te-Sainte-Catherine	October 2011	C么te-Sainte-Catherine	2
#A799FF	2	1	3	C么te-Sainte-Catherine	C么te-Sainte-Catherine	January 2012	C么te-Sainte-Catherine	2
#A799FF	2	5	3	C么te-Sainte-Catherine	C么te-Sainte-Catherine	February 2012	C么te-Sainte-Catherine	2
#A799FF	2	967	3	C么te-Sainte-Catherine	C么te-Sainte-Catherine	April 2012	C么te-Sainte-Catherine	2
#A799FF	2	1677	3	C么te-Sainte-Catherine	C么te-Sainte-Catherine	May 2012	C么te-Sainte-Catherine	2
#A799FF	2	392	3	C么te-Sainte-Catherine	C么te-Sainte-Catherine	June 2012	C么te-Sainte-Catherine	2
#A799FF	2	1397	3	C么te-Sainte-Catherine	C么te-Sainte-Catherine	July 2012	C么te-Sainte-Catherine	2
#A799FF	2	2361	3	C么te-Sainte-Catherine	C么te-Sainte-Catherine	August 2012	C么te-Sainte-Catherine	2
#A799FF	2	1232	3	C么te-Sainte-Catherine	C么te-Sainte-Catherine	September 2012	C么te-Sainte-Catherine	2
#A799FF	2	2525	3	C么te-Sainte-Catherine	C么te-Sainte-Catherine	October 2012	C么te-Sainte-Catherine	2
#A799FF	2	737	3	C么te-Sainte-Catherine	C么te-Sainte-Catherine	November 2012	C么te-Sainte-Catherine	2
#A799FF	2	10	3	C么te-Sainte-Catherine	C么te-Sainte-Catherine	February 2013	C么te-Sainte-Catherine	2
#A799FF	2	1	3	C么te-Sainte-Catherine	C么te-Sainte-Catherine	March 2013	C么te-Sainte-Catherine	2
#A799FF	2	547	3	C么te-Sainte-Catherine	C么te-Sainte-Catherine	April 2013	C么te-Sainte-Catherine	2
#A799FF	2	2829	3	C么te-Sainte-Catherine	C么te-Sainte-Catherine	May 2013	C么te-Sainte-Catherine	2
#A799FF	2	1270	3	C么te-Sainte-Catherine	C么te-Sainte-Catherine	June 2013	C么te-Sainte-Catherine	2
#A799FF	2	1978	3	C么te-Sainte-Catherine	C么te-Sainte-Catherine	July 2013	C么te-Sainte-Catherine	2
#A799FF	2	1788	3	C么te-Sainte-Catherine	C么te-Sainte-Catherine	August 2013	C么te-Sainte-Catherine	2
#A799FF	2	802	3	C么te-Sainte-Catherine	C么te-Sainte-Catherine	September 2013	C么te-Sainte-Catherine	2
#A799FF	3	1405	3	C魌e-Sainte-Catherine	C魌e-Sainte-Catherine	November 2010	C魌e-Sainte-Catherine	2
#A799FF	3	523	3	C魌e-Sainte-Catherine	C魌e-Sainte-Catherine	December 2010	C魌e-Sainte-Catherine	2
#A799FF	3	30	3	C么te-Sainte-Catherine	C么te-Sainte-Catherine	January 2011	C么te-Sainte-Catherine	2
#A799FF	3	5	3	C么te-Sainte-Catherine	C么te-Sainte-Catherine	March 2011	C么te-Sainte-Catherine	2
#A799FF	3	472	3	C么te-Sainte-Catherine	C么te-Sainte-Catherine	April 2011	C么te-Sainte-Catherine	2
#A799FF	3	808	3	C么te-Sainte-Catherine	C么te-Sainte-Catherine	May 2011	C么te-Sainte-Catherine	2
#A799FF	3	2469	3	C么te-Sainte-Catherine	C么te-Sainte-Catherine	June 2011	C么te-Sainte-Catherine	2
#A799FF	3	1221	3	C么te-Sainte-Catherine	C么te-Sainte-Catherine	July 2011	C么te-Sainte-Catherine	2
#A799FF	3	2368	3	C么te-Sainte-Catherine	C么te-Sainte-Catherine	August 2011	C么te-Sainte-Catherine	2
#A799FF	3	1319	3	C么te-Sainte-Catherine	C么te-Sainte-Catherine	September 2011	C么te-Sainte-Catherine	2
#A799FF	3	467	3	C么te-Sainte-Catherine	C么te-Sainte-Catherine	October 2011	C么te-Sainte-Catherine	2
#A799FF	3	2	3	C么te-Sainte-Catherine	C么te-Sainte-Catherine	January 2012	C么te-Sainte-Catherine	2
#A799FF	3	1	3	C么te-Sainte-Catherine	C么te-Sainte-Catherine	February 2012	C么te-Sainte-Catherine	2
#A799FF	3	1078	3	C么te-Sainte-Catherine	C么te-Sainte-Catherine	April 2012	C么te-Sainte-Catherine	2
#A799FF	3	1618	3	C么te-Sainte-Catherine	C么te-Sainte-Catherine	May 2012	C么te-Sainte-Catherine	2
#A799FF	3	1897	3	C么te-Sainte-Catherine	C么te-Sainte-Catherine	June 2012	C么te-Sainte-Catherine	2
#A799FF	3	2634	3	C么te-Sainte-Catherine	C么te-Sainte-Catherine	July 2012	C么te-Sainte-Catherine	2
#A799FF	3	1915	3	C么te-Sainte-Catherine	C么te-Sainte-Catherine	August 2012	C么te-Sainte-Catherine	2
#A799FF	3	1532	3	C么te-Sainte-Catherine	C么te-Sainte-Catherine	September 2012	C么te-Sainte-Catherine	2
#A799FF	3	2377	3	C么te-Sainte-Catherine	C么te-Sainte-Catherine	October 2012	C么te-Sainte-Catherine	2
#A799FF	3	380	3	C么te-Sainte-Catherine	C么te-Sainte-Catherine	November 2012	C么te-Sainte-Catherine	2
#A799FF	3	2	3	C么te-Sainte-Catherine	C么te-Sainte-Catherine	January 2013	C么te-Sainte-Catherine	2
#A799FF	3	4	3	C么te-Sainte-Catherine	C么te-Sainte-Catherine	February 2013	C么te-Sainte-Catherine	2
#A799FF	3	614	3	C么te-Sainte-Catherine	C么te-Sainte-Catherine	April 2013	C么te-Sainte-Catherine	2
#A799FF	3	2520	3	C么te-Sainte-Catherine	C么te-Sainte-Catherine	May 2013	C么te-Sainte-Catherine	2
#A799FF	3	2599	3	C么te-Sainte-Catherine	C么te-Sainte-Catherine	June 2013	C么te-Sainte-Catherine	2
#A799FF	3	2767	3	C么te-Sainte-Catherine	C么te-Sainte-Catherine	July 2013	C么te-Sainte-Catherine	2
#A799FF	3	1184	3	C么te-Sainte-Catherine	C么te-Sainte-Catherine	August 2013	C么te-Sainte-Catherine	2
#A799FF	3	3174	3	C么te-Sainte-Catherine	C么te-Sainte-Catherine	September 2013	C么te-Sainte-Catherine	2
#A799FF	4	761	3	C魌e-Sainte-Catherine	C魌e-Sainte-Catherine	November 2010	C魌e-Sainte-Catherine	2
#A799FF	4	137	3	C魌e-Sainte-Catherine	C魌e-Sainte-Catherine	December 2010	C魌e-Sainte-Catherine	2
#A799FF	4	34	3	C么te-Sainte-Catherine	C么te-Sainte-Catherine	January 2011	C么te-Sainte-Catherine	2
#A799FF	4	2	3	C么te-Sainte-Catherine	C么te-Sainte-Catherine	March 2011	C么te-Sainte-Catherine	2
#A799FF	4	339	3	C么te-Sainte-Catherine	C么te-Sainte-Catherine	April 2011	C么te-Sainte-Catherine	2
#A799FF	4	551	3	C么te-Sainte-Catherine	C么te-Sainte-Catherine	May 2011	C么te-Sainte-Catherine	2
#A799FF	4	1605	3	C么te-Sainte-Catherine	C么te-Sainte-Catherine	June 2011	C么te-Sainte-Catherine	2
#A799FF	4	2431	3	C么te-Sainte-Catherine	C么te-Sainte-Catherine	July 2011	C么te-Sainte-Catherine	2
#A799FF	4	2225	3	C么te-Sainte-Catherine	C么te-Sainte-Catherine	August 2011	C么te-Sainte-Catherine	2
#A799FF	4	749	3	C么te-Sainte-Catherine	C么te-Sainte-Catherine	September 2011	C么te-Sainte-Catherine	2
#A799FF	4	669	3	C么te-Sainte-Catherine	C么te-Sainte-Catherine	October 2011	C么te-Sainte-Catherine	2
#A799FF	4	1	3	C么te-Sainte-Catherine	C么te-Sainte-Catherine	January 2012	C么te-Sainte-Catherine	2
#A799FF	4	2	3	C么te-Sainte-Catherine	C么te-Sainte-Catherine	March 2012	C么te-Sainte-Catherine	2
#A799FF	4	933	3	C么te-Sainte-Catherine	C么te-Sainte-Catherine	April 2012	C么te-Sainte-Catherine	2
#A799FF	4	1163	3	C么te-Sainte-Catherine	C么te-Sainte-Catherine	May 2012	C么te-Sainte-Catherine	2
#A799FF	4	1408	3	C么te-Sainte-Catherine	C么te-Sainte-Catherine	June 2012	C么te-Sainte-Catherine	2
#A799FF	4	2038	3	C么te-Sainte-Catherine	C么te-Sainte-Catherine	July 2012	C么te-Sainte-Catherine	2
#A799FF	4	1305	3	C么te-Sainte-Catherine	C么te-Sainte-Catherine	August 2012	C么te-Sainte-Catherine	2
#A799FF	4	1934	3	C么te-Sainte-Catherine	C么te-Sainte-Catherine	September 2012	C么te-Sainte-Catherine	2
#A799FF	4	2025	3	C么te-Sainte-Catherine	C么te-Sainte-Catherine	October 2012	C么te-Sainte-Catherine	2
#A799FF	4	446	3	C么te-Sainte-Catherine	C么te-Sainte-Catherine	November 2012	C么te-Sainte-Catherine	2
#A799FF	4	6	3	C么te-Sainte-Catherine	C么te-Sainte-Catherine	February 2013	C么te-Sainte-Catherine	2
#A799FF	4	1	3	C么te-Sainte-Catherine	C么te-Sainte-Catherine	March 2013	C么te-Sainte-Catherine	2
#A799FF	4	855	3	C么te-Sainte-Catherine	C么te-Sainte-Catherine	April 2013	C么te-Sainte-Catherine	2
#A799FF	4	1840	3	C么te-Sainte-Catherine	C么te-Sainte-Catherine	May 2013	C么te-Sainte-Catherine	2
#A799FF	4	2872	3	C么te-Sainte-Catherine	C么te-Sainte-Catherine	June 2013	C么te-Sainte-Catherine	2
#A799FF	4	2496	3	C么te-Sainte-Catherine	C么te-Sainte-Catherine	July 2013	C么te-Sainte-Catherine	2
#A799FF	4	975	3	C么te-Sainte-Catherine	C么te-Sainte-Catherine	August 2013	C么te-Sainte-Catherine	2
#A799FF	4	3258	3	C么te-Sainte-Catherine	C么te-Sainte-Catherine	September 2013	C么te-Sainte-Catherine	2
#A799FF	5	1131	3	C魌e-Sainte-Catherine	C魌e-Sainte-Catherine	October 2010	C魌e-Sainte-Catherine	2
#A799FF	5	509	3	C魌e-Sainte-Catherine	C魌e-Sainte-Catherine	November 2010	C魌e-Sainte-Catherine	2
#A799FF	5	51	3	C魌e-Sainte-Catherine	C魌e-Sainte-Catherine	December 2010	C魌e-Sainte-Catherine	2
#A799FF	5	26	3	C么te-Sainte-Catherine	C么te-Sainte-Catherine	January 2011	C么te-Sainte-Catherine	2
#A799FF	5	423	3	C么te-Sainte-Catherine	C么te-Sainte-Catherine	April 2011	C么te-Sainte-Catherine	2
#A799FF	5	551	3	C么te-Sainte-Catherine	C么te-Sainte-Catherine	May 2011	C么te-Sainte-Catherine	2
#A799FF	5	2150	3	C么te-Sainte-Catherine	C么te-Sainte-Catherine	June 2011	C么te-Sainte-Catherine	2
#A799FF	5	2592	3	C么te-Sainte-Catherine	C么te-Sainte-Catherine	July 2011	C么te-Sainte-Catherine	2
#A799FF	5	1921	3	C么te-Sainte-Catherine	C么te-Sainte-Catherine	August 2011	C么te-Sainte-Catherine	2
#A799FF	5	485	3	C么te-Sainte-Catherine	C么te-Sainte-Catherine	September 2011	C么te-Sainte-Catherine	2
#A799FF	5	953	3	C么te-Sainte-Catherine	C么te-Sainte-Catherine	October 2011	C么te-Sainte-Catherine	2
#A799FF	5	2	3	C么te-Sainte-Catherine	C么te-Sainte-Catherine	January 2012	C么te-Sainte-Catherine	2
#A799FF	5	1	3	C么te-Sainte-Catherine	C么te-Sainte-Catherine	March 2012	C么te-Sainte-Catherine	2
#A799FF	5	1036	3	C么te-Sainte-Catherine	C么te-Sainte-Catherine	April 2012	C么te-Sainte-Catherine	2
#A799FF	5	1366	3	C么te-Sainte-Catherine	C么te-Sainte-Catherine	May 2012	C么te-Sainte-Catherine	2
#A799FF	5	2721	3	C么te-Sainte-Catherine	C么te-Sainte-Catherine	June 2012	C么te-Sainte-Catherine	2
#A799FF	5	2603	3	C么te-Sainte-Catherine	C么te-Sainte-Catherine	July 2012	C么te-Sainte-Catherine	2
#A799FF	5	630	3	C么te-Sainte-Catherine	C么te-Sainte-Catherine	August 2012	C么te-Sainte-Catherine	2
#A799FF	5	2722	3	C么te-Sainte-Catherine	C么te-Sainte-Catherine	September 2012	C么te-Sainte-Catherine	2
#A799FF	5	1977	3	C么te-Sainte-Catherine	C么te-Sainte-Catherine	October 2012	C么te-Sainte-Catherine	2
#A799FF	5	1170	3	C么te-Sainte-Catherine	C么te-Sainte-Catherine	November 2012	C么te-Sainte-Catherine	2
#A799FF	5	4	3	C么te-Sainte-Catherine	C么te-Sainte-Catherine	January 2013	C么te-Sainte-Catherine	2
#A799FF	5	8	3	C么te-Sainte-Catherine	C么te-Sainte-Catherine	February 2013	C么te-Sainte-Catherine	2
#A799FF	5	2	3	C么te-Sainte-Catherine	C么te-Sainte-Catherine	March 2013	C么te-Sainte-Catherine	2
#A799FF	5	543	3	C么te-Sainte-Catherine	C么te-Sainte-Catherine	April 2013	C么te-Sainte-Catherine	2
#A799FF	5	1967	3	C么te-Sainte-Catherine	C么te-Sainte-Catherine	May 2013	C么te-Sainte-Catherine	2
#A799FF	5	2810	3	C么te-Sainte-Catherine	C么te-Sainte-Catherine	June 2013	C么te-Sainte-Catherine	2
#A799FF	5	2087	3	C么te-Sainte-Catherine	C么te-Sainte-Catherine	July 2013	C么te-Sainte-Catherine	2
#A799FF	5	2402	3	C么te-Sainte-Catherine	C么te-Sainte-Catherine	August 2013	C么te-Sainte-Catherine	2
#A799FF	5	3292	3	C么te-Sainte-Catherine	C么te-Sainte-Catherine	September 2013	C么te-Sainte-Catherine	2
#A799FF	6	1239	3	C魌e-Sainte-Catherine	C魌e-Sainte-Catherine	October 2010	C魌e-Sainte-Catherine	2
#A799FF	6	486	3	C魌e-Sainte-Catherine	C魌e-Sainte-Catherine	November 2010	C魌e-Sainte-Catherine	2
#A799FF	6	118	3	C魌e-Sainte-Catherine	C魌e-Sainte-Catherine	December 2010	C魌e-Sainte-Catherine	2
#A799FF	6	20	3	C么te-Sainte-Catherine	C么te-Sainte-Catherine	January 2011	C么te-Sainte-Catherine	2
#A799FF	6	1	3	C么te-Sainte-Catherine	C么te-Sainte-Catherine	February 2011	C么te-Sainte-Catherine	2
#A799FF	6	820	3	C么te-Sainte-Catherine	C么te-Sainte-Catherine	April 2011	C么te-Sainte-Catherine	2
#A799FF	6	1280	3	C么te-Sainte-Catherine	C么te-Sainte-Catherine	May 2011	C么te-Sainte-Catherine	2
#A799FF	6	2695	3	C么te-Sainte-Catherine	C么te-Sainte-Catherine	June 2011	C么te-Sainte-Catherine	2
#A799FF	6	1927	3	C么te-Sainte-Catherine	C么te-Sainte-Catherine	July 2011	C么te-Sainte-Catherine	2
#A799FF	6	1309	3	C么te-Sainte-Catherine	C么te-Sainte-Catherine	August 2011	C么te-Sainte-Catherine	2
#A799FF	6	2643	3	C么te-Sainte-Catherine	C么te-Sainte-Catherine	September 2011	C么te-Sainte-Catherine	2
#A799FF	6	878	3	C么te-Sainte-Catherine	C么te-Sainte-Catherine	October 2011	C么te-Sainte-Catherine	2
#A799FF	6	1	3	C么te-Sainte-Catherine	C么te-Sainte-Catherine	February 2012	C么te-Sainte-Catherine	2
#A799FF	6	650	3	C么te-Sainte-Catherine	C么te-Sainte-Catherine	April 2012	C么te-Sainte-Catherine	2
#A799FF	6	1525	3	C么te-Sainte-Catherine	C么te-Sainte-Catherine	May 2012	C么te-Sainte-Catherine	2
#A799FF	6	2724	3	C么te-Sainte-Catherine	C么te-Sainte-Catherine	June 2012	C么te-Sainte-Catherine	2
#A799FF	6	2095	3	C么te-Sainte-Catherine	C么te-Sainte-Catherine	July 2012	C么te-Sainte-Catherine	2
#A799FF	6	2277	3	C么te-Sainte-Catherine	C么te-Sainte-Catherine	August 2012	C么te-Sainte-Catherine	2
#A799FF	6	2883	3	C么te-Sainte-Catherine	C么te-Sainte-Catherine	September 2012	C么te-Sainte-Catherine	2
#A799FF	6	469	3	C么te-Sainte-Catherine	C么te-Sainte-Catherine	October 2012	C么te-Sainte-Catherine	2
#A799FF	6	9	3	C么te-Sainte-Catherine	C么te-Sainte-Catherine	February 2013	C么te-Sainte-Catherine	2
#A799FF	6	6	3	C么te-Sainte-Catherine	C么te-Sainte-Catherine	March 2013	C么te-Sainte-Catherine	2
#A799FF	6	414	3	C么te-Sainte-Catherine	C么te-Sainte-Catherine	April 2013	C么te-Sainte-Catherine	2
#A799FF	6	3103	3	C么te-Sainte-Catherine	C么te-Sainte-Catherine	May 2013	C么te-Sainte-Catherine	2
#A799FF	6	1727	3	C么te-Sainte-Catherine	C么te-Sainte-Catherine	June 2013	C么te-Sainte-Catherine	2
#A799FF	6	1447	3	C么te-Sainte-Catherine	C么te-Sainte-Catherine	July 2013	C么te-Sainte-Catherine	2
#A799FF	6	2516	3	C么te-Sainte-Catherine	C么te-Sainte-Catherine	August 2013	C么te-Sainte-Catherine	2
#A799FF	6	2848	3	C么te-Sainte-Catherine	C么te-Sainte-Catherine	September 2013	C么te-Sainte-Catherine	2
#A799FF	7	1158	3	C魌e-Sainte-Catherine	C魌e-Sainte-Catherine	October 2010	C魌e-Sainte-Catherine	2
#A799FF	7	474	3	C魌e-Sainte-Catherine	C魌e-Sainte-Catherine	November 2010	C魌e-Sainte-Catherine	2
#A799FF	7	19	3	C么te-Sainte-Catherine	C么te-Sainte-Catherine	January 2011	C么te-Sainte-Catherine	2
#A799FF	7	964	3	C么te-Sainte-Catherine	C么te-Sainte-Catherine	April 2011	C么te-Sainte-Catherine	2
#A799FF	7	1178	3	C么te-Sainte-Catherine	C么te-Sainte-Catherine	May 2011	C么te-Sainte-Catherine	2
#A799FF	7	2890	3	C么te-Sainte-Catherine	C么te-Sainte-Catherine	June 2011	C么te-Sainte-Catherine	2
#A799FF	7	2627	3	C么te-Sainte-Catherine	C么te-Sainte-Catherine	July 2011	C么te-Sainte-Catherine	2
#A799FF	7	988	3	C么te-Sainte-Catherine	C么te-Sainte-Catherine	August 2011	C么te-Sainte-Catherine	2
#A799FF	7	2390	3	C么te-Sainte-Catherine	C么te-Sainte-Catherine	September 2011	C么te-Sainte-Catherine	2
#A799FF	7	730	3	C么te-Sainte-Catherine	C么te-Sainte-Catherine	October 2011	C么te-Sainte-Catherine	2
#A799FF	7	2	3	C么te-Sainte-Catherine	C么te-Sainte-Catherine	January 2012	C么te-Sainte-Catherine	2
#A799FF	7	3	3	C么te-Sainte-Catherine	C么te-Sainte-Catherine	March 2012	C么te-Sainte-Catherine	2
#A799FF	7	494	3	C么te-Sainte-Catherine	C么te-Sainte-Catherine	April 2012	C么te-Sainte-Catherine	2
#A799FF	7	2573	3	C么te-Sainte-Catherine	C么te-Sainte-Catherine	May 2012	C么te-Sainte-Catherine	2
#A799FF	7	2607	3	C么te-Sainte-Catherine	C么te-Sainte-Catherine	June 2012	C么te-Sainte-Catherine	2
#A799FF	7	1289	3	C么te-Sainte-Catherine	C么te-Sainte-Catherine	July 2012	C么te-Sainte-Catherine	2
#A799FF	7	2410	3	C么te-Sainte-Catherine	C么te-Sainte-Catherine	August 2012	C么te-Sainte-Catherine	2
#A799FF	7	2720	3	C么te-Sainte-Catherine	C么te-Sainte-Catherine	September 2012	C么te-Sainte-Catherine	2
#A799FF	7	660	3	C么te-Sainte-Catherine	C么te-Sainte-Catherine	October 2012	C么te-Sainte-Catherine	2
#A799FF	7	7	3	C么te-Sainte-Catherine	C么te-Sainte-Catherine	February 2013	C么te-Sainte-Catherine	2
#A799FF	7	7	3	C么te-Sainte-Catherine	C么te-Sainte-Catherine	March 2013	C么te-Sainte-Catherine	2
#A799FF	7	375	3	C么te-Sainte-Catherine	C么te-Sainte-Catherine	April 2013	C么te-Sainte-Catherine	2
#A799FF	7	3268	3	C么te-Sainte-Catherine	C么te-Sainte-Catherine	May 2013	C么te-Sainte-Catherine	2
#A799FF	7	958	3	C么te-Sainte-Catherine	C么te-Sainte-Catherine	June 2013	C么te-Sainte-Catherine	2
#A799FF	7	1282	3	C么te-Sainte-Catherine	C么te-Sainte-Catherine	July 2013	C么te-Sainte-Catherine	2
#A799FF	7	2192	3	C么te-Sainte-Catherine	C么te-Sainte-Catherine	August 2013	C么te-Sainte-Catherine	2
#A799FF	7	1137	3	C么te-Sainte-Catherine	C么te-Sainte-Catherine	September 2013	C么te-Sainte-Catherine	2
#A799FF	8	1132	3	C魌e-Sainte-Catherine	C魌e-Sainte-Catherine	October 2010	C魌e-Sainte-Catherine	2
#A799FF	8	809	3	C魌e-Sainte-Catherine	C魌e-Sainte-Catherine	November 2010	C魌e-Sainte-Catherine	2
#A799FF	8	5	3	C么te-Sainte-Catherine	C么te-Sainte-Catherine	January 2011	C么te-Sainte-Catherine	2
#A799FF	8	997	3	C么te-Sainte-Catherine	C么te-Sainte-Catherine	April 2011	C么te-Sainte-Catherine	2
#A799FF	8	1349	3	C么te-Sainte-Catherine	C么te-Sainte-Catherine	May 2011	C么te-Sainte-Catherine	2
#A799FF	8	2265	3	C么te-Sainte-Catherine	C么te-Sainte-Catherine	June 2011	C么te-Sainte-Catherine	2
#A799FF	8	2105	3	C么te-Sainte-Catherine	C么te-Sainte-Catherine	July 2011	C么te-Sainte-Catherine	2
#A799FF	8	2113	3	C么te-Sainte-Catherine	C么te-Sainte-Catherine	August 2011	C么te-Sainte-Catherine	2
#A799FF	8	3140	3	C么te-Sainte-Catherine	C么te-Sainte-Catherine	September 2011	C么te-Sainte-Catherine	2
#A799FF	8	407	3	C么te-Sainte-Catherine	C么te-Sainte-Catherine	October 2011	C么te-Sainte-Catherine	2
#A799FF	8	1	3	C么te-Sainte-Catherine	C么te-Sainte-Catherine	January 2012	C么te-Sainte-Catherine	2
#A799FF	8	6	3	C么te-Sainte-Catherine	C么te-Sainte-Catherine	March 2012	C么te-Sainte-Catherine	2
#A799FF	8	560	3	C么te-Sainte-Catherine	C么te-Sainte-Catherine	April 2012	C么te-Sainte-Catherine	2
#A799FF	8	625	3	C么te-Sainte-Catherine	C么te-Sainte-Catherine	May 2012	C么te-Sainte-Catherine	2
#A799FF	8	1833	3	C么te-Sainte-Catherine	C么te-Sainte-Catherine	June 2012	C么te-Sainte-Catherine	2
#A799FF	8	1497	3	C么te-Sainte-Catherine	C么te-Sainte-Catherine	July 2012	C么te-Sainte-Catherine	2
#A799FF	8	2313	3	C么te-Sainte-Catherine	C么te-Sainte-Catherine	August 2012	C么te-Sainte-Catherine	2
#A799FF	8	1192	3	C么te-Sainte-Catherine	C么te-Sainte-Catherine	September 2012	C么te-Sainte-Catherine	2
#A799FF	8	880	3	C么te-Sainte-Catherine	C么te-Sainte-Catherine	October 2012	C么te-Sainte-Catherine	2
#A799FF	8	12	3	C么te-Sainte-Catherine	C么te-Sainte-Catherine	March 2013	C么te-Sainte-Catherine	2
#A799FF	8	1170	3	C么te-Sainte-Catherine	C么te-Sainte-Catherine	April 2013	C么te-Sainte-Catherine	2
#A799FF	8	3212	3	C么te-Sainte-Catherine	C么te-Sainte-Catherine	May 2013	C么te-Sainte-Catherine	2
#A799FF	8	642	3	C么te-Sainte-Catherine	C么te-Sainte-Catherine	June 2013	C么te-Sainte-Catherine	2
#A799FF	8	2484	3	C么te-Sainte-Catherine	C么te-Sainte-Catherine	July 2013	C么te-Sainte-Catherine	2
#A799FF	8	2131	3	C么te-Sainte-Catherine	C么te-Sainte-Catherine	August 2013	C么te-Sainte-Catherine	2
#A799FF	8	1423	3	C么te-Sainte-Catherine	C么te-Sainte-Catherine	September 2013	C么te-Sainte-Catherine	2
#A799FF	9	685	3	C魌e-Sainte-Catherine	C魌e-Sainte-Catherine	October 2010	C魌e-Sainte-Catherine	2
#A799FF	9	1142	3	C魌e-Sainte-Catherine	C魌e-Sainte-Catherine	November 2010	C魌e-Sainte-Catherine	2
#A799FF	9	5	3	C么te-Sainte-Catherine	C么te-Sainte-Catherine	January 2011	C么te-Sainte-Catherine	2
#A799FF	9	6	3	C么te-Sainte-Catherine	C么te-Sainte-Catherine	March 2011	C么te-Sainte-Catherine	2
#A799FF	9	788	3	C么te-Sainte-Catherine	C么te-Sainte-Catherine	April 2011	C么te-Sainte-Catherine	2
#A799FF	9	2171	3	C么te-Sainte-Catherine	C么te-Sainte-Catherine	May 2011	C么te-Sainte-Catherine	2
#A799FF	9	2083	3	C么te-Sainte-Catherine	C么te-Sainte-Catherine	June 2011	C么te-Sainte-Catherine	2
#A799FF	9	1484	3	C么te-Sainte-Catherine	C么te-Sainte-Catherine	July 2011	C么te-Sainte-Catherine	2
#A799FF	9	2009	3	C么te-Sainte-Catherine	C么te-Sainte-Catherine	August 2011	C么te-Sainte-Catherine	2
#A799FF	9	2638	3	C么te-Sainte-Catherine	C么te-Sainte-Catherine	September 2011	C么te-Sainte-Catherine	2
#A799FF	9	534	3	C么te-Sainte-Catherine	C么te-Sainte-Catherine	October 2011	C么te-Sainte-Catherine	2
#A799FF	9	2	3	C么te-Sainte-Catherine	C么te-Sainte-Catherine	January 2012	C么te-Sainte-Catherine	2
#A799FF	9	8	3	C么te-Sainte-Catherine	C么te-Sainte-Catherine	March 2012	C么te-Sainte-Catherine	2
#A799FF	9	298	3	C么te-Sainte-Catherine	C么te-Sainte-Catherine	April 2012	C么te-Sainte-Catherine	2
#A799FF	9	1545	3	C么te-Sainte-Catherine	C么te-Sainte-Catherine	May 2012	C么te-Sainte-Catherine	2
#A799FF	9	1672	3	C么te-Sainte-Catherine	C么te-Sainte-Catherine	June 2012	C么te-Sainte-Catherine	2
#A799FF	9	2330	3	C么te-Sainte-Catherine	C么te-Sainte-Catherine	July 2012	C么te-Sainte-Catherine	2
#A799FF	9	1802	3	C么te-Sainte-Catherine	C么te-Sainte-Catherine	August 2012	C么te-Sainte-Catherine	2
#A799FF	9	1810	3	C么te-Sainte-Catherine	C么te-Sainte-Catherine	September 2012	C么te-Sainte-Catherine	2
#A799FF	9	2210	3	C么te-Sainte-Catherine	C么te-Sainte-Catherine	October 2012	C么te-Sainte-Catherine	2
#A799FF	9	24	3	C么te-Sainte-Catherine	C么te-Sainte-Catherine	March 2013	C么te-Sainte-Catherine	2
#A799FF	9	783	3	C么te-Sainte-Catherine	C么te-Sainte-Catherine	April 2013	C么te-Sainte-Catherine	2
#A799FF	9	2158	3	C么te-Sainte-Catherine	C么te-Sainte-Catherine	May 2013	C么te-Sainte-Catherine	2
#A799FF	9	1653	3	C么te-Sainte-Catherine	C么te-Sainte-Catherine	June 2013	C么te-Sainte-Catherine	2
#A799FF	9	2842	3	C么te-Sainte-Catherine	C么te-Sainte-Catherine	July 2013	C么te-Sainte-Catherine	2
#A799FF	9	1742	3	C么te-Sainte-Catherine	C么te-Sainte-Catherine	August 2013	C么te-Sainte-Catherine	2
#A799FF	9	3202	3	C么te-Sainte-Catherine	C么te-Sainte-Catherine	September 2013	C么te-Sainte-Catherine	2
#A799FF	10	577	3	C魌e-Sainte-Catherine	C魌e-Sainte-Catherine	October 2010	C魌e-Sainte-Catherine	2
#A799FF	10	1273	3	C魌e-Sainte-Catherine	C魌e-Sainte-Catherine	November 2010	C魌e-Sainte-Catherine	2
#A799FF	10	24	3	C魌e-Sainte-Catherine	C魌e-Sainte-Catherine	December 2010	C魌e-Sainte-Catherine	2
#A799FF	10	8	3	C么te-Sainte-Catherine	C么te-Sainte-Catherine	January 2011	C么te-Sainte-Catherine	2
#A799FF	10	15	3	C么te-Sainte-Catherine	C么te-Sainte-Catherine	February 2011	C么te-Sainte-Catherine	2
#A799FF	10	1	3	C么te-Sainte-Catherine	C么te-Sainte-Catherine	March 2011	C么te-Sainte-Catherine	2
#A799FF	10	673	3	C么te-Sainte-Catherine	C么te-Sainte-Catherine	April 2011	C么te-Sainte-Catherine	2
#A799FF	10	2294	3	C么te-Sainte-Catherine	C么te-Sainte-Catherine	May 2011	C么te-Sainte-Catherine	2
#A799FF	10	2410	3	C么te-Sainte-Catherine	C么te-Sainte-Catherine	June 2011	C么te-Sainte-Catherine	2
#A799FF	10	1492	3	C么te-Sainte-Catherine	C么te-Sainte-Catherine	July 2011	C么te-Sainte-Catherine	2
#A799FF	10	1396	3	C么te-Sainte-Catherine	C么te-Sainte-Catherine	August 2011	C么te-Sainte-Catherine	2
#A799FF	10	2050	3	C么te-Sainte-Catherine	C么te-Sainte-Catherine	September 2011	C么te-Sainte-Catherine	2
#A799FF	10	523	3	C么te-Sainte-Catherine	C么te-Sainte-Catherine	October 2011	C么te-Sainte-Catherine	2
#A799FF	10	3	3	C么te-Sainte-Catherine	C么te-Sainte-Catherine	January 2012	C么te-Sainte-Catherine	2
#A799FF	10	1	3	C么te-Sainte-Catherine	C么te-Sainte-Catherine	February 2012	C么te-Sainte-Catherine	2
#A799FF	10	13	3	C么te-Sainte-Catherine	C么te-Sainte-Catherine	March 2012	C么te-Sainte-Catherine	2
#A799FF	10	909	3	C么te-Sainte-Catherine	C么te-Sainte-Catherine	April 2012	C么te-Sainte-Catherine	2
#A799FF	10	1227	3	C么te-Sainte-Catherine	C么te-Sainte-Catherine	May 2012	C么te-Sainte-Catherine	2
#A799FF	10	1812	3	C么te-Sainte-Catherine	C么te-Sainte-Catherine	June 2012	C么te-Sainte-Catherine	2
#A799FF	10	2625	3	C么te-Sainte-Catherine	C么te-Sainte-Catherine	July 2012	C么te-Sainte-Catherine	2
#A799FF	10	934	3	C么te-Sainte-Catherine	C么te-Sainte-Catherine	August 2012	C么te-Sainte-Catherine	2
#A799FF	10	2792	3	C么te-Sainte-Catherine	C么te-Sainte-Catherine	September 2012	C么te-Sainte-Catherine	2
#A799FF	10	1537	3	C么te-Sainte-Catherine	C么te-Sainte-Catherine	October 2012	C么te-Sainte-Catherine	2
#A799FF	10	43	3	C么te-Sainte-Catherine	C么te-Sainte-Catherine	March 2013	C么te-Sainte-Catherine	2
#A799FF	10	1230	3	C么te-Sainte-Catherine	C么te-Sainte-Catherine	April 2013	C么te-Sainte-Catherine	2
#A799FF	10	2398	3	C么te-Sainte-Catherine	C么te-Sainte-Catherine	May 2013	C么te-Sainte-Catherine	2
#A799FF	10	2833	3	C么te-Sainte-Catherine	C么te-Sainte-Catherine	June 2013	C么te-Sainte-Catherine	2
#A799FF	10	1941	3	C么te-Sainte-Catherine	C么te-Sainte-Catherine	July 2013	C么te-Sainte-Catherine	2
#A799FF	10	1268	3	C么te-Sainte-Catherine	C么te-Sainte-Catherine	August 2013	C么te-Sainte-Catherine	2
#A799FF	10	1697	3	C么te-Sainte-Catherine	C么te-Sainte-Catherine	September 2013	C么te-Sainte-Catherine	2
#A799FF	11	834	3	C魌e-Sainte-Catherine	C魌e-Sainte-Catherine	October 2010	C魌e-Sainte-Catherine	2
#A799FF	11	1224	3	C魌e-Sainte-Catherine	C魌e-Sainte-Catherine	November 2010	C魌e-Sainte-Catherine	2
#A799FF	11	8	3	C魌e-Sainte-Catherine	C魌e-Sainte-Catherine	December 2010	C魌e-Sainte-Catherine	2
#A799FF	11	6	3	C么te-Sainte-Catherine	C么te-Sainte-Catherine	January 2011	C么te-Sainte-Catherine	2
#A799FF	11	7	3	C么te-Sainte-Catherine	C么te-Sainte-Catherine	February 2011	C么te-Sainte-Catherine	2
#A799FF	11	2	3	C么te-Sainte-Catherine	C么te-Sainte-Catherine	March 2011	C么te-Sainte-Catherine	2
#A799FF	11	569	3	C么te-Sainte-Catherine	C么te-Sainte-Catherine	April 2011	C么te-Sainte-Catherine	2
#A799FF	11	2306	3	C么te-Sainte-Catherine	C么te-Sainte-Catherine	May 2011	C么te-Sainte-Catherine	2
#A799FF	11	1272	3	C么te-Sainte-Catherine	C么te-Sainte-Catherine	June 2011	C么te-Sainte-Catherine	2
#A799FF	11	1909	3	C么te-Sainte-Catherine	C么te-Sainte-Catherine	July 2011	C么te-Sainte-Catherine	2
#A799FF	11	1926	3	C么te-Sainte-Catherine	C么te-Sainte-Catherine	August 2011	C么te-Sainte-Catherine	2
#A799FF	11	1970	3	C么te-Sainte-Catherine	C么te-Sainte-Catherine	September 2011	C么te-Sainte-Catherine	2
#A799FF	11	934	3	C么te-Sainte-Catherine	C么te-Sainte-Catherine	October 2011	C么te-Sainte-Catherine	2
#A799FF	11	60	3	C么te-Sainte-Catherine	C么te-Sainte-Catherine	March 2012	C么te-Sainte-Catherine	2
#A799FF	11	1049	3	C么te-Sainte-Catherine	C么te-Sainte-Catherine	April 2012	C么te-Sainte-Catherine	2
#A799FF	11	1803	3	C么te-Sainte-Catherine	C么te-Sainte-Catherine	May 2012	C么te-Sainte-Catherine	2
#A799FF	11	2577	3	C么te-Sainte-Catherine	C么te-Sainte-Catherine	June 2012	C么te-Sainte-Catherine	2
#A799FF	11	2548	3	C么te-Sainte-Catherine	C么te-Sainte-Catherine	July 2012	C么te-Sainte-Catherine	2
#A799FF	11	815	3	C么te-Sainte-Catherine	C么te-Sainte-Catherine	August 2012	C么te-Sainte-Catherine	2
#A799FF	11	2913	3	C么te-Sainte-Catherine	C么te-Sainte-Catherine	September 2012	C么te-Sainte-Catherine	2
#A799FF	11	1857	3	C么te-Sainte-Catherine	C么te-Sainte-Catherine	October 2012	C么te-Sainte-Catherine	2
#A799FF	11	2	3	C么te-Sainte-Catherine	C么te-Sainte-Catherine	February 2013	C么te-Sainte-Catherine	2
#A799FF	11	227	3	C么te-Sainte-Catherine	C么te-Sainte-Catherine	March 2013	C么te-Sainte-Catherine	2
#A799FF	11	994	3	C么te-Sainte-Catherine	C么te-Sainte-Catherine	April 2013	C么te-Sainte-Catherine	2
#A799FF	11	716	3	C么te-Sainte-Catherine	C么te-Sainte-Catherine	May 2013	C么te-Sainte-Catherine	2
#A799FF	11	560	3	C么te-Sainte-Catherine	C么te-Sainte-Catherine	June 2013	C么te-Sainte-Catherine	2
#A799FF	11	2763	3	C么te-Sainte-Catherine	C么te-Sainte-Catherine	July 2013	C么te-Sainte-Catherine	2
#A799FF	11	1358	3	C么te-Sainte-Catherine	C么te-Sainte-Catherine	August 2013	C么te-Sainte-Catherine	2
#A799FF	11	2997	3	C么te-Sainte-Catherine	C么te-Sainte-Catherine	September 2013	C么te-Sainte-Catherine	2
#A799FF	12	1879	3	C魌e-Sainte-Catherine	C魌e-Sainte-Catherine	October 2010	C魌e-Sainte-Catherine	2
#A799FF	12	1078	3	C魌e-Sainte-Catherine	C魌e-Sainte-Catherine	November 2010	C魌e-Sainte-Catherine	2
#A799FF	12	1	3	C魌e-Sainte-Catherine	C魌e-Sainte-Catherine	December 2010	C魌e-Sainte-Catherine	2
#A799FF	12	6	3	C么te-Sainte-Catherine	C么te-Sainte-Catherine	January 2011	C么te-Sainte-Catherine	2
#A799FF	12	5	3	C么te-Sainte-Catherine	C么te-Sainte-Catherine	February 2011	C么te-Sainte-Catherine	2
#A799FF	12	1285	3	C么te-Sainte-Catherine	C么te-Sainte-Catherine	April 2011	C么te-Sainte-Catherine	2
#A799FF	12	2294	3	C么te-Sainte-Catherine	C么te-Sainte-Catherine	May 2011	C么te-Sainte-Catherine	2
#A799FF	12	379	3	C么te-Sainte-Catherine	C么te-Sainte-Catherine	June 2011	C么te-Sainte-Catherine	2
#A799FF	12	2337	3	C么te-Sainte-Catherine	C么te-Sainte-Catherine	July 2011	C么te-Sainte-Catherine	2
#A799FF	12	1705	3	C么te-Sainte-Catherine	C么te-Sainte-Catherine	August 2011	C么te-Sainte-Catherine	2
#A799FF	12	2401	3	C么te-Sainte-Catherine	C么te-Sainte-Catherine	September 2011	C么te-Sainte-Catherine	2
#A799FF	12	917	3	C么te-Sainte-Catherine	C么te-Sainte-Catherine	October 2011	C么te-Sainte-Catherine	2
#A799FF	12	1	3	C么te-Sainte-Catherine	C么te-Sainte-Catherine	January 2012	C么te-Sainte-Catherine	2
#A799FF	12	179	3	C么te-Sainte-Catherine	C么te-Sainte-Catherine	March 2012	C么te-Sainte-Catherine	2
#A799FF	12	1483	3	C么te-Sainte-Catherine	C么te-Sainte-Catherine	April 2012	C么te-Sainte-Catherine	2
#A799FF	12	1457	3	C么te-Sainte-Catherine	C么te-Sainte-Catherine	May 2012	C么te-Sainte-Catherine	2
#A799FF	12	1556	3	C么te-Sainte-Catherine	C么te-Sainte-Catherine	June 2012	C么te-Sainte-Catherine	2
#A799FF	12	2371	3	C么te-Sainte-Catherine	C么te-Sainte-Catherine	July 2012	C么te-Sainte-Catherine	2
#A799FF	12	1338	3	C么te-Sainte-Catherine	C么te-Sainte-Catherine	August 2012	C么te-Sainte-Catherine	2
#A799FF	12	3124	3	C么te-Sainte-Catherine	C么te-Sainte-Catherine	September 2012	C么te-Sainte-Catherine	2
#A799FF	12	1460	3	C么te-Sainte-Catherine	C么te-Sainte-Catherine	October 2012	C么te-Sainte-Catherine	2
#A799FF	12	153	3	C么te-Sainte-Catherine	C么te-Sainte-Catherine	March 2013	C么te-Sainte-Catherine	2
#A799FF	12	141	3	C么te-Sainte-Catherine	C么te-Sainte-Catherine	April 2013	C么te-Sainte-Catherine	2
#A799FF	12	1020	3	C么te-Sainte-Catherine	C么te-Sainte-Catherine	May 2013	C么te-Sainte-Catherine	2
#A799FF	12	2480	3	C么te-Sainte-Catherine	C么te-Sainte-Catherine	June 2013	C么te-Sainte-Catherine	2
#A799FF	12	2349	3	C么te-Sainte-Catherine	C么te-Sainte-Catherine	July 2013	C么te-Sainte-Catherine	2
#A799FF	12	2395	3	C么te-Sainte-Catherine	C么te-Sainte-Catherine	August 2013	C么te-Sainte-Catherine	2
#A799FF	12	1646	3	C么te-Sainte-Catherine	C么te-Sainte-Catherine	September 2013	C么te-Sainte-Catherine	2
#A799FF	13	1921	3	C魌e-Sainte-Catherine	C魌e-Sainte-Catherine	October 2010	C魌e-Sainte-Catherine	2
#A799FF	13	552	3	C魌e-Sainte-Catherine	C魌e-Sainte-Catherine	November 2010	C魌e-Sainte-Catherine	2
#A799FF	13	15	3	C魌e-Sainte-Catherine	C魌e-Sainte-Catherine	December 2010	C魌e-Sainte-Catherine	2
#A799FF	13	6	3	C么te-Sainte-Catherine	C么te-Sainte-Catherine	January 2011	C么te-Sainte-Catherine	2
#A799FF	13	552	3	C么te-Sainte-Catherine	C么te-Sainte-Catherine	April 2011	C么te-Sainte-Catherine	2
#A799FF	13	1792	3	C么te-Sainte-Catherine	C么te-Sainte-Catherine	May 2011	C么te-Sainte-Catherine	2
#A799FF	13	1113	3	C么te-Sainte-Catherine	C么te-Sainte-Catherine	June 2011	C么te-Sainte-Catherine	2
#A799FF	13	2334	3	C么te-Sainte-Catherine	C么te-Sainte-Catherine	July 2011	C么te-Sainte-Catherine	2
#A799FF	13	1369	3	C么te-Sainte-Catherine	C么te-Sainte-Catherine	August 2011	C么te-Sainte-Catherine	2
#A799FF	13	2163	3	C么te-Sainte-Catherine	C么te-Sainte-Catherine	September 2011	C么te-Sainte-Catherine	2
#A799FF	13	604	3	C么te-Sainte-Catherine	C么te-Sainte-Catherine	October 2011	C么te-Sainte-Catherine	2
#A799FF	13	145	3	C么te-Sainte-Catherine	C么te-Sainte-Catherine	March 2012	C么te-Sainte-Catherine	2
#A799FF	13	1505	3	C么te-Sainte-Catherine	C么te-Sainte-Catherine	April 2012	C么te-Sainte-Catherine	2
#A799FF	13	1223	3	C么te-Sainte-Catherine	C么te-Sainte-Catherine	May 2012	C么te-Sainte-Catherine	2
#A799FF	13	2792	3	C么te-Sainte-Catherine	C么te-Sainte-Catherine	June 2012	C么te-Sainte-Catherine	2
#A799FF	13	2005	3	C么te-Sainte-Catherine	C么te-Sainte-Catherine	July 2012	C么te-Sainte-Catherine	2
#A799FF	13	2298	3	C么te-Sainte-Catherine	C么te-Sainte-Catherine	August 2012	C么te-Sainte-Catherine	2
#A799FF	13	3076	3	C么te-Sainte-Catherine	C么te-Sainte-Catherine	September 2012	C么te-Sainte-Catherine	2
#A799FF	13	802	3	C么te-Sainte-Catherine	C么te-Sainte-Catherine	October 2012	C么te-Sainte-Catherine	2
#A799FF	13	3	3	C么te-Sainte-Catherine	C么te-Sainte-Catherine	January 2013	C么te-Sainte-Catherine	2
#A799FF	13	360	3	C么te-Sainte-Catherine	C么te-Sainte-Catherine	March 2013	C么te-Sainte-Catherine	2
#A799FF	13	10	3	C么te-Sainte-Catherine	C么te-Sainte-Catherine	April 2013	C么te-Sainte-Catherine	2
#A799FF	13	1397	3	C么te-Sainte-Catherine	C么te-Sainte-Catherine	May 2013	C么te-Sainte-Catherine	2
#A799FF	13	2870	3	C么te-Sainte-Catherine	C么te-Sainte-Catherine	June 2013	C么te-Sainte-Catherine	2
#A799FF	13	1366	3	C么te-Sainte-Catherine	C么te-Sainte-Catherine	July 2013	C么te-Sainte-Catherine	2
#A799FF	13	1683	3	C么te-Sainte-Catherine	C么te-Sainte-Catherine	August 2013	C么te-Sainte-Catherine	2
#A799FF	13	2253	3	C么te-Sainte-Catherine	C么te-Sainte-Catherine	September 2013	C么te-Sainte-Catherine	2
#A799FF	14	1592	3	C魌e-Sainte-Catherine	C魌e-Sainte-Catherine	October 2010	C魌e-Sainte-Catherine	2
#A799FF	14	510	3	C魌e-Sainte-Catherine	C魌e-Sainte-Catherine	November 2010	C魌e-Sainte-Catherine	2
#A799FF	14	2	3	C么te-Sainte-Catherine	C么te-Sainte-Catherine	January 2011	C么te-Sainte-Catherine	2
#A799FF	14	9	3	C么te-Sainte-Catherine	C么te-Sainte-Catherine	March 2011	C么te-Sainte-Catherine	2
#A799FF	14	988	3	C么te-Sainte-Catherine	C么te-Sainte-Catherine	April 2011	C么te-Sainte-Catherine	2
#A799FF	14	256	3	C么te-Sainte-Catherine	C么te-Sainte-Catherine	May 2011	C么te-Sainte-Catherine	2
#A799FF	14	2716	3	C么te-Sainte-Catherine	C么te-Sainte-Catherine	June 2011	C么te-Sainte-Catherine	2
#A799FF	14	2458	3	C么te-Sainte-Catherine	C么te-Sainte-Catherine	July 2011	C么te-Sainte-Catherine	2
#A799FF	14	1089	3	C么te-Sainte-Catherine	C么te-Sainte-Catherine	August 2011	C么te-Sainte-Catherine	2
#A799FF	14	2700	3	C么te-Sainte-Catherine	C么te-Sainte-Catherine	September 2011	C么te-Sainte-Catherine	2
#A799FF	14	259	3	C么te-Sainte-Catherine	C么te-Sainte-Catherine	October 2011	C么te-Sainte-Catherine	2
#A799FF	14	146	3	C么te-Sainte-Catherine	C么te-Sainte-Catherine	March 2012	C么te-Sainte-Catherine	2
#A799FF	14	1072	3	C么te-Sainte-Catherine	C么te-Sainte-Catherine	April 2012	C么te-Sainte-Catherine	2
#A799FF	14	2709	3	C么te-Sainte-Catherine	C么te-Sainte-Catherine	May 2012	C么te-Sainte-Catherine	2
#A799FF	14	2978	3	C么te-Sainte-Catherine	C么te-Sainte-Catherine	June 2012	C么te-Sainte-Catherine	2
#A799FF	14	1244	3	C么te-Sainte-Catherine	C么te-Sainte-Catherine	July 2012	C么te-Sainte-Catherine	2
#A799FF	14	2322	3	C么te-Sainte-Catherine	C么te-Sainte-Catherine	August 2012	C么te-Sainte-Catherine	2
#A799FF	14	2257	3	C么te-Sainte-Catherine	C么te-Sainte-Catherine	September 2012	C么te-Sainte-Catherine	2
#A799FF	14	287	3	C么te-Sainte-Catherine	C么te-Sainte-Catherine	October 2012	C么te-Sainte-Catherine	2
#A799FF	14	58	3	C么te-Sainte-Catherine	C么te-Sainte-Catherine	January 2013	C么te-Sainte-Catherine	2
#A799FF	14	3	3	C么te-Sainte-Catherine	C么te-Sainte-Catherine	February 2013	C么te-Sainte-Catherine	2
#A799FF	14	178	3	C么te-Sainte-Catherine	C么te-Sainte-Catherine	March 2013	C么te-Sainte-Catherine	2
#A799FF	14	317	3	C么te-Sainte-Catherine	C么te-Sainte-Catherine	April 2013	C么te-Sainte-Catherine	2
#A799FF	14	2419	3	C么te-Sainte-Catherine	C么te-Sainte-Catherine	May 2013	C么te-Sainte-Catherine	2
#A799FF	14	2553	3	C么te-Sainte-Catherine	C么te-Sainte-Catherine	June 2013	C么te-Sainte-Catherine	2
#A799FF	14	1287	3	C么te-Sainte-Catherine	C么te-Sainte-Catherine	July 2013	C么te-Sainte-Catherine	2
#A799FF	14	1714	3	C么te-Sainte-Catherine	C么te-Sainte-Catherine	August 2013	C么te-Sainte-Catherine	2
#A799FF	14	1494	3	C么te-Sainte-Catherine	C么te-Sainte-Catherine	September 2013	C么te-Sainte-Catherine	2
#A799FF	15	409	3	C魌e-Sainte-Catherine	C魌e-Sainte-Catherine	October 2010	C魌e-Sainte-Catherine	2
#A799FF	15	1145	3	C魌e-Sainte-Catherine	C魌e-Sainte-Catherine	November 2010	C魌e-Sainte-Catherine	2
#A799FF	15	1	3	C魌e-Sainte-Catherine	C魌e-Sainte-Catherine	December 2010	C魌e-Sainte-Catherine	2
#A799FF	15	2	3	C么te-Sainte-Catherine	C么te-Sainte-Catherine	February 2011	C么te-Sainte-Catherine	2
#A799FF	15	42	3	C么te-Sainte-Catherine	C么te-Sainte-Catherine	March 2011	C么te-Sainte-Catherine	2
#A799FF	15	847	3	C么te-Sainte-Catherine	C么te-Sainte-Catherine	April 2011	C么te-Sainte-Catherine	2
#A799FF	15	370	3	C么te-Sainte-Catherine	C么te-Sainte-Catherine	May 2011	C么te-Sainte-Catherine	2
#A799FF	15	2776	3	C么te-Sainte-Catherine	C么te-Sainte-Catherine	June 2011	C么te-Sainte-Catherine	2
#A799FF	15	2125	3	C么te-Sainte-Catherine	C么te-Sainte-Catherine	July 2011	C么te-Sainte-Catherine	2
#A799FF	15	1844	3	C么te-Sainte-Catherine	C么te-Sainte-Catherine	August 2011	C么te-Sainte-Catherine	2
#A799FF	15	1214	3	C么te-Sainte-Catherine	C么te-Sainte-Catherine	September 2011	C么te-Sainte-Catherine	2
#A799FF	15	180	3	C么te-Sainte-Catherine	C么te-Sainte-Catherine	October 2011	C么te-Sainte-Catherine	2
#A799FF	15	244	3	C么te-Sainte-Catherine	C么te-Sainte-Catherine	March 2012	C么te-Sainte-Catherine	2
#A799FF	15	1210	3	C么te-Sainte-Catherine	C么te-Sainte-Catherine	April 2012	C么te-Sainte-Catherine	2
#A799FF	15	1773	3	C么te-Sainte-Catherine	C么te-Sainte-Catherine	May 2012	C么te-Sainte-Catherine	2
#A799FF	15	2469	3	C么te-Sainte-Catherine	C么te-Sainte-Catherine	June 2012	C么te-Sainte-Catherine	2
#A799FF	15	1060	3	C么te-Sainte-Catherine	C么te-Sainte-Catherine	July 2012	C么te-Sainte-Catherine	2
#A799FF	15	1882	3	C么te-Sainte-Catherine	C么te-Sainte-Catherine	August 2012	C么te-Sainte-Catherine	2
#A799FF	15	1100	3	C么te-Sainte-Catherine	C么te-Sainte-Catherine	September 2012	C么te-Sainte-Catherine	2
#A799FF	15	1678	3	C么te-Sainte-Catherine	C么te-Sainte-Catherine	October 2012	C么te-Sainte-Catherine	2
#A799FF	15	70	3	C么te-Sainte-Catherine	C么te-Sainte-Catherine	January 2013	C么te-Sainte-Catherine	2
#A799FF	15	196	3	C么te-Sainte-Catherine	C么te-Sainte-Catherine	March 2013	C么te-Sainte-Catherine	2
#A799FF	15	1420	3	C么te-Sainte-Catherine	C么te-Sainte-Catherine	April 2013	C么te-Sainte-Catherine	2
#A799FF	15	1844	3	C么te-Sainte-Catherine	C么te-Sainte-Catherine	May 2013	C么te-Sainte-Catherine	2
#A799FF	15	1890	3	C么te-Sainte-Catherine	C么te-Sainte-Catherine	June 2013	C么te-Sainte-Catherine	2
#A799FF	15	2168	3	C么te-Sainte-Catherine	C么te-Sainte-Catherine	July 2013	C么te-Sainte-Catherine	2
#A799FF	15	2461	3	C么te-Sainte-Catherine	C么te-Sainte-Catherine	August 2013	C么te-Sainte-Catherine	2
#A799FF	15	1749	3	C么te-Sainte-Catherine	C么te-Sainte-Catherine	September 2013	C么te-Sainte-Catherine	2
#A799FF	16	612	3	C魌e-Sainte-Catherine	C魌e-Sainte-Catherine	October 2010	C魌e-Sainte-Catherine	2
#A799FF	16	1335	3	C魌e-Sainte-Catherine	C魌e-Sainte-Catherine	November 2010	C魌e-Sainte-Catherine	2
#A799FF	16	1	3	C么te-Sainte-Catherine	C么te-Sainte-Catherine	January 2011	C么te-Sainte-Catherine	2
#A799FF	16	9	3	C么te-Sainte-Catherine	C么te-Sainte-Catherine	February 2011	C么te-Sainte-Catherine	2
#A799FF	16	75	3	C么te-Sainte-Catherine	C么te-Sainte-Catherine	March 2011	C么te-Sainte-Catherine	2
#A799FF	16	273	3	C么te-Sainte-Catherine	C么te-Sainte-Catherine	April 2011	C么te-Sainte-Catherine	2
#A799FF	16	340	3	C么te-Sainte-Catherine	C么te-Sainte-Catherine	May 2011	C么te-Sainte-Catherine	2
#A799FF	16	2822	3	C么te-Sainte-Catherine	C么te-Sainte-Catherine	June 2011	C么te-Sainte-Catherine	2
#A799FF	16	1319	3	C么te-Sainte-Catherine	C么te-Sainte-Catherine	July 2011	C么te-Sainte-Catherine	2
#A799FF	16	2309	3	C么te-Sainte-Catherine	C么te-Sainte-Catherine	August 2011	C么te-Sainte-Catherine	2
#A799FF	16	2117	3	C么te-Sainte-Catherine	C么te-Sainte-Catherine	September 2011	C么te-Sainte-Catherine	2
#A799FF	16	250	3	C么te-Sainte-Catherine	C么te-Sainte-Catherine	October 2011	C么te-Sainte-Catherine	2
#A799FF	16	2	3	C么te-Sainte-Catherine	C么te-Sainte-Catherine	January 2012	C么te-Sainte-Catherine	2
#A799FF	16	1	3	C么te-Sainte-Catherine	C么te-Sainte-Catherine	February 2012	C么te-Sainte-Catherine	2
#A799FF	16	149	3	C么te-Sainte-Catherine	C么te-Sainte-Catherine	March 2012	C么te-Sainte-Catherine	2
#A799FF	16	1841	3	C么te-Sainte-Catherine	C么te-Sainte-Catherine	April 2012	C么te-Sainte-Catherine	2
#A799FF	16	2178	3	C么te-Sainte-Catherine	C么te-Sainte-Catherine	May 2012	C么te-Sainte-Catherine	2
#A799FF	16	1651	3	C么te-Sainte-Catherine	C么te-Sainte-Catherine	June 2012	C么te-Sainte-Catherine	2
#A799FF	16	2092	3	C么te-Sainte-Catherine	C么te-Sainte-Catherine	July 2012	C么te-Sainte-Catherine	2
#A799FF	16	2538	3	C么te-Sainte-Catherine	C么te-Sainte-Catherine	August 2012	C么te-Sainte-Catherine	2
#A799FF	16	1231	3	C么te-Sainte-Catherine	C么te-Sainte-Catherine	September 2012	C么te-Sainte-Catherine	2
#A799FF	16	1858	3	C么te-Sainte-Catherine	C么te-Sainte-Catherine	October 2012	C么te-Sainte-Catherine	2
#A799FF	16	78	3	C么te-Sainte-Catherine	C么te-Sainte-Catherine	January 2013	C么te-Sainte-Catherine	2
#A799FF	16	2	3	C么te-Sainte-Catherine	C么te-Sainte-Catherine	February 2013	C么te-Sainte-Catherine	2
#A799FF	16	103	3	C么te-Sainte-Catherine	C么te-Sainte-Catherine	March 2013	C么te-Sainte-Catherine	2
#A799FF	16	647	3	C么te-Sainte-Catherine	C么te-Sainte-Catherine	April 2013	C么te-Sainte-Catherine	2
#A799FF	16	2271	3	C么te-Sainte-Catherine	C么te-Sainte-Catherine	May 2013	C么te-Sainte-Catherine	2
#A799FF	16	634	3	C么te-Sainte-Catherine	C么te-Sainte-Catherine	June 2013	C么te-Sainte-Catherine	2
#A799FF	16	2315	3	C么te-Sainte-Catherine	C么te-Sainte-Catherine	July 2013	C么te-Sainte-Catherine	2
#A799FF	16	1978	3	C么te-Sainte-Catherine	C么te-Sainte-Catherine	August 2013	C么te-Sainte-Catherine	2
#A799FF	16	2466	3	C么te-Sainte-Catherine	C么te-Sainte-Catherine	September 2013	C么te-Sainte-Catherine	2
#A799FF	17	789	3	C魌e-Sainte-Catherine	C魌e-Sainte-Catherine	October 2010	C魌e-Sainte-Catherine	2
#A799FF	17	515	3	C魌e-Sainte-Catherine	C魌e-Sainte-Catherine	November 2010	C魌e-Sainte-Catherine	2
#A799FF	17	8	3	C魌e-Sainte-Catherine	C魌e-Sainte-Catherine	December 2010	C魌e-Sainte-Catherine	2
#A799FF	17	2	3	C么te-Sainte-Catherine	C么te-Sainte-Catherine	January 2011	C么te-Sainte-Catherine	2
#A799FF	17	20	3	C么te-Sainte-Catherine	C么te-Sainte-Catherine	February 2011	C么te-Sainte-Catherine	2
#A799FF	17	209	3	C么te-Sainte-Catherine	C么te-Sainte-Catherine	March 2011	C么te-Sainte-Catherine	2
#A799FF	17	289	3	C么te-Sainte-Catherine	C么te-Sainte-Catherine	April 2011	C么te-Sainte-Catherine	2
#A799FF	17	969	3	C么te-Sainte-Catherine	C么te-Sainte-Catherine	May 2011	C么te-Sainte-Catherine	2
#A799FF	17	2402	3	C么te-Sainte-Catherine	C么te-Sainte-Catherine	June 2011	C么te-Sainte-Catherine	2
#A799FF	17	1139	3	C么te-Sainte-Catherine	C么te-Sainte-Catherine	July 2011	C么te-Sainte-Catherine	2
#A799FF	17	2608	3	C么te-Sainte-Catherine	C么te-Sainte-Catherine	August 2011	C么te-Sainte-Catherine	2
#A799FF	17	1274	3	C么te-Sainte-Catherine	C么te-Sainte-Catherine	September 2011	C么te-Sainte-Catherine	2
#A799FF	17	215	3	C么te-Sainte-Catherine	C么te-Sainte-Catherine	October 2011	C么te-Sainte-Catherine	2
#A799FF	17	3	3	C么te-Sainte-Catherine	C么te-Sainte-Catherine	February 2012	C么te-Sainte-Catherine	2
#A799FF	17	287	3	C么te-Sainte-Catherine	C么te-Sainte-Catherine	March 2012	C么te-Sainte-Catherine	2
#A799FF	17	1616	3	C么te-Sainte-Catherine	C么te-Sainte-Catherine	April 2012	C么te-Sainte-Catherine	2
#A799FF	17	2441	3	C么te-Sainte-Catherine	C么te-Sainte-Catherine	May 2012	C么te-Sainte-Catherine	2
#A799FF	17	1552	3	C么te-Sainte-Catherine	C么te-Sainte-Catherine	June 2012	C么te-Sainte-Catherine	2
#A799FF	17	1046	3	C么te-Sainte-Catherine	C么te-Sainte-Catherine	July 2012	C么te-Sainte-Catherine	2
#A799FF	17	1777	3	C么te-Sainte-Catherine	C么te-Sainte-Catherine	August 2012	C么te-Sainte-Catherine	2
#A799FF	17	2658	3	C么te-Sainte-Catherine	C么te-Sainte-Catherine	September 2012	C么te-Sainte-Catherine	2
#A799FF	17	1964	3	C么te-Sainte-Catherine	C么te-Sainte-Catherine	October 2012	C么te-Sainte-Catherine	2
#A799FF	17	28	3	C么te-Sainte-Catherine	C么te-Sainte-Catherine	January 2013	C么te-Sainte-Catherine	2
#A799FF	17	114	3	C么te-Sainte-Catherine	C么te-Sainte-Catherine	March 2013	C么te-Sainte-Catherine	2
#A799FF	17	1861	3	C么te-Sainte-Catherine	C么te-Sainte-Catherine	April 2013	C么te-Sainte-Catherine	2
#A799FF	17	2331	3	C么te-Sainte-Catherine	C么te-Sainte-Catherine	May 2013	C么te-Sainte-Catherine	2
#A799FF	17	2122	3	C么te-Sainte-Catherine	C么te-Sainte-Catherine	June 2013	C么te-Sainte-Catherine	2
#A799FF	17	1910	3	C么te-Sainte-Catherine	C么te-Sainte-Catherine	July 2013	C么te-Sainte-Catherine	2
#A799FF	17	1375	3	C么te-Sainte-Catherine	C么te-Sainte-Catherine	August 2013	C么te-Sainte-Catherine	2
#A799FF	17	3153	3	C么te-Sainte-Catherine	C么te-Sainte-Catherine	September 2013	C么te-Sainte-Catherine	2
#A799FF	18	1658	3	C魌e-Sainte-Catherine	C魌e-Sainte-Catherine	October 2010	C魌e-Sainte-Catherine	2
#A799FF	18	1074	3	C魌e-Sainte-Catherine	C魌e-Sainte-Catherine	November 2010	C魌e-Sainte-Catherine	2
#A799FF	18	1	3	C魌e-Sainte-Catherine	C魌e-Sainte-Catherine	December 2010	C魌e-Sainte-Catherine	2
#A799FF	18	1	3	C么te-Sainte-Catherine	C么te-Sainte-Catherine	January 2011	C么te-Sainte-Catherine	2
#A799FF	18	114	3	C么te-Sainte-Catherine	C么te-Sainte-Catherine	February 2011	C么te-Sainte-Catherine	2
#A799FF	18	232	3	C么te-Sainte-Catherine	C么te-Sainte-Catherine	March 2011	C么te-Sainte-Catherine	2
#A799FF	18	696	3	C么te-Sainte-Catherine	C么te-Sainte-Catherine	April 2011	C么te-Sainte-Catherine	2
#A799FF	18	1277	3	C么te-Sainte-Catherine	C么te-Sainte-Catherine	May 2011	C么te-Sainte-Catherine	2
#A799FF	18	1546	3	C么te-Sainte-Catherine	C么te-Sainte-Catherine	June 2011	C么te-Sainte-Catherine	2
#A799FF	18	1802	3	C么te-Sainte-Catherine	C么te-Sainte-Catherine	July 2011	C么te-Sainte-Catherine	2
#A799FF	18	1877	3	C么te-Sainte-Catherine	C么te-Sainte-Catherine	August 2011	C么te-Sainte-Catherine	2
#A799FF	18	1302	3	C么te-Sainte-Catherine	C么te-Sainte-Catherine	September 2011	C么te-Sainte-Catherine	2
#A799FF	18	67	3	C么te-Sainte-Catherine	C么te-Sainte-Catherine	October 2011	C么te-Sainte-Catherine	2
#A799FF	18	1	3	C么te-Sainte-Catherine	C么te-Sainte-Catherine	February 2012	C么te-Sainte-Catherine	2
#A799FF	18	856	3	C么te-Sainte-Catherine	C么te-Sainte-Catherine	March 2012	C么te-Sainte-Catherine	2
#A799FF	18	1751	3	C么te-Sainte-Catherine	C么te-Sainte-Catherine	April 2012	C么te-Sainte-Catherine	2
#A799FF	18	2241	3	C么te-Sainte-Catherine	C么te-Sainte-Catherine	May 2012	C么te-Sainte-Catherine	2
#A799FF	18	2703	3	C么te-Sainte-Catherine	C么te-Sainte-Catherine	June 2012	C么te-Sainte-Catherine	2
#A799FF	18	2589	3	C么te-Sainte-Catherine	C么te-Sainte-Catherine	July 2012	C么te-Sainte-Catherine	2
#A799FF	18	1333	3	C么te-Sainte-Catherine	C么te-Sainte-Catherine	August 2012	C么te-Sainte-Catherine	2
#A799FF	18	1277	3	C么te-Sainte-Catherine	C么te-Sainte-Catherine	September 2012	C么te-Sainte-Catherine	2
#A799FF	18	2292	3	C么te-Sainte-Catherine	C么te-Sainte-Catherine	October 2012	C么te-Sainte-Catherine	2
#A799FF	18	12	3	C么te-Sainte-Catherine	C么te-Sainte-Catherine	January 2013	C么te-Sainte-Catherine	2
#A799FF	18	1	3	C么te-Sainte-Catherine	C么te-Sainte-Catherine	February 2013	C么te-Sainte-Catherine	2
#A799FF	18	273	3	C么te-Sainte-Catherine	C么te-Sainte-Catherine	March 2013	C么te-Sainte-Catherine	2
#A799FF	18	1123	3	C么te-Sainte-Catherine	C么te-Sainte-Catherine	April 2013	C么te-Sainte-Catherine	2
#A799FF	18	1686	3	C么te-Sainte-Catherine	C么te-Sainte-Catherine	May 2013	C么te-Sainte-Catherine	2
#A799FF	18	2816	3	C么te-Sainte-Catherine	C么te-Sainte-Catherine	June 2013	C么te-Sainte-Catherine	2
#A799FF	18	2063	3	C么te-Sainte-Catherine	C么te-Sainte-Catherine	July 2013	C么te-Sainte-Catherine	2
#A799FF	18	1388	3	C么te-Sainte-Catherine	C么te-Sainte-Catherine	August 2013	C么te-Sainte-Catherine	2
#A799FF	18	3330	3	C么te-Sainte-Catherine	C么te-Sainte-Catherine	September 2013	C么te-Sainte-Catherine	2
#A799FF	19	1745	3	C魌e-Sainte-Catherine	C魌e-Sainte-Catherine	October 2010	C魌e-Sainte-Catherine	2
#A799FF	19	770	3	C魌e-Sainte-Catherine	C魌e-Sainte-Catherine	November 2010	C魌e-Sainte-Catherine	2
#A799FF	19	32	3	C么te-Sainte-Catherine	C么te-Sainte-Catherine	February 2011	C么te-Sainte-Catherine	2
#A799FF	19	184	3	C么te-Sainte-Catherine	C么te-Sainte-Catherine	March 2011	C么te-Sainte-Catherine	2
#A799FF	19	1192	3	C么te-Sainte-Catherine	C么te-Sainte-Catherine	April 2011	C么te-Sainte-Catherine	2
#A799FF	19	1490	3	C么te-Sainte-Catherine	C么te-Sainte-Catherine	May 2011	C么te-Sainte-Catherine	2
#A799FF	19	1604	3	C么te-Sainte-Catherine	C么te-Sainte-Catherine	June 2011	C么te-Sainte-Catherine	2
#A799FF	19	2561	3	C么te-Sainte-Catherine	C么te-Sainte-Catherine	July 2011	C么te-Sainte-Catherine	2
#A799FF	19	2090	3	C么te-Sainte-Catherine	C么te-Sainte-Catherine	August 2011	C么te-Sainte-Catherine	2
#A799FF	19	2110	3	C么te-Sainte-Catherine	C么te-Sainte-Catherine	September 2011	C么te-Sainte-Catherine	2
#A799FF	19	1	3	C么te-Sainte-Catherine	C么te-Sainte-Catherine	January 2012	C么te-Sainte-Catherine	2
#A799FF	19	3	3	C么te-Sainte-Catherine	C么te-Sainte-Catherine	February 2012	C么te-Sainte-Catherine	2
#A799FF	19	1024	3	C么te-Sainte-Catherine	C么te-Sainte-Catherine	March 2012	C么te-Sainte-Catherine	2
#A799FF	19	2010	3	C么te-Sainte-Catherine	C么te-Sainte-Catherine	April 2012	C么te-Sainte-Catherine	2
#A799FF	19	1454	3	C么te-Sainte-Catherine	C么te-Sainte-Catherine	May 2012	C么te-Sainte-Catherine	2
#A799FF	19	2360	3	C么te-Sainte-Catherine	C么te-Sainte-Catherine	June 2012	C么te-Sainte-Catherine	2
#A799FF	19	2397	3	C么te-Sainte-Catherine	C么te-Sainte-Catherine	July 2012	C么te-Sainte-Catherine	2
#A799FF	19	1408	3	C么te-Sainte-Catherine	C么te-Sainte-Catherine	August 2012	C么te-Sainte-Catherine	2
#A799FF	19	2351	3	C么te-Sainte-Catherine	C么te-Sainte-Catherine	September 2012	C么te-Sainte-Catherine	2
#A799FF	19	597	3	C么te-Sainte-Catherine	C么te-Sainte-Catherine	October 2012	C么te-Sainte-Catherine	2
#A799FF	19	3	3	C么te-Sainte-Catherine	C么te-Sainte-Catherine	February 2013	C么te-Sainte-Catherine	2
#A799FF	19	5	3	C么te-Sainte-Catherine	C么te-Sainte-Catherine	March 2013	C么te-Sainte-Catherine	2
#A799FF	19	1521	3	C么te-Sainte-Catherine	C么te-Sainte-Catherine	April 2013	C么te-Sainte-Catherine	2
#A799FF	19	1133	3	C么te-Sainte-Catherine	C么te-Sainte-Catherine	May 2013	C么te-Sainte-Catherine	2
#A799FF	19	3134	3	C么te-Sainte-Catherine	C么te-Sainte-Catherine	June 2013	C么te-Sainte-Catherine	2
#A799FF	19	1051	3	C么te-Sainte-Catherine	C么te-Sainte-Catherine	July 2013	C么te-Sainte-Catherine	2
#A799FF	19	2506	3	C么te-Sainte-Catherine	C么te-Sainte-Catherine	August 2013	C么te-Sainte-Catherine	2
#A799FF	20	1731	3	C魌e-Sainte-Catherine	C魌e-Sainte-Catherine	October 2010	C魌e-Sainte-Catherine	2
#A799FF	20	353	3	C魌e-Sainte-Catherine	C魌e-Sainte-Catherine	November 2010	C魌e-Sainte-Catherine	2
#A799FF	20	14	3	C魌e-Sainte-Catherine	C魌e-Sainte-Catherine	December 2010	C魌e-Sainte-Catherine	2
#A799FF	20	28	3	C么te-Sainte-Catherine	C么te-Sainte-Catherine	February 2011	C么te-Sainte-Catherine	2
#A799FF	20	204	3	C么te-Sainte-Catherine	C么te-Sainte-Catherine	March 2011	C么te-Sainte-Catherine	2
#A799FF	20	193	3	C么te-Sainte-Catherine	C么te-Sainte-Catherine	April 2011	C么te-Sainte-Catherine	2
#A799FF	20	1643	3	C么te-Sainte-Catherine	C么te-Sainte-Catherine	May 2011	C么te-Sainte-Catherine	2
#A799FF	20	2685	3	C么te-Sainte-Catherine	C么te-Sainte-Catherine	June 2011	C么te-Sainte-Catherine	2
#A799FF	20	2248	3	C么te-Sainte-Catherine	C么te-Sainte-Catherine	July 2011	C么te-Sainte-Catherine	2
#A799FF	20	1281	3	C么te-Sainte-Catherine	C么te-Sainte-Catherine	August 2011	C么te-Sainte-Catherine	2
#A799FF	20	825	3	C么te-Sainte-Catherine	C么te-Sainte-Catherine	September 2011	C么te-Sainte-Catherine	2
#A799FF	20	4	3	C么te-Sainte-Catherine	C么te-Sainte-Catherine	January 2012	C么te-Sainte-Catherine	2
#A799FF	20	2	3	C么te-Sainte-Catherine	C么te-Sainte-Catherine	February 2012	C么te-Sainte-Catherine	2
#A799FF	20	1261	3	C么te-Sainte-Catherine	C么te-Sainte-Catherine	March 2012	C么te-Sainte-Catherine	2
#A799FF	20	800	3	C么te-Sainte-Catherine	C么te-Sainte-Catherine	April 2012	C么te-Sainte-Catherine	2
#A799FF	20	1663	3	C么te-Sainte-Catherine	C么te-Sainte-Catherine	May 2012	C么te-Sainte-Catherine	2
#A799FF	20	2402	3	C么te-Sainte-Catherine	C么te-Sainte-Catherine	June 2012	C么te-Sainte-Catherine	2
#A799FF	20	2088	3	C么te-Sainte-Catherine	C么te-Sainte-Catherine	July 2012	C么te-Sainte-Catherine	2
#A799FF	20	2474	3	C么te-Sainte-Catherine	C么te-Sainte-Catherine	August 2012	C么te-Sainte-Catherine	2
#A799FF	20	2496	3	C么te-Sainte-Catherine	C么te-Sainte-Catherine	September 2012	C么te-Sainte-Catherine	2
#A799FF	20	748	3	C么te-Sainte-Catherine	C么te-Sainte-Catherine	October 2012	C么te-Sainte-Catherine	2
#A799FF	20	1	3	C么te-Sainte-Catherine	C么te-Sainte-Catherine	March 2013	C么te-Sainte-Catherine	2
#A799FF	20	504	3	C么te-Sainte-Catherine	C么te-Sainte-Catherine	April 2013	C么te-Sainte-Catherine	2
#A799FF	20	1370	3	C么te-Sainte-Catherine	C么te-Sainte-Catherine	May 2013	C么te-Sainte-Catherine	2
#A799FF	20	2993	3	C么te-Sainte-Catherine	C么te-Sainte-Catherine	June 2013	C么te-Sainte-Catherine	2
#A799FF	20	1141	3	C么te-Sainte-Catherine	C么te-Sainte-Catherine	July 2013	C么te-Sainte-Catherine	2
#A799FF	20	2771	3	C么te-Sainte-Catherine	C么te-Sainte-Catherine	August 2013	C么te-Sainte-Catherine	2
#A799FF	21	709	3	C魌e-Sainte-Catherine	C魌e-Sainte-Catherine	October 2010	C魌e-Sainte-Catherine	2
#A799FF	21	288	3	C魌e-Sainte-Catherine	C魌e-Sainte-Catherine	November 2010	C魌e-Sainte-Catherine	2
#A799FF	21	8	3	C魌e-Sainte-Catherine	C魌e-Sainte-Catherine	December 2010	C魌e-Sainte-Catherine	2
#A799FF	21	2	3	C么te-Sainte-Catherine	C么te-Sainte-Catherine	January 2011	C么te-Sainte-Catherine	2
#A799FF	21	35	3	C么te-Sainte-Catherine	C么te-Sainte-Catherine	February 2011	C么te-Sainte-Catherine	2
#A799FF	21	97	3	C么te-Sainte-Catherine	C么te-Sainte-Catherine	March 2011	C么te-Sainte-Catherine	2
#A799FF	21	680	3	C么te-Sainte-Catherine	C么te-Sainte-Catherine	April 2011	C么te-Sainte-Catherine	2
#A799FF	21	1496	3	C么te-Sainte-Catherine	C么te-Sainte-Catherine	May 2011	C么te-Sainte-Catherine	2
#A799FF	21	2853	3	C么te-Sainte-Catherine	C么te-Sainte-Catherine	June 2011	C么te-Sainte-Catherine	2
#A799FF	21	1602	3	C么te-Sainte-Catherine	C么te-Sainte-Catherine	July 2011	C么te-Sainte-Catherine	2
#A799FF	21	450	3	C么te-Sainte-Catherine	C么te-Sainte-Catherine	August 2011	C么te-Sainte-Catherine	2
#A799FF	21	1927	3	C么te-Sainte-Catherine	C么te-Sainte-Catherine	September 2011	C么te-Sainte-Catherine	2
#A799FF	21	5	3	C么te-Sainte-Catherine	C么te-Sainte-Catherine	February 2012	C么te-Sainte-Catherine	2
#A799FF	21	1558	3	C么te-Sainte-Catherine	C么te-Sainte-Catherine	March 2012	C么te-Sainte-Catherine	2
#A799FF	21	212	3	C么te-Sainte-Catherine	C么te-Sainte-Catherine	April 2012	C么te-Sainte-Catherine	2
#A799FF	21	1646	3	C么te-Sainte-Catherine	C么te-Sainte-Catherine	May 2012	C么te-Sainte-Catherine	2
#A799FF	21	2195	3	C么te-Sainte-Catherine	C么te-Sainte-Catherine	June 2012	C么te-Sainte-Catherine	2
#A799FF	21	1419	3	C么te-Sainte-Catherine	C么te-Sainte-Catherine	July 2012	C么te-Sainte-Catherine	2
#A799FF	21	2508	3	C么te-Sainte-Catherine	C么te-Sainte-Catherine	August 2012	C么te-Sainte-Catherine	2
#A799FF	21	1821	3	C么te-Sainte-Catherine	C么te-Sainte-Catherine	September 2012	C么te-Sainte-Catherine	2
#A799FF	21	609	3	C么te-Sainte-Catherine	C么te-Sainte-Catherine	October 2012	C么te-Sainte-Catherine	2
#A799FF	21	7	3	C么te-Sainte-Catherine	C么te-Sainte-Catherine	January 2013	C么te-Sainte-Catherine	2
#A799FF	21	808	3	C么te-Sainte-Catherine	C么te-Sainte-Catherine	April 2013	C么te-Sainte-Catherine	2
#A799FF	21	1577	3	C么te-Sainte-Catherine	C么te-Sainte-Catherine	May 2013	C么te-Sainte-Catherine	2
#A799FF	21	2454	3	C么te-Sainte-Catherine	C么te-Sainte-Catherine	June 2013	C么te-Sainte-Catherine	2
#A799FF	21	1583	3	C么te-Sainte-Catherine	C么te-Sainte-Catherine	July 2013	C么te-Sainte-Catherine	2
#A799FF	21	2676	3	C么te-Sainte-Catherine	C么te-Sainte-Catherine	August 2013	C么te-Sainte-Catherine	2
#A799FF	22	1111	3	C魌e-Sainte-Catherine	C魌e-Sainte-Catherine	October 2010	C魌e-Sainte-Catherine	2
#A799FF	22	503	3	C魌e-Sainte-Catherine	C魌e-Sainte-Catherine	November 2010	C魌e-Sainte-Catherine	2
#A799FF	22	6	3	C魌e-Sainte-Catherine	C魌e-Sainte-Catherine	December 2010	C魌e-Sainte-Catherine	2
#A799FF	22	60	3	C么te-Sainte-Catherine	C么te-Sainte-Catherine	February 2011	C么te-Sainte-Catherine	2
#A799FF	22	14	3	C么te-Sainte-Catherine	C么te-Sainte-Catherine	March 2011	C么te-Sainte-Catherine	2
#A799FF	22	869	3	C么te-Sainte-Catherine	C么te-Sainte-Catherine	April 2011	C么te-Sainte-Catherine	2
#A799FF	22	1072	3	C么te-Sainte-Catherine	C么te-Sainte-Catherine	May 2011	C么te-Sainte-Catherine	2
#A799FF	22	2501	3	C么te-Sainte-Catherine	C么te-Sainte-Catherine	June 2011	C么te-Sainte-Catherine	2
#A799FF	22	1612	3	C么te-Sainte-Catherine	C么te-Sainte-Catherine	July 2011	C么te-Sainte-Catherine	2
#A799FF	22	1931	3	C么te-Sainte-Catherine	C么te-Sainte-Catherine	August 2011	C么te-Sainte-Catherine	2
#A799FF	22	1057	3	C么te-Sainte-Catherine	C么te-Sainte-Catherine	September 2011	C么te-Sainte-Catherine	2
#A799FF	22	10	3	C么te-Sainte-Catherine	C么te-Sainte-Catherine	February 2012	C么te-Sainte-Catherine	2
#A799FF	22	1030	3	C么te-Sainte-Catherine	C么te-Sainte-Catherine	March 2012	C么te-Sainte-Catherine	2
#A799FF	22	487	3	C么te-Sainte-Catherine	C么te-Sainte-Catherine	April 2012	C么te-Sainte-Catherine	2
#A799FF	22	938	3	C么te-Sainte-Catherine	C么te-Sainte-Catherine	May 2012	C么te-Sainte-Catherine	2
#A799FF	22	1934	3	C么te-Sainte-Catherine	C么te-Sainte-Catherine	June 2012	C么te-Sainte-Catherine	2
#A799FF	22	1238	3	C么te-Sainte-Catherine	C么te-Sainte-Catherine	July 2012	C么te-Sainte-Catherine	2
#A799FF	22	2671	3	C么te-Sainte-Catherine	C么te-Sainte-Catherine	August 2012	C么te-Sainte-Catherine	2
#A799FF	22	656	3	C么te-Sainte-Catherine	C么te-Sainte-Catherine	September 2012	C么te-Sainte-Catherine	2
#A799FF	22	1819	3	C么te-Sainte-Catherine	C么te-Sainte-Catherine	October 2012	C么te-Sainte-Catherine	2
#A799FF	22	4	3	C么te-Sainte-Catherine	C么te-Sainte-Catherine	January 2013	C么te-Sainte-Catherine	2
#A799FF	22	1	3	C么te-Sainte-Catherine	C么te-Sainte-Catherine	February 2013	C么te-Sainte-Catherine	2
#A799FF	22	1720	3	C么te-Sainte-Catherine	C么te-Sainte-Catherine	April 2013	C么te-Sainte-Catherine	2
#A799FF	22	2224	3	C么te-Sainte-Catherine	C么te-Sainte-Catherine	May 2013	C么te-Sainte-Catherine	2
#A799FF	22	526	3	C么te-Sainte-Catherine	C么te-Sainte-Catherine	June 2013	C么te-Sainte-Catherine	2
#A799FF	22	2541	3	C么te-Sainte-Catherine	C么te-Sainte-Catherine	July 2013	C么te-Sainte-Catherine	2
#A799FF	22	1339	3	C么te-Sainte-Catherine	C么te-Sainte-Catherine	August 2013	C么te-Sainte-Catherine	2
#A799FF	23	651	3	C魌e-Sainte-Catherine	C魌e-Sainte-Catherine	October 2010	C魌e-Sainte-Catherine	2
#A799FF	23	487	3	C魌e-Sainte-Catherine	C魌e-Sainte-Catherine	November 2010	C魌e-Sainte-Catherine	2
#A799FF	23	12	3	C么te-Sainte-Catherine	C么te-Sainte-Catherine	January 2011	C么te-Sainte-Catherine	2
#A799FF	23	91	3	C么te-Sainte-Catherine	C么te-Sainte-Catherine	February 2011	C么te-Sainte-Catherine	2
#A799FF	23	40	3	C么te-Sainte-Catherine	C么te-Sainte-Catherine	March 2011	C么te-Sainte-Catherine	2
#A799FF	23	223	3	C么te-Sainte-Catherine	C么te-Sainte-Catherine	April 2011	C么te-Sainte-Catherine	2
#A799FF	23	1148	3	C么te-Sainte-Catherine	C么te-Sainte-Catherine	May 2011	C么te-Sainte-Catherine	2
#A799FF	23	1146	3	C么te-Sainte-Catherine	C么te-Sainte-Catherine	June 2011	C么te-Sainte-Catherine	2
#A799FF	23	1207	3	C么te-Sainte-Catherine	C么te-Sainte-Catherine	July 2011	C么te-Sainte-Catherine	2
#A799FF	23	2436	3	C么te-Sainte-Catherine	C么te-Sainte-Catherine	August 2011	C么te-Sainte-Catherine	2
#A799FF	23	1070	3	C么te-Sainte-Catherine	C么te-Sainte-Catherine	September 2011	C么te-Sainte-Catherine	2
#A799FF	23	6	3	C么te-Sainte-Catherine	C么te-Sainte-Catherine	January 2012	C么te-Sainte-Catherine	2
#A799FF	23	10	3	C么te-Sainte-Catherine	C么te-Sainte-Catherine	February 2012	C么te-Sainte-Catherine	2
#A799FF	23	1143	3	C么te-Sainte-Catherine	C么te-Sainte-Catherine	March 2012	C么te-Sainte-Catherine	2
#A799FF	23	315	3	C么te-Sainte-Catherine	C么te-Sainte-Catherine	April 2012	C么te-Sainte-Catherine	2
#A799FF	23	2650	3	C么te-Sainte-Catherine	C么te-Sainte-Catherine	May 2012	C么te-Sainte-Catherine	2
#A799FF	23	1326	3	C么te-Sainte-Catherine	C么te-Sainte-Catherine	June 2012	C么te-Sainte-Catherine	2
#A799FF	23	1660	3	C么te-Sainte-Catherine	C么te-Sainte-Catherine	July 2012	C么te-Sainte-Catherine	2
#A799FF	23	2482	3	C么te-Sainte-Catherine	C么te-Sainte-Catherine	August 2012	C么te-Sainte-Catherine	2
#A799FF	23	1093	3	C么te-Sainte-Catherine	C么te-Sainte-Catherine	September 2012	C么te-Sainte-Catherine	2
#A799FF	23	1997	3	C么te-Sainte-Catherine	C么te-Sainte-Catherine	October 2012	C么te-Sainte-Catherine	2
#A799FF	23	7	3	C么te-Sainte-Catherine	C么te-Sainte-Catherine	January 2013	C么te-Sainte-Catherine	2
#A799FF	23	30	3	C么te-Sainte-Catherine	C么te-Sainte-Catherine	March 2013	C么te-Sainte-Catherine	2
#A799FF	23	1953	3	C么te-Sainte-Catherine	C么te-Sainte-Catherine	April 2013	C么te-Sainte-Catherine	2
#A799FF	23	1527	3	C么te-Sainte-Catherine	C么te-Sainte-Catherine	May 2013	C么te-Sainte-Catherine	2
#A799FF	23	1096	3	C么te-Sainte-Catherine	C么te-Sainte-Catherine	June 2013	C么te-Sainte-Catherine	2
#A799FF	23	1552	3	C么te-Sainte-Catherine	C么te-Sainte-Catherine	July 2013	C么te-Sainte-Catherine	2
#A799FF	23	2335	3	C么te-Sainte-Catherine	C么te-Sainte-Catherine	August 2013	C么te-Sainte-Catherine	2
#A799FF	24	395	3	C魌e-Sainte-Catherine	C魌e-Sainte-Catherine	October 2010	C魌e-Sainte-Catherine	2
#A799FF	24	733	3	C魌e-Sainte-Catherine	C魌e-Sainte-Catherine	November 2010	C魌e-Sainte-Catherine	2
#A799FF	24	8	3	C么te-Sainte-Catherine	C么te-Sainte-Catherine	January 2011	C么te-Sainte-Catherine	2
#A799FF	24	108	3	C么te-Sainte-Catherine	C么te-Sainte-Catherine	February 2011	C么te-Sainte-Catherine	2
#A799FF	24	38	3	C么te-Sainte-Catherine	C么te-Sainte-Catherine	March 2011	C么te-Sainte-Catherine	2
#A799FF	24	690	3	C么te-Sainte-Catherine	C么te-Sainte-Catherine	April 2011	C么te-Sainte-Catherine	2
#A799FF	24	1891	3	C么te-Sainte-Catherine	C么te-Sainte-Catherine	May 2011	C么te-Sainte-Catherine	2
#A799FF	24	413	3	C么te-Sainte-Catherine	C么te-Sainte-Catherine	June 2011	C么te-Sainte-Catherine	2
#A799FF	24	1324	3	C么te-Sainte-Catherine	C么te-Sainte-Catherine	July 2011	C么te-Sainte-Catherine	2
#A799FF	24	2319	3	C么te-Sainte-Catherine	C么te-Sainte-Catherine	August 2011	C么te-Sainte-Catherine	2
#A799FF	24	479	3	C么te-Sainte-Catherine	C么te-Sainte-Catherine	September 2011	C么te-Sainte-Catherine	2
#A799FF	24	1	3	C么te-Sainte-Catherine	C么te-Sainte-Catherine	January 2012	C么te-Sainte-Catherine	2
#A799FF	24	4	3	C么te-Sainte-Catherine	C么te-Sainte-Catherine	February 2012	C么te-Sainte-Catherine	2
#A799FF	24	336	3	C么te-Sainte-Catherine	C么te-Sainte-Catherine	March 2012	C么te-Sainte-Catherine	2
#A799FF	24	720	3	C么te-Sainte-Catherine	C么te-Sainte-Catherine	April 2012	C么te-Sainte-Catherine	2
#A799FF	24	2653	3	C么te-Sainte-Catherine	C么te-Sainte-Catherine	May 2012	C么te-Sainte-Catherine	2
#A799FF	24	1152	3	C么te-Sainte-Catherine	C么te-Sainte-Catherine	June 2012	C么te-Sainte-Catherine	2
#A799FF	24	2318	3	C么te-Sainte-Catherine	C么te-Sainte-Catherine	July 2012	C么te-Sainte-Catherine	2
#A799FF	24	2394	3	C么te-Sainte-Catherine	C么te-Sainte-Catherine	August 2012	C么te-Sainte-Catherine	2
#A799FF	24	2246	3	C么te-Sainte-Catherine	C么te-Sainte-Catherine	September 2012	C么te-Sainte-Catherine	2
#A799FF	24	1868	3	C么te-Sainte-Catherine	C么te-Sainte-Catherine	October 2012	C么te-Sainte-Catherine	2
#A799FF	24	5	3	C么te-Sainte-Catherine	C么te-Sainte-Catherine	January 2013	C么te-Sainte-Catherine	2
#A799FF	24	1	3	C么te-Sainte-Catherine	C么te-Sainte-Catherine	February 2013	C么te-Sainte-Catherine	2
#A799FF	24	88	3	C么te-Sainte-Catherine	C么te-Sainte-Catherine	March 2013	C么te-Sainte-Catherine	2
#A799FF	24	2021	3	C么te-Sainte-Catherine	C么te-Sainte-Catherine	April 2013	C么te-Sainte-Catherine	2
#A799FF	24	941	3	C么te-Sainte-Catherine	C么te-Sainte-Catherine	May 2013	C么te-Sainte-Catherine	2
#A799FF	24	1142	3	C么te-Sainte-Catherine	C么te-Sainte-Catherine	June 2013	C么te-Sainte-Catherine	2
#A799FF	24	2374	3	C么te-Sainte-Catherine	C么te-Sainte-Catherine	July 2013	C么te-Sainte-Catherine	2
#A799FF	24	1473	3	C么te-Sainte-Catherine	C么te-Sainte-Catherine	August 2013	C么te-Sainte-Catherine	2
#A799FF	25	608	3	C魌e-Sainte-Catherine	C魌e-Sainte-Catherine	October 2010	C魌e-Sainte-Catherine	2
#A799FF	25	606	3	C魌e-Sainte-Catherine	C魌e-Sainte-Catherine	November 2010	C魌e-Sainte-Catherine	2
#A799FF	25	8	3	C么te-Sainte-Catherine	C么te-Sainte-Catherine	January 2011	C么te-Sainte-Catherine	2
#A799FF	25	37	3	C么te-Sainte-Catherine	C么te-Sainte-Catherine	February 2011	C么te-Sainte-Catherine	2
#A799FF	25	105	3	C么te-Sainte-Catherine	C么te-Sainte-Catherine	March 2011	C么te-Sainte-Catherine	2
#A799FF	25	1065	3	C么te-Sainte-Catherine	C么te-Sainte-Catherine	April 2011	C么te-Sainte-Catherine	2
#A799FF	25	2586	3	C么te-Sainte-Catherine	C么te-Sainte-Catherine	May 2011	C么te-Sainte-Catherine	2
#A799FF	25	554	3	C么te-Sainte-Catherine	C么te-Sainte-Catherine	June 2011	C么te-Sainte-Catherine	2
#A799FF	25	1753	3	C么te-Sainte-Catherine	C么te-Sainte-Catherine	July 2011	C么te-Sainte-Catherine	2
#A799FF	25	1425	3	C么te-Sainte-Catherine	C么te-Sainte-Catherine	August 2011	C么te-Sainte-Catherine	2
#A799FF	25	522	3	C么te-Sainte-Catherine	C么te-Sainte-Catherine	September 2011	C么te-Sainte-Catherine	2
#A799FF	25	1	3	C么te-Sainte-Catherine	C么te-Sainte-Catherine	January 2012	C么te-Sainte-Catherine	2
#A799FF	25	243	3	C么te-Sainte-Catherine	C么te-Sainte-Catherine	March 2012	C么te-Sainte-Catherine	2
#A799FF	25	1023	3	C么te-Sainte-Catherine	C么te-Sainte-Catherine	April 2012	C么te-Sainte-Catherine	2
#A799FF	25	2205	3	C么te-Sainte-Catherine	C么te-Sainte-Catherine	May 2012	C么te-Sainte-Catherine	2
#A799FF	25	1077	3	C么te-Sainte-Catherine	C么te-Sainte-Catherine	June 2012	C么te-Sainte-Catherine	2
#A799FF	25	2593	3	C么te-Sainte-Catherine	C么te-Sainte-Catherine	July 2012	C么te-Sainte-Catherine	2
#A799FF	25	1305	3	C么te-Sainte-Catherine	C么te-Sainte-Catherine	August 2012	C么te-Sainte-Catherine	2
#A799FF	25	2236	3	C么te-Sainte-Catherine	C么te-Sainte-Catherine	September 2012	C么te-Sainte-Catherine	2
#A799FF	25	1815	3	C么te-Sainte-Catherine	C么te-Sainte-Catherine	October 2012	C么te-Sainte-Catherine	2
#A799FF	25	3	3	C么te-Sainte-Catherine	C么te-Sainte-Catherine	January 2013	C么te-Sainte-Catherine	2
#A799FF	25	326	3	C么te-Sainte-Catherine	C么te-Sainte-Catherine	March 2013	C么te-Sainte-Catherine	2
#A799FF	25	1610	3	C么te-Sainte-Catherine	C么te-Sainte-Catherine	April 2013	C么te-Sainte-Catherine	2
#A799FF	25	327	3	C么te-Sainte-Catherine	C么te-Sainte-Catherine	May 2013	C么te-Sainte-Catherine	2
#A799FF	25	1995	3	C么te-Sainte-Catherine	C么te-Sainte-Catherine	June 2013	C么te-Sainte-Catherine	2
#A799FF	25	2527	3	C么te-Sainte-Catherine	C么te-Sainte-Catherine	July 2013	C么te-Sainte-Catherine	2
#A799FF	25	1442	3	C么te-Sainte-Catherine	C么te-Sainte-Catherine	August 2013	C么te-Sainte-Catherine	2
#A799FF	26	1193	3	C魌e-Sainte-Catherine	C魌e-Sainte-Catherine	October 2010	C魌e-Sainte-Catherine	2
#A799FF	26	201	3	C魌e-Sainte-Catherine	C魌e-Sainte-Catherine	November 2010	C魌e-Sainte-Catherine	2
#A799FF	26	2	3	C么te-Sainte-Catherine	C么te-Sainte-Catherine	January 2011	C么te-Sainte-Catherine	2
#A799FF	26	2	3	C么te-Sainte-Catherine	C么te-Sainte-Catherine	February 2011	C么te-Sainte-Catherine	2
#A799FF	26	58	3	C么te-Sainte-Catherine	C么te-Sainte-Catherine	March 2011	C么te-Sainte-Catherine	2
#A799FF	26	560	3	C么te-Sainte-Catherine	C么te-Sainte-Catherine	April 2011	C么te-Sainte-Catherine	2
#A799FF	26	1324	3	C么te-Sainte-Catherine	C么te-Sainte-Catherine	May 2011	C么te-Sainte-Catherine	2
#A799FF	26	1154	3	C么te-Sainte-Catherine	C么te-Sainte-Catherine	June 2011	C么te-Sainte-Catherine	2
#A799FF	26	1819	3	C么te-Sainte-Catherine	C么te-Sainte-Catherine	July 2011	C么te-Sainte-Catherine	2
#A799FF	26	2237	3	C么te-Sainte-Catherine	C么te-Sainte-Catherine	August 2011	C么te-Sainte-Catherine	2
#A799FF	26	1188	3	C么te-Sainte-Catherine	C么te-Sainte-Catherine	September 2011	C么te-Sainte-Catherine	2
#A799FF	26	564	3	C么te-Sainte-Catherine	C么te-Sainte-Catherine	March 2012	C么te-Sainte-Catherine	2
#A799FF	26	1069	3	C么te-Sainte-Catherine	C么te-Sainte-Catherine	April 2012	C么te-Sainte-Catherine	2
#A799FF	26	1622	3	C么te-Sainte-Catherine	C么te-Sainte-Catherine	May 2012	C么te-Sainte-Catherine	2
#A799FF	26	1435	3	C么te-Sainte-Catherine	C么te-Sainte-Catherine	June 2012	C么te-Sainte-Catherine	2
#A799FF	26	2043	3	C么te-Sainte-Catherine	C么te-Sainte-Catherine	July 2012	C么te-Sainte-Catherine	2
#A799FF	26	1318	3	C么te-Sainte-Catherine	C么te-Sainte-Catherine	August 2012	C么te-Sainte-Catherine	2
#A799FF	26	1873	3	C么te-Sainte-Catherine	C么te-Sainte-Catherine	September 2012	C么te-Sainte-Catherine	2
#A799FF	26	1987	3	C么te-Sainte-Catherine	C么te-Sainte-Catherine	October 2012	C么te-Sainte-Catherine	2
#A799FF	26	1	3	C么te-Sainte-Catherine	C么te-Sainte-Catherine	February 2013	C么te-Sainte-Catherine	2
#A799FF	26	479	3	C么te-Sainte-Catherine	C么te-Sainte-Catherine	March 2013	C么te-Sainte-Catherine	2
#A799FF	26	1406	3	C么te-Sainte-Catherine	C么te-Sainte-Catherine	April 2013	C么te-Sainte-Catherine	2
#A799FF	26	450	3	C么te-Sainte-Catherine	C么te-Sainte-Catherine	May 2013	C么te-Sainte-Catherine	2
#A799FF	26	2211	3	C么te-Sainte-Catherine	C么te-Sainte-Catherine	June 2013	C么te-Sainte-Catherine	2
#A799FF	26	2040	3	C么te-Sainte-Catherine	C么te-Sainte-Catherine	July 2013	C么te-Sainte-Catherine	2
#A799FF	26	2120	3	C么te-Sainte-Catherine	C么te-Sainte-Catherine	August 2013	C么te-Sainte-Catherine	2
#A799FF	27	1469	3	C魌e-Sainte-Catherine	C魌e-Sainte-Catherine	October 2010	C魌e-Sainte-Catherine	2
#A799FF	27	29	3	C魌e-Sainte-Catherine	C魌e-Sainte-Catherine	November 2010	C魌e-Sainte-Catherine	2
#A799FF	27	4	3	C么te-Sainte-Catherine	C么te-Sainte-Catherine	January 2011	C么te-Sainte-Catherine	2
#A799FF	27	63	3	C么te-Sainte-Catherine	C么te-Sainte-Catherine	March 2011	C么te-Sainte-Catherine	2
#A799FF	27	881	3	C么te-Sainte-Catherine	C么te-Sainte-Catherine	April 2011	C么te-Sainte-Catherine	2
#A799FF	27	595	3	C么te-Sainte-Catherine	C么te-Sainte-Catherine	May 2011	C么te-Sainte-Catherine	2
#A799FF	27	2550	3	C么te-Sainte-Catherine	C么te-Sainte-Catherine	June 2011	C么te-Sainte-Catherine	2
#A799FF	27	2303	3	C么te-Sainte-Catherine	C么te-Sainte-Catherine	July 2011	C么te-Sainte-Catherine	2
#A799FF	27	1503	3	C么te-Sainte-Catherine	C么te-Sainte-Catherine	August 2011	C么te-Sainte-Catherine	2
#A799FF	27	1236	3	C么te-Sainte-Catherine	C么te-Sainte-Catherine	September 2011	C么te-Sainte-Catherine	2
#A799FF	27	5	3	C么te-Sainte-Catherine	C么te-Sainte-Catherine	January 2012	C么te-Sainte-Catherine	2
#A799FF	27	4	3	C么te-Sainte-Catherine	C么te-Sainte-Catherine	February 2012	C么te-Sainte-Catherine	2
#A799FF	27	517	3	C么te-Sainte-Catherine	C么te-Sainte-Catherine	March 2012	C么te-Sainte-Catherine	2
#A799FF	27	743	3	C么te-Sainte-Catherine	C么te-Sainte-Catherine	April 2012	C么te-Sainte-Catherine	2
#A799FF	27	1525	3	C么te-Sainte-Catherine	C么te-Sainte-Catherine	May 2012	C么te-Sainte-Catherine	2
#A799FF	27	1322	3	C么te-Sainte-Catherine	C么te-Sainte-Catherine	June 2012	C么te-Sainte-Catherine	2
#A799FF	27	1948	3	C么te-Sainte-Catherine	C么te-Sainte-Catherine	July 2012	C么te-Sainte-Catherine	2
#A799FF	27	2273	3	C么te-Sainte-Catherine	C么te-Sainte-Catherine	August 2012	C么te-Sainte-Catherine	2
#A799FF	27	2288	3	C么te-Sainte-Catherine	C么te-Sainte-Catherine	September 2012	C么te-Sainte-Catherine	2
#A799FF	27	792	3	C么te-Sainte-Catherine	C么te-Sainte-Catherine	October 2012	C么te-Sainte-Catherine	2
#A799FF	27	1	3	C么te-Sainte-Catherine	C么te-Sainte-Catherine	January 2013	C么te-Sainte-Catherine	2
#A799FF	27	2	3	C么te-Sainte-Catherine	C么te-Sainte-Catherine	February 2013	C么te-Sainte-Catherine	2
#A799FF	27	549	3	C么te-Sainte-Catherine	C么te-Sainte-Catherine	March 2013	C么te-Sainte-Catherine	2
#A799FF	27	1155	3	C么te-Sainte-Catherine	C么te-Sainte-Catherine	April 2013	C么te-Sainte-Catherine	2
#A799FF	27	2734	3	C么te-Sainte-Catherine	C么te-Sainte-Catherine	May 2013	C么te-Sainte-Catherine	2
#A799FF	27	2459	3	C么te-Sainte-Catherine	C么te-Sainte-Catherine	June 2013	C么te-Sainte-Catherine	2
#A799FF	27	1486	3	C么te-Sainte-Catherine	C么te-Sainte-Catherine	July 2013	C么te-Sainte-Catherine	2
#A799FF	27	2805	3	C么te-Sainte-Catherine	C么te-Sainte-Catherine	August 2013	C么te-Sainte-Catherine	2
#A799FF	28	1318	3	C魌e-Sainte-Catherine	C魌e-Sainte-Catherine	October 2010	C魌e-Sainte-Catherine	2
#A799FF	28	16	3	C魌e-Sainte-Catherine	C魌e-Sainte-Catherine	November 2010	C魌e-Sainte-Catherine	2
#A799FF	28	5	3	C么te-Sainte-Catherine	C么te-Sainte-Catherine	January 2011	C么te-Sainte-Catherine	2
#A799FF	28	1	3	C么te-Sainte-Catherine	C么te-Sainte-Catherine	February 2011	C么te-Sainte-Catherine	2
#A799FF	28	175	3	C么te-Sainte-Catherine	C么te-Sainte-Catherine	March 2011	C么te-Sainte-Catherine	2
#A799FF	28	753	3	C么te-Sainte-Catherine	C么te-Sainte-Catherine	April 2011	C么te-Sainte-Catherine	2
#A799FF	28	605	3	C么te-Sainte-Catherine	C么te-Sainte-Catherine	May 2011	C么te-Sainte-Catherine	2
#A799FF	28	2245	3	C么te-Sainte-Catherine	C么te-Sainte-Catherine	June 2011	C么te-Sainte-Catherine	2
#A799FF	28	2156	3	C么te-Sainte-Catherine	C么te-Sainte-Catherine	July 2011	C么te-Sainte-Catherine	2
#A799FF	28	260	3	C么te-Sainte-Catherine	C么te-Sainte-Catherine	August 2011	C么te-Sainte-Catherine	2
#A799FF	28	1067	3	C么te-Sainte-Catherine	C么te-Sainte-Catherine	September 2011	C么te-Sainte-Catherine	2
#A799FF	28	1	3	C么te-Sainte-Catherine	C么te-Sainte-Catherine	January 2012	C么te-Sainte-Catherine	2
#A799FF	28	179	3	C么te-Sainte-Catherine	C么te-Sainte-Catherine	March 2012	C么te-Sainte-Catherine	2
#A799FF	28	628	3	C么te-Sainte-Catherine	C么te-Sainte-Catherine	April 2012	C么te-Sainte-Catherine	2
#A799FF	28	1962	3	C么te-Sainte-Catherine	C么te-Sainte-Catherine	May 2012	C么te-Sainte-Catherine	2
#A799FF	28	2381	3	C么te-Sainte-Catherine	C么te-Sainte-Catherine	June 2012	C么te-Sainte-Catherine	2
#A799FF	28	1345	3	C么te-Sainte-Catherine	C么te-Sainte-Catherine	July 2012	C么te-Sainte-Catherine	2
#A799FF	28	2794	3	C么te-Sainte-Catherine	C么te-Sainte-Catherine	August 2012	C么te-Sainte-Catherine	2
#A799FF	28	2134	3	C么te-Sainte-Catherine	C么te-Sainte-Catherine	September 2012	C么te-Sainte-Catherine	2
#A799FF	28	697	3	C么te-Sainte-Catherine	C么te-Sainte-Catherine	October 2012	C么te-Sainte-Catherine	2
#A799FF	28	6	3	C么te-Sainte-Catherine	C么te-Sainte-Catherine	January 2013	C么te-Sainte-Catherine	2
#A799FF	28	590	3	C么te-Sainte-Catherine	C么te-Sainte-Catherine	March 2013	C么te-Sainte-Catherine	2
#A799FF	28	1536	3	C么te-Sainte-Catherine	C么te-Sainte-Catherine	April 2013	C么te-Sainte-Catherine	2
#A799FF	28	3151	3	C么te-Sainte-Catherine	C么te-Sainte-Catherine	May 2013	C么te-Sainte-Catherine	2
#A799FF	28	618	3	C么te-Sainte-Catherine	C么te-Sainte-Catherine	June 2013	C么te-Sainte-Catherine	2
#A799FF	28	986	3	C么te-Sainte-Catherine	C么te-Sainte-Catherine	July 2013	C么te-Sainte-Catherine	2
#A799FF	28	2759	3	C么te-Sainte-Catherine	C么te-Sainte-Catherine	August 2013	C么te-Sainte-Catherine	2
#A799FF	29	897	3	C魌e-Sainte-Catherine	C魌e-Sainte-Catherine	October 2010	C魌e-Sainte-Catherine	2
#A799FF	29	158	3	C魌e-Sainte-Catherine	C魌e-Sainte-Catherine	November 2010	C魌e-Sainte-Catherine	2
#A799FF	29	3	3	C么te-Sainte-Catherine	C么te-Sainte-Catherine	January 2011	C么te-Sainte-Catherine	2
#A799FF	29	300	3	C么te-Sainte-Catherine	C么te-Sainte-Catherine	March 2011	C么te-Sainte-Catherine	2
#A799FF	29	1088	3	C么te-Sainte-Catherine	C么te-Sainte-Catherine	April 2011	C么te-Sainte-Catherine	2
#A799FF	29	818	3	C么te-Sainte-Catherine	C么te-Sainte-Catherine	May 2011	C么te-Sainte-Catherine	2
#A799FF	29	1727	3	C么te-Sainte-Catherine	C么te-Sainte-Catherine	June 2011	C么te-Sainte-Catherine	2
#A799FF	29	1610	3	C么te-Sainte-Catherine	C么te-Sainte-Catherine	July 2011	C么te-Sainte-Catherine	2
#A799FF	29	2501	3	C么te-Sainte-Catherine	C么te-Sainte-Catherine	August 2011	C么te-Sainte-Catherine	2
#A799FF	29	518	3	C么te-Sainte-Catherine	C么te-Sainte-Catherine	September 2011	C么te-Sainte-Catherine	2
#A799FF	29	1	3	C么te-Sainte-Catherine	C么te-Sainte-Catherine	January 2012	C么te-Sainte-Catherine	2
#A799FF	29	406	3	C么te-Sainte-Catherine	C么te-Sainte-Catherine	March 2012	C么te-Sainte-Catherine	2
#A799FF	29	765	3	C么te-Sainte-Catherine	C么te-Sainte-Catherine	April 2012	C么te-Sainte-Catherine	2
#A799FF	29	1184	3	C么te-Sainte-Catherine	C么te-Sainte-Catherine	May 2012	C么te-Sainte-Catherine	2
#A799FF	29	1935	3	C么te-Sainte-Catherine	C么te-Sainte-Catherine	June 2012	C么te-Sainte-Catherine	2
#A799FF	29	1332	3	C么te-Sainte-Catherine	C么te-Sainte-Catherine	July 2012	C么te-Sainte-Catherine	2
#A799FF	29	3092	3	C么te-Sainte-Catherine	C么te-Sainte-Catherine	August 2012	C么te-Sainte-Catherine	2
#A799FF	29	755	3	C么te-Sainte-Catherine	C么te-Sainte-Catherine	September 2012	C么te-Sainte-Catherine	2
#A799FF	29	1458	3	C么te-Sainte-Catherine	C么te-Sainte-Catherine	October 2012	C么te-Sainte-Catherine	2
#A799FF	29	377	3	C么te-Sainte-Catherine	C么te-Sainte-Catherine	March 2013	C么te-Sainte-Catherine	2
#A799FF	29	2039	3	C么te-Sainte-Catherine	C么te-Sainte-Catherine	April 2013	C么te-Sainte-Catherine	2
#A799FF	29	1372	3	C么te-Sainte-Catherine	C么te-Sainte-Catherine	May 2013	C么te-Sainte-Catherine	2
#A799FF	29	978	3	C么te-Sainte-Catherine	C么te-Sainte-Catherine	June 2013	C么te-Sainte-Catherine	2
#A799FF	29	2179	3	C么te-Sainte-Catherine	C么te-Sainte-Catherine	July 2013	C么te-Sainte-Catherine	2
#A799FF	29	2766	3	C么te-Sainte-Catherine	C么te-Sainte-Catherine	August 2013	C么te-Sainte-Catherine	2
#A799FF	30	376	3	C魌e-Sainte-Catherine	C魌e-Sainte-Catherine	October 2010	C魌e-Sainte-Catherine	2
#A799FF	30	312	3	C魌e-Sainte-Catherine	C魌e-Sainte-Catherine	November 2010	C魌e-Sainte-Catherine	2
#A799FF	30	1	3	C魌e-Sainte-Catherine	C魌e-Sainte-Catherine	December 2010	C魌e-Sainte-Catherine	2
#A799FF	30	497	3	C么te-Sainte-Catherine	C么te-Sainte-Catherine	March 2011	C么te-Sainte-Catherine	2
#A799FF	30	1300	3	C么te-Sainte-Catherine	C么te-Sainte-Catherine	April 2011	C么te-Sainte-Catherine	2
#A799FF	30	2611	3	C么te-Sainte-Catherine	C么te-Sainte-Catherine	May 2011	C么te-Sainte-Catherine	2
#A799FF	30	1538	3	C么te-Sainte-Catherine	C么te-Sainte-Catherine	June 2011	C么te-Sainte-Catherine	2
#A799FF	30	1349	3	C么te-Sainte-Catherine	C么te-Sainte-Catherine	July 2011	C么te-Sainte-Catherine	2
#A799FF	30	2583	3	C么te-Sainte-Catherine	C么te-Sainte-Catherine	August 2011	C么te-Sainte-Catherine	2
#A799FF	30	774	3	C么te-Sainte-Catherine	C么te-Sainte-Catherine	September 2011	C么te-Sainte-Catherine	2
#A799FF	30	529	3	C么te-Sainte-Catherine	C么te-Sainte-Catherine	March 2012	C么te-Sainte-Catherine	2
#A799FF	30	1572	3	C么te-Sainte-Catherine	C么te-Sainte-Catherine	April 2012	C么te-Sainte-Catherine	2
#A799FF	30	2722	3	C么te-Sainte-Catherine	C么te-Sainte-Catherine	May 2012	C么te-Sainte-Catherine	2
#A799FF	30	1359	3	C么te-Sainte-Catherine	C么te-Sainte-Catherine	June 2012	C么te-Sainte-Catherine	2
#A799FF	30	2285	3	C么te-Sainte-Catherine	C么te-Sainte-Catherine	July 2012	C么te-Sainte-Catherine	2
#A799FF	30	2910	3	C么te-Sainte-Catherine	C么te-Sainte-Catherine	August 2012	C么te-Sainte-Catherine	2
#A799FF	30	359	3	C么te-Sainte-Catherine	C么te-Sainte-Catherine	September 2012	C么te-Sainte-Catherine	2
#A799FF	30	1251	3	C么te-Sainte-Catherine	C么te-Sainte-Catherine	October 2012	C么te-Sainte-Catherine	2
#A799FF	30	3	3	C么te-Sainte-Catherine	C么te-Sainte-Catherine	January 2013	C么te-Sainte-Catherine	2
#A799FF	30	443	3	C么te-Sainte-Catherine	C么te-Sainte-Catherine	March 2013	C么te-Sainte-Catherine	2
#A799FF	30	2262	3	C么te-Sainte-Catherine	C么te-Sainte-Catherine	April 2013	C么te-Sainte-Catherine	2
#A799FF	30	2936	3	C么te-Sainte-Catherine	C么te-Sainte-Catherine	May 2013	C么te-Sainte-Catherine	2
#A799FF	30	1426	3	C么te-Sainte-Catherine	C么te-Sainte-Catherine	June 2013	C么te-Sainte-Catherine	2
#A799FF	30	2595	3	C么te-Sainte-Catherine	C么te-Sainte-Catherine	July 2013	C么te-Sainte-Catherine	2
#A799FF	30	2209	3	C么te-Sainte-Catherine	C么te-Sainte-Catherine	August 2013	C么te-Sainte-Catherine	2
#A799FF	31	305	3	C魌e-Sainte-Catherine	C魌e-Sainte-Catherine	October 2010	C魌e-Sainte-Catherine	2
#A799FF	31	1	3	C魌e-Sainte-Catherine	C魌e-Sainte-Catherine	December 2010	C魌e-Sainte-Catherine	2
#A799FF	31	3	3	C么te-Sainte-Catherine	C么te-Sainte-Catherine	January 2011	C么te-Sainte-Catherine	2
#A799FF	31	582	3	C么te-Sainte-Catherine	C么te-Sainte-Catherine	March 2011	C么te-Sainte-Catherine	2
#A799FF	31	2714	3	C么te-Sainte-Catherine	C么te-Sainte-Catherine	May 2011	C么te-Sainte-Catherine	2
#A799FF	31	1290	3	C么te-Sainte-Catherine	C么te-Sainte-Catherine	July 2011	C么te-Sainte-Catherine	2
#A799FF	31	2903	3	C么te-Sainte-Catherine	C么te-Sainte-Catherine	August 2011	C么te-Sainte-Catherine	2
#A799FF	31	1	3	C么te-Sainte-Catherine	C么te-Sainte-Catherine	January 2012	C么te-Sainte-Catherine	2
#A799FF	31	499	3	C么te-Sainte-Catherine	C么te-Sainte-Catherine	March 2012	C么te-Sainte-Catherine	2
#A799FF	31	2177	3	C么te-Sainte-Catherine	C么te-Sainte-Catherine	May 2012	C么te-Sainte-Catherine	2
#A799FF	31	2185	3	C么te-Sainte-Catherine	C么te-Sainte-Catherine	July 2012	C么te-Sainte-Catherine	2
#A799FF	31	1868	3	C么te-Sainte-Catherine	C么te-Sainte-Catherine	August 2012	C么te-Sainte-Catherine	2
#A799FF	31	1294	3	C么te-Sainte-Catherine	C么te-Sainte-Catherine	October 2012	C么te-Sainte-Catherine	2
#A799FF	31	33	3	C么te-Sainte-Catherine	C么te-Sainte-Catherine	January 2013	C么te-Sainte-Catherine	2
#A799FF	31	380	3	C么te-Sainte-Catherine	C么te-Sainte-Catherine	March 2013	C么te-Sainte-Catherine	2
#A799FF	31	2562	3	C么te-Sainte-Catherine	C么te-Sainte-Catherine	May 2013	C么te-Sainte-Catherine	2
#A799FF	31	2712	3	C么te-Sainte-Catherine	C么te-Sainte-Catherine	July 2013	C么te-Sainte-Catherine	2
#A799FF	31	1018	3	C么te-Sainte-Catherine	C么te-Sainte-Catherine	August 2013	C么te-Sainte-Catherine	2
#FB8072	1	1952	4	du Parc	du Parc	November 2010	du Parc	2
#FB8072	1	623	4	du Parc	du Parc	December 2010	du Parc	2
#FB8072	1	41	4	du Parc	du Parc	January 2011	du Parc	2
#FB8072	1	182	4	du Parc	du Parc	February 2011	du Parc	2
#FB8072	1	158	4	du Parc	du Parc	March 2011	du Parc	2
#FB8072	1	784	4	du Parc	du Parc	April 2011	du Parc	2
#FB8072	1	2101	4	du Parc	du Parc	May 2011	du Parc	2
#FB8072	1	3633	4	du Parc	du Parc	June 2011	du Parc	2
#FB8072	1	2121	4	du Parc	du Parc	July 2011	du Parc	2
#FB8072	1	2499	4	du Parc	du Parc	August 2011	du Parc	2
#FB8072	1	4245	4	du Parc	du Parc	September 2011	du Parc	2
#FB8072	1	790	4	du Parc	du Parc	October 2011	du Parc	2
#FB8072	1	2750	4	du Parc	du Parc	November 2011	du Parc	2
#FB8072	1	26	4	du Parc	du Parc	January 2012	du Parc	2
#FB8072	1	71	4	du Parc	du Parc	February 2012	du Parc	2
#FB8072	1	63	4	du Parc	du Parc	March 2012	du Parc	2
#FB8072	1	471	4	du Parc	du Parc	April 2012	du Parc	2
#FB8072	1	1516	4	du Parc	du Parc	May 2012	du Parc	2
#FB8072	1	3895	4	du Parc	du Parc	June 2012	du Parc	2
#FB8072	1	1777	4	du Parc	du Parc	July 2012	du Parc	2
#FB8072	1	2810	4	du Parc	du Parc	August 2012	du Parc	2
#FB8072	1	1887	4	du Parc	du Parc	September 2012	du Parc	2
#FB8072	1	2582	4	du Parc	du Parc	October 2012	du Parc	2
#FB8072	1	2076	4	du Parc	du Parc	November 2012	du Parc	2
#FB8072	1	6	4	du Parc	du Parc	January 2013	du Parc	2
#FB8072	1	159	4	du Parc	du Parc	February 2013	du Parc	2
#FB8072	1	172	4	du Parc	du Parc	March 2013	du Parc	2
#FB8072	1	343	4	du Parc	du Parc	April 2013	du Parc	2
#FB8072	1	3672	4	du Parc	du Parc	May 2013	du Parc	2
#FB8072	1	1805	4	du Parc	du Parc	June 2013	du Parc	2
#FB8072	1	1713	4	du Parc	du Parc	July 2013	du Parc	2
#FB8072	1	2421	4	du Parc	du Parc	August 2013	du Parc	2
#FB8072	1	1913	4	du Parc	du Parc	September 2013	du Parc	2
#FB8072	2	2257	4	du Parc	du Parc	November 2010	du Parc	2
#FB8072	2	994	4	du Parc	du Parc	December 2010	du Parc	2
#FB8072	2	68	4	du Parc	du Parc	January 2011	du Parc	2
#FB8072	2	59	4	du Parc	du Parc	February 2011	du Parc	2
#FB8072	2	165	4	du Parc	du Parc	March 2011	du Parc	2
#FB8072	2	645	4	du Parc	du Parc	April 2011	du Parc	2
#FB8072	2	1930	4	du Parc	du Parc	May 2011	du Parc	2
#FB8072	2	2987	4	du Parc	du Parc	June 2011	du Parc	2
#FB8072	2	2280	4	du Parc	du Parc	July 2011	du Parc	2
#FB8072	2	3195	4	du Parc	du Parc	August 2011	du Parc	2
#FB8072	2	3809	4	du Parc	du Parc	September 2011	du Parc	2
#FB8072	2	403	4	du Parc	du Parc	October 2011	du Parc	2
#FB8072	2	2943	4	du Parc	du Parc	November 2011	du Parc	2
#FB8072	2	53	4	du Parc	du Parc	January 2012	du Parc	2
#FB8072	2	128	4	du Parc	du Parc	February 2012	du Parc	2
#FB8072	2	77	4	du Parc	du Parc	March 2012	du Parc	2
#FB8072	2	1614	4	du Parc	du Parc	April 2012	du Parc	2
#FB8072	2	2508	4	du Parc	du Parc	May 2012	du Parc	2
#FB8072	2	628	4	du Parc	du Parc	June 2012	du Parc	2
#FB8072	2	1883	4	du Parc	du Parc	July 2012	du Parc	2
#FB8072	2	3329	4	du Parc	du Parc	August 2012	du Parc	2
#FB8072	2	1788	4	du Parc	du Parc	September 2012	du Parc	2
#FB8072	2	3732	4	du Parc	du Parc	October 2012	du Parc	2
#FB8072	2	1392	4	du Parc	du Parc	November 2012	du Parc	2
#FB8072	2	18	4	du Parc	du Parc	January 2013	du Parc	2
#FB8072	2	55	4	du Parc	du Parc	February 2013	du Parc	2
#FB8072	2	79	4	du Parc	du Parc	March 2013	du Parc	2
#FB8072	2	840	4	du Parc	du Parc	April 2013	du Parc	2
#FB8072	2	3732	4	du Parc	du Parc	May 2013	du Parc	2
#FB8072	2	1542	4	du Parc	du Parc	June 2013	du Parc	2
#FB8072	2	2994	4	du Parc	du Parc	July 2013	du Parc	2
#FB8072	2	2569	4	du Parc	du Parc	August 2013	du Parc	2
#FB8072	2	929	4	du Parc	du Parc	September 2013	du Parc	2
#FB8072	3	2291	4	du Parc	du Parc	November 2010	du Parc	2
#FB8072	3	973	4	du Parc	du Parc	December 2010	du Parc	2
#FB8072	3	205	4	du Parc	du Parc	January 2011	du Parc	2
#FB8072	3	108	4	du Parc	du Parc	February 2011	du Parc	2
#FB8072	3	178	4	du Parc	du Parc	March 2011	du Parc	2
#FB8072	3	707	4	du Parc	du Parc	April 2011	du Parc	2
#FB8072	3	1396	4	du Parc	du Parc	May 2011	du Parc	2
#FB8072	3	4125	4	du Parc	du Parc	June 2011	du Parc	2
#FB8072	3	1966	4	du Parc	du Parc	July 2011	du Parc	2
#FB8072	3	3754	4	du Parc	du Parc	August 2011	du Parc	2
#FB8072	3	1702	4	du Parc	du Parc	September 2011	du Parc	2
#FB8072	3	2137	4	du Parc	du Parc	October 2011	du Parc	2
#FB8072	3	531	4	du Parc	du Parc	November 2011	du Parc	2
#FB8072	3	89	4	du Parc	du Parc	January 2012	du Parc	2
#FB8072	3	111	4	du Parc	du Parc	February 2012	du Parc	2
#FB8072	3	47	4	du Parc	du Parc	March 2012	du Parc	2
#FB8072	3	1880	4	du Parc	du Parc	April 2012	du Parc	2
#FB8072	3	2577	4	du Parc	du Parc	May 2012	du Parc	2
#FB8072	3	2324	4	du Parc	du Parc	June 2012	du Parc	2
#FB8072	3	3896	4	du Parc	du Parc	July 2012	du Parc	2
#FB8072	3	2789	4	du Parc	du Parc	August 2012	du Parc	2
#FB8072	3	1620	4	du Parc	du Parc	September 2012	du Parc	2
#FB8072	3	3415	4	du Parc	du Parc	October 2012	du Parc	2
#FB8072	3	713	4	du Parc	du Parc	November 2012	du Parc	2
#FB8072	3	22	4	du Parc	du Parc	January 2013	du Parc	2
#FB8072	3	27	4	du Parc	du Parc	February 2013	du Parc	2
#FB8072	3	46	4	du Parc	du Parc	March 2013	du Parc	2
#FB8072	3	869	4	du Parc	du Parc	April 2013	du Parc	2
#FB8072	3	3508	4	du Parc	du Parc	May 2013	du Parc	2
#FB8072	3	3322	4	du Parc	du Parc	June 2013	du Parc	2
#FB8072	3	3798	4	du Parc	du Parc	July 2013	du Parc	2
#FB8072	3	1584	4	du Parc	du Parc	August 2013	du Parc	2
#FB8072	3	3683	4	du Parc	du Parc	September 2013	du Parc	2
#FB8072	4	1554	4	du Parc	du Parc	November 2010	du Parc	2
#FB8072	4	242	4	du Parc	du Parc	December 2010	du Parc	2
#FB8072	4	250	4	du Parc	du Parc	January 2011	du Parc	2
#FB8072	4	119	4	du Parc	du Parc	February 2011	du Parc	2
#FB8072	4	200	4	du Parc	du Parc	March 2011	du Parc	2
#FB8072	4	589	4	du Parc	du Parc	April 2011	du Parc	2
#FB8072	4	1031	4	du Parc	du Parc	May 2011	du Parc	2
#FB8072	4	2466	4	du Parc	du Parc	June 2011	du Parc	2
#FB8072	4	3932	4	du Parc	du Parc	July 2011	du Parc	2
#FB8072	4	3396	4	du Parc	du Parc	August 2011	du Parc	2
#FB8072	4	1234	4	du Parc	du Parc	September 2011	du Parc	2
#FB8072	4	2849	4	du Parc	du Parc	October 2011	du Parc	2
#FB8072	4	111	4	du Parc	du Parc	January 2012	du Parc	2
#FB8072	4	44	4	du Parc	du Parc	February 2012	du Parc	2
#FB8072	4	60	4	du Parc	du Parc	March 2012	du Parc	2
#FB8072	4	1666	4	du Parc	du Parc	April 2012	du Parc	2
#FB8072	4	1823	4	du Parc	du Parc	May 2012	du Parc	2
#FB8072	4	2168	4	du Parc	du Parc	June 2012	du Parc	2
#FB8072	4	3070	4	du Parc	du Parc	July 2012	du Parc	2
#FB8072	4	1769	4	du Parc	du Parc	August 2012	du Parc	2
#FB8072	4	3006	4	du Parc	du Parc	September 2012	du Parc	2
#FB8072	4	3066	4	du Parc	du Parc	October 2012	du Parc	2
#FB8072	4	692	4	du Parc	du Parc	November 2012	du Parc	2
#FB8072	4	16	4	du Parc	du Parc	January 2013	du Parc	2
#FB8072	4	163	4	du Parc	du Parc	February 2013	du Parc	2
#FB8072	4	135	4	du Parc	du Parc	March 2013	du Parc	2
#FB8072	4	1243	4	du Parc	du Parc	April 2013	du Parc	2
#FB8072	4	2176	4	du Parc	du Parc	May 2013	du Parc	2
#FB8072	4	3546	4	du Parc	du Parc	June 2013	du Parc	2
#FB8072	4	3588	4	du Parc	du Parc	July 2013	du Parc	2
#FB8072	4	1266	4	du Parc	du Parc	August 2013	du Parc	2
#FB8072	4	3884	4	du Parc	du Parc	September 2013	du Parc	2
#FB8072	5	1056	4	du Parc	du Parc	November 2010	du Parc	2
#FB8072	5	204	4	du Parc	du Parc	December 2010	du Parc	2
#FB8072	5	250	4	du Parc	du Parc	January 2011	du Parc	2
#FB8072	5	69	4	du Parc	du Parc	February 2011	du Parc	2
#FB8072	5	58	4	du Parc	du Parc	March 2011	du Parc	2
#FB8072	5	689	4	du Parc	du Parc	April 2011	du Parc	2
#FB8072	5	975	4	du Parc	du Parc	May 2011	du Parc	2
#FB8072	5	3531	4	du Parc	du Parc	June 2011	du Parc	2
#FB8072	5	3935	4	du Parc	du Parc	July 2011	du Parc	2
#FB8072	5	3018	4	du Parc	du Parc	August 2011	du Parc	2
#FB8072	5	639	4	du Parc	du Parc	September 2011	du Parc	2
#FB8072	5	3612	4	du Parc	du Parc	October 2011	du Parc	2
#FB8072	5	97	4	du Parc	du Parc	January 2012	du Parc	2
#FB8072	5	54	4	du Parc	du Parc	February 2012	du Parc	2
#FB8072	5	157	4	du Parc	du Parc	March 2012	du Parc	2
#FB8072	5	1699	4	du Parc	du Parc	April 2012	du Parc	2
#FB8072	5	1779	4	du Parc	du Parc	May 2012	du Parc	2
#FB8072	5	3786	4	du Parc	du Parc	June 2012	du Parc	2
#FB8072	5	3816	4	du Parc	du Parc	July 2012	du Parc	2
#FB8072	5	970	4	du Parc	du Parc	August 2012	du Parc	2
#FB8072	5	4061	4	du Parc	du Parc	September 2012	du Parc	2
#FB8072	5	2844	4	du Parc	du Parc	October 2012	du Parc	2
#FB8072	5	2143	4	du Parc	du Parc	November 2012	du Parc	2
#FB8072	5	12	4	du Parc	du Parc	January 2013	du Parc	2
#FB8072	5	188	4	du Parc	du Parc	February 2013	du Parc	2
#FB8072	5	171	4	du Parc	du Parc	March 2013	du Parc	2
#FB8072	5	761	4	du Parc	du Parc	April 2013	du Parc	2
#FB8072	5	2370	4	du Parc	du Parc	May 2013	du Parc	2
#FB8072	5	3850	4	du Parc	du Parc	June 2013	du Parc	2
#FB8072	5	3168	4	du Parc	du Parc	July 2013	du Parc	2
#FB8072	5	3255	4	du Parc	du Parc	August 2013	du Parc	2
#FB8072	5	3983	4	du Parc	du Parc	September 2013	du Parc	2
#FB8072	6	1074	4	du Parc	du Parc	October 2010	du Parc	2
#FB8072	6	813	4	du Parc	du Parc	November 2010	du Parc	2
#FB8072	6	340	4	du Parc	du Parc	December 2010	du Parc	2
#FB8072	6	261	4	du Parc	du Parc	January 2011	du Parc	2
#FB8072	6	55	4	du Parc	du Parc	February 2011	du Parc	2
#FB8072	6	32	4	du Parc	du Parc	March 2011	du Parc	2
#FB8072	6	1211	4	du Parc	du Parc	April 2011	du Parc	2
#FB8072	6	2023	4	du Parc	du Parc	May 2011	du Parc	2
#FB8072	6	3919	4	du Parc	du Parc	June 2011	du Parc	2
#FB8072	6	3113	4	du Parc	du Parc	July 2011	du Parc	2
#FB8072	6	1765	4	du Parc	du Parc	August 2011	du Parc	2
#FB8072	6	3868	4	du Parc	du Parc	September 2011	du Parc	2
#FB8072	6	3401	4	du Parc	du Parc	October 2011	du Parc	2
#FB8072	6	86	4	du Parc	du Parc	January 2012	du Parc	2
#FB8072	6	167	4	du Parc	du Parc	February 2012	du Parc	2
#FB8072	6	170	4	du Parc	du Parc	March 2012	du Parc	2
#FB8072	6	975	4	du Parc	du Parc	April 2012	du Parc	2
#FB8072	6	1879	4	du Parc	du Parc	May 2012	du Parc	2
#FB8072	6	3987	4	du Parc	du Parc	June 2012	du Parc	2
#FB8072	6	3387	4	du Parc	du Parc	July 2012	du Parc	2
#FB8072	6	3187	4	du Parc	du Parc	August 2012	du Parc	2
#FB8072	6	4014	4	du Parc	du Parc	September 2012	du Parc	2
#FB8072	6	776	4	du Parc	du Parc	October 2012	du Parc	2
#FB8072	6	8	4	du Parc	du Parc	January 2013	du Parc	2
#FB8072	6	244	4	du Parc	du Parc	February 2013	du Parc	2
#FB8072	6	222	4	du Parc	du Parc	March 2013	du Parc	2
#FB8072	6	602	4	du Parc	du Parc	April 2013	du Parc	2
#FB8072	6	3728	4	du Parc	du Parc	May 2013	du Parc	2
#FB8072	6	2401	4	du Parc	du Parc	June 2013	du Parc	2
#FB8072	6	2091	4	du Parc	du Parc	July 2013	du Parc	2
#FB8072	6	3381	4	du Parc	du Parc	August 2013	du Parc	2
#FB8072	6	3593	4	du Parc	du Parc	September 2013	du Parc	2
#FB8072	7	1947	4	du Parc	du Parc	October 2010	du Parc	2
#FB8072	7	892	4	du Parc	du Parc	November 2010	du Parc	2
#FB8072	7	55	4	du Parc	du Parc	December 2010	du Parc	2
#FB8072	7	222	4	du Parc	du Parc	January 2011	du Parc	2
#FB8072	7	175	4	du Parc	du Parc	February 2011	du Parc	2
#FB8072	7	30	4	du Parc	du Parc	March 2011	du Parc	2
#FB8072	7	1497	4	du Parc	du Parc	April 2011	du Parc	2
#FB8072	7	1504	4	du Parc	du Parc	May 2011	du Parc	2
#FB8072	7	4083	4	du Parc	du Parc	June 2011	du Parc	2
#FB8072	7	3750	4	du Parc	du Parc	July 2011	du Parc	2
#FB8072	7	1370	4	du Parc	du Parc	August 2011	du Parc	2
#FB8072	7	3546	4	du Parc	du Parc	September 2011	du Parc	2
#FB8072	7	2954	4	du Parc	du Parc	October 2011	du Parc	2
#FB8072	7	53	4	du Parc	du Parc	January 2012	du Parc	2
#FB8072	7	225	4	du Parc	du Parc	February 2012	du Parc	2
#FB8072	7	266	4	du Parc	du Parc	March 2012	du Parc	2
#FB8072	7	709	4	du Parc	du Parc	April 2012	du Parc	2
#FB8072	7	3416	4	du Parc	du Parc	May 2012	du Parc	2
#FB8072	7	3972	4	du Parc	du Parc	June 2012	du Parc	2
#FB8072	7	2132	4	du Parc	du Parc	July 2012	du Parc	2
#FB8072	7	3480	4	du Parc	du Parc	August 2012	du Parc	2
#FB8072	7	3886	4	du Parc	du Parc	September 2012	du Parc	2
#FB8072	7	860	4	du Parc	du Parc	October 2012	du Parc	2
#FB8072	7	60	4	du Parc	du Parc	January 2013	du Parc	2
#FB8072	7	192	4	du Parc	du Parc	February 2013	du Parc	2
#FB8072	7	267	4	du Parc	du Parc	March 2013	du Parc	2
#FB8072	7	447	4	du Parc	du Parc	April 2013	du Parc	2
#FB8072	7	4012	4	du Parc	du Parc	May 2013	du Parc	2
#FB8072	7	1691	4	du Parc	du Parc	June 2013	du Parc	2
#FB8072	7	1655	4	du Parc	du Parc	July 2013	du Parc	2
#FB8072	7	3191	4	du Parc	du Parc	August 2013	du Parc	2
#FB8072	7	1335	4	du Parc	du Parc	September 2013	du Parc	2
#FB8072	8	1899	4	du Parc	du Parc	October 2010	du Parc	2
#FB8072	8	1467	4	du Parc	du Parc	November 2010	du Parc	2
#FB8072	8	97	4	du Parc	du Parc	December 2010	du Parc	2
#FB8072	8	82	4	du Parc	du Parc	January 2011	du Parc	2
#FB8072	8	118	4	du Parc	du Parc	February 2011	du Parc	2
#FB8072	8	115	4	du Parc	du Parc	March 2011	du Parc	2
#FB8072	8	1548	4	du Parc	du Parc	April 2011	du Parc	2
#FB8072	8	1876	4	du Parc	du Parc	May 2011	du Parc	2
#FB8072	8	3510	4	du Parc	du Parc	June 2011	du Parc	2
#FB8072	8	3345	4	du Parc	du Parc	July 2011	du Parc	2
#FB8072	8	3187	4	du Parc	du Parc	August 2011	du Parc	2
#FB8072	8	4252	4	du Parc	du Parc	September 2011	du Parc	2
#FB8072	8	1480	4	du Parc	du Parc	October 2011	du Parc	2
#FB8072	8	64	4	du Parc	du Parc	January 2012	du Parc	2
#FB8072	8	215	4	du Parc	du Parc	February 2012	du Parc	2
#FB8072	8	270	4	du Parc	du Parc	March 2012	du Parc	2
#FB8072	8	704	4	du Parc	du Parc	April 2012	du Parc	2
#FB8072	8	1007	4	du Parc	du Parc	May 2012	du Parc	2
#FB8072	8	3001	4	du Parc	du Parc	June 2012	du Parc	2
#FB8072	8	2089	4	du Parc	du Parc	July 2012	du Parc	2
#FB8072	8	3403	4	du Parc	du Parc	August 2012	du Parc	2
#FB8072	8	898	4	du Parc	du Parc	September 2012	du Parc	2
#FB8072	8	1040	4	du Parc	du Parc	October 2012	du Parc	2
#FB8072	8	66	4	du Parc	du Parc	January 2013	du Parc	2
#FB8072	8	43	4	du Parc	du Parc	February 2013	du Parc	2
#FB8072	8	300	4	du Parc	du Parc	March 2013	du Parc	2
#FB8072	8	1563	4	du Parc	du Parc	April 2013	du Parc	2
#FB8072	8	4103	4	du Parc	du Parc	May 2013	du Parc	2
#FB8072	8	925	4	du Parc	du Parc	June 2013	du Parc	2
#FB8072	8	3397	4	du Parc	du Parc	July 2013	du Parc	2
#FB8072	8	3143	4	du Parc	du Parc	August 2013	du Parc	2
#FB8072	8	1808	4	du Parc	du Parc	September 2013	du Parc	2
#FB8072	9	1108	4	du Parc	du Parc	October 2010	du Parc	2
#FB8072	9	1943	4	du Parc	du Parc	November 2010	du Parc	2
#FB8072	9	126	4	du Parc	du Parc	December 2010	du Parc	2
#FB8072	9	102	4	du Parc	du Parc	January 2011	du Parc	2
#FB8072	9	107	4	du Parc	du Parc	February 2011	du Parc	2
#FB8072	9	155	4	du Parc	du Parc	March 2011	du Parc	2
#FB8072	9	1038	4	du Parc	du Parc	April 2011	du Parc	2
#FB8072	9	3222	4	du Parc	du Parc	May 2011	du Parc	2
#FB8072	9	3327	4	du Parc	du Parc	June 2011	du Parc	2
#FB8072	9	1912	4	du Parc	du Parc	July 2011	du Parc	2
#FB8072	9	3160	4	du Parc	du Parc	August 2011	du Parc	2
#FB8072	9	3951	4	du Parc	du Parc	September 2011	du Parc	2
#FB8072	9	1431	4	du Parc	du Parc	October 2011	du Parc	2
#FB8072	9	198	4	du Parc	du Parc	January 2012	du Parc	2
#FB8072	9	231	4	du Parc	du Parc	February 2012	du Parc	2
#FB8072	9	268	4	du Parc	du Parc	March 2012	du Parc	2
#FB8072	9	605	4	du Parc	du Parc	April 2012	du Parc	2
#FB8072	9	2340	4	du Parc	du Parc	May 2012	du Parc	2
#FB8072	9	2451	4	du Parc	du Parc	June 2012	du Parc	2
#FB8072	9	3577	4	du Parc	du Parc	July 2012	du Parc	2
#FB8072	9	2656	4	du Parc	du Parc	August 2012	du Parc	2
#FB8072	9	2668	4	du Parc	du Parc	September 2012	du Parc	2
#FB8072	9	3418	4	du Parc	du Parc	October 2012	du Parc	2
#FB8072	9	84	4	du Parc	du Parc	January 2013	du Parc	2
#FB8072	9	44	4	du Parc	du Parc	February 2013	du Parc	2
#FB8072	9	252	4	du Parc	du Parc	March 2013	du Parc	2
#FB8072	9	1146	4	du Parc	du Parc	April 2013	du Parc	2
#FB8072	9	3084	4	du Parc	du Parc	May 2013	du Parc	2
#FB8072	9	1880	4	du Parc	du Parc	June 2013	du Parc	2
#FB8072	9	3749	4	du Parc	du Parc	July 2013	du Parc	2
#FB8072	9	2551	4	du Parc	du Parc	August 2013	du Parc	2
#FB8072	9	4043	4	du Parc	du Parc	September 2013	du Parc	2
#FB8072	10	804	4	du Parc	du Parc	October 2010	du Parc	2
#FB8072	10	2110	4	du Parc	du Parc	November 2010	du Parc	2
#FB8072	10	116	4	du Parc	du Parc	December 2010	du Parc	2
#FB8072	10	215	4	du Parc	du Parc	January 2011	du Parc	2
#FB8072	10	142	4	du Parc	du Parc	February 2011	du Parc	2
#FB8072	10	41	4	du Parc	du Parc	March 2011	du Parc	2
#FB8072	10	780	4	du Parc	du Parc	April 2011	du Parc	2
#FB8072	10	3242	4	du Parc	du Parc	May 2011	du Parc	2
#FB8072	10	3964	4	du Parc	du Parc	June 2011	du Parc	2
#FB8072	10	1973	4	du Parc	du Parc	July 2011	du Parc	2
#FB8072	10	2332	4	du Parc	du Parc	August 2011	du Parc	2
#FB8072	10	1979	4	du Parc	du Parc	September 2011	du Parc	2
#FB8072	10	1539	4	du Parc	du Parc	October 2011	du Parc	2
#FB8072	10	275	4	du Parc	du Parc	January 2012	du Parc	2
#FB8072	10	216	4	du Parc	du Parc	February 2012	du Parc	2
#FB8072	10	165	4	du Parc	du Parc	March 2012	du Parc	2
#FB8072	10	1736	4	du Parc	du Parc	April 2012	du Parc	2
#FB8072	10	2075	4	du Parc	du Parc	May 2012	du Parc	2
#FB8072	10	2328	4	du Parc	du Parc	June 2012	du Parc	2
#FB8072	10	3749	4	du Parc	du Parc	July 2012	du Parc	2
#FB8072	10	1641	4	du Parc	du Parc	August 2012	du Parc	2
#FB8072	10	3849	4	du Parc	du Parc	September 2012	du Parc	2
#FB8072	10	2608	4	du Parc	du Parc	October 2012	du Parc	2
#FB8072	10	88	4	du Parc	du Parc	January 2013	du Parc	2
#FB8072	10	45	4	du Parc	du Parc	February 2013	du Parc	2
#FB8072	10	234	4	du Parc	du Parc	March 2013	du Parc	2
#FB8072	10	1649	4	du Parc	du Parc	April 2013	du Parc	2
#FB8072	10	3154	4	du Parc	du Parc	May 2013	du Parc	2
#FB8072	10	3715	4	du Parc	du Parc	June 2013	du Parc	2
#FB8072	10	2669	4	du Parc	du Parc	July 2013	du Parc	2
#FB8072	10	1623	4	du Parc	du Parc	August 2013	du Parc	2
#FB8072	10	2439	4	du Parc	du Parc	September 2013	du Parc	2
#FB8072	11	1089	4	du Parc	du Parc	October 2010	du Parc	2
#FB8072	11	1997	4	du Parc	du Parc	November 2010	du Parc	2
#FB8072	11	67	4	du Parc	du Parc	December 2010	du Parc	2
#FB8072	11	259	4	du Parc	du Parc	January 2011	du Parc	2
#FB8072	11	155	4	du Parc	du Parc	February 2011	du Parc	2
#FB8072	11	82	4	du Parc	du Parc	March 2011	du Parc	2
#FB8072	11	985	4	du Parc	du Parc	April 2011	du Parc	2
#FB8072	11	3418	4	du Parc	du Parc	May 2011	du Parc	2
#FB8072	11	1659	4	du Parc	du Parc	June 2011	du Parc	2
#FB8072	11	3066	4	du Parc	du Parc	July 2011	du Parc	2
#FB8072	11	3085	4	du Parc	du Parc	August 2011	du Parc	2
#FB8072	11	3182	4	du Parc	du Parc	September 2011	du Parc	2
#FB8072	11	3707	4	du Parc	du Parc	October 2011	du Parc	2
#FB8072	11	258	4	du Parc	du Parc	January 2012	du Parc	2
#FB8072	11	49	4	du Parc	du Parc	February 2012	du Parc	2
#FB8072	11	289	4	du Parc	du Parc	March 2012	du Parc	2
#FB8072	11	1843	4	du Parc	du Parc	April 2012	du Parc	2
#FB8072	11	2888	4	du Parc	du Parc	May 2012	du Parc	2
#FB8072	11	3757	4	du Parc	du Parc	June 2012	du Parc	2
#FB8072	11	3781	4	du Parc	du Parc	July 2012	du Parc	2
#FB8072	11	1043	4	du Parc	du Parc	August 2012	du Parc	2
#FB8072	11	4314	4	du Parc	du Parc	September 2012	du Parc	2
#FB8072	11	3034	4	du Parc	du Parc	October 2012	du Parc	2
#FB8072	11	132	4	du Parc	du Parc	January 2013	du Parc	2
#FB8072	11	150	4	du Parc	du Parc	February 2013	du Parc	2
#FB8072	11	622	4	du Parc	du Parc	March 2013	du Parc	2
#FB8072	11	1424	4	du Parc	du Parc	April 2013	du Parc	2
#FB8072	11	953	4	du Parc	du Parc	May 2013	du Parc	2
#FB8072	11	887	4	du Parc	du Parc	June 2013	du Parc	2
#FB8072	11	3708	4	du Parc	du Parc	July 2013	du Parc	2
#FB8072	11	1755	4	du Parc	du Parc	August 2013	du Parc	2
#FB8072	11	3629	4	du Parc	du Parc	September 2013	du Parc	2
#FB8072	12	2991	4	du Parc	du Parc	October 2010	du Parc	2
#FB8072	12	1949	4	du Parc	du Parc	November 2010	du Parc	2
#FB8072	12	40	4	du Parc	du Parc	December 2010	du Parc	2
#FB8072	12	237	4	du Parc	du Parc	January 2011	du Parc	2
#FB8072	12	44	4	du Parc	du Parc	February 2011	du Parc	2
#FB8072	12	88	4	du Parc	du Parc	March 2011	du Parc	2
#FB8072	12	1948	4	du Parc	du Parc	April 2011	du Parc	2
#FB8072	12	3524	4	du Parc	du Parc	May 2011	du Parc	2
#FB8072	12	749	4	du Parc	du Parc	June 2011	du Parc	2
#FB8072	12	3431	4	du Parc	du Parc	July 2011	du Parc	2
#FB8072	12	2920	4	du Parc	du Parc	August 2011	du Parc	2
#FB8072	12	3654	4	du Parc	du Parc	September 2011	du Parc	2
#FB8072	12	3634	4	du Parc	du Parc	October 2011	du Parc	2
#FB8072	12	137	4	du Parc	du Parc	January 2012	du Parc	2
#FB8072	12	53	4	du Parc	du Parc	February 2012	du Parc	2
#FB8072	12	747	4	du Parc	du Parc	March 2012	du Parc	2
#FB8072	12	2280	4	du Parc	du Parc	April 2012	du Parc	2
#FB8072	12	1805	4	du Parc	du Parc	May 2012	du Parc	2
#FB8072	12	2381	4	du Parc	du Parc	June 2012	du Parc	2
#FB8072	12	3687	4	du Parc	du Parc	July 2012	du Parc	2
#FB8072	12	1719	4	du Parc	du Parc	August 2012	du Parc	2
#FB8072	12	4510	4	du Parc	du Parc	September 2012	du Parc	2
#FB8072	12	2564	4	du Parc	du Parc	October 2012	du Parc	2
#FB8072	12	82	4	du Parc	du Parc	January 2013	du Parc	2
#FB8072	12	188	4	du Parc	du Parc	February 2013	du Parc	2
#FB8072	12	407	4	du Parc	du Parc	March 2013	du Parc	2
#FB8072	12	227	4	du Parc	du Parc	April 2013	du Parc	2
#FB8072	12	1004	4	du Parc	du Parc	May 2013	du Parc	2
#FB8072	12	3499	4	du Parc	du Parc	June 2013	du Parc	2
#FB8072	12	3420	4	du Parc	du Parc	July 2013	du Parc	2
#FB8072	12	3160	4	du Parc	du Parc	August 2013	du Parc	2
#FB8072	12	2255	4	du Parc	du Parc	September 2013	du Parc	2
#FB8072	13	3161	4	du Parc	du Parc	October 2010	du Parc	2
#FB8072	13	941	4	du Parc	du Parc	November 2010	du Parc	2
#FB8072	13	166	4	du Parc	du Parc	December 2010	du Parc	2
#FB8072	13	266	4	du Parc	du Parc	January 2011	du Parc	2
#FB8072	13	45	4	du Parc	du Parc	February 2011	du Parc	2
#FB8072	13	84	4	du Parc	du Parc	March 2011	du Parc	2
#FB8072	13	914	4	du Parc	du Parc	April 2011	du Parc	2
#FB8072	13	2951	4	du Parc	du Parc	May 2011	du Parc	2
#FB8072	13	1982	4	du Parc	du Parc	June 2011	du Parc	2
#FB8072	13	3662	4	du Parc	du Parc	July 2011	du Parc	2
#FB8072	13	1894	4	du Parc	du Parc	August 2011	du Parc	2
#FB8072	13	3375	4	du Parc	du Parc	September 2011	du Parc	2
#FB8072	13	2919	4	du Parc	du Parc	October 2011	du Parc	2
#FB8072	13	64	4	du Parc	du Parc	January 2012	du Parc	2
#FB8072	13	207	4	du Parc	du Parc	February 2012	du Parc	2
#FB8072	13	425	4	du Parc	du Parc	March 2012	du Parc	2
#FB8072	13	2358	4	du Parc	du Parc	April 2012	du Parc	2
#FB8072	13	1592	4	du Parc	du Parc	May 2012	du Parc	2
#FB8072	13	3825	4	du Parc	du Parc	June 2012	du Parc	2
#FB8072	13	3088	4	du Parc	du Parc	July 2012	du Parc	2
#FB8072	13	3151	4	du Parc	du Parc	August 2012	du Parc	2
#FB8072	13	4494	4	du Parc	du Parc	September 2012	du Parc	2
#FB8072	13	1183	4	du Parc	du Parc	October 2012	du Parc	2
#FB8072	13	89	4	du Parc	du Parc	January 2013	du Parc	2
#FB8072	13	220	4	du Parc	du Parc	February 2013	du Parc	2
#FB8072	13	654	4	du Parc	du Parc	March 2013	du Parc	2
#FB8072	13	176	4	du Parc	du Parc	April 2013	du Parc	2
#FB8072	13	2130	4	du Parc	du Parc	May 2013	du Parc	2
#FB8072	13	4078	4	du Parc	du Parc	June 2013	du Parc	2
#FB8072	13	1872	4	du Parc	du Parc	July 2013	du Parc	2
#FB8072	13	2348	4	du Parc	du Parc	August 2013	du Parc	2
#FB8072	13	3096	4	du Parc	du Parc	September 2013	du Parc	2
#FB8072	14	2715	4	du Parc	du Parc	October 2010	du Parc	2
#FB8072	14	908	4	du Parc	du Parc	November 2010	du Parc	2
#FB8072	14	92	4	du Parc	du Parc	December 2010	du Parc	2
#FB8072	14	229	4	du Parc	du Parc	January 2011	du Parc	2
#FB8072	14	89	4	du Parc	du Parc	February 2011	du Parc	2
#FB8072	14	247	4	du Parc	du Parc	March 2011	du Parc	2
#FB8072	14	1450	4	du Parc	du Parc	April 2011	du Parc	2
#FB8072	14	449	4	du Parc	du Parc	May 2011	du Parc	2
#FB8072	14	4099	4	du Parc	du Parc	June 2011	du Parc	2
#FB8072	14	3720	4	du Parc	du Parc	July 2011	du Parc	2
#FB8072	14	1528	4	du Parc	du Parc	August 2011	du Parc	2
#FB8072	14	4174	4	du Parc	du Parc	September 2011	du Parc	2
#FB8072	14	1266	4	du Parc	du Parc	October 2011	du Parc	2
#FB8072	14	19	4	du Parc	du Parc	January 2012	du Parc	2
#FB8072	14	243	4	du Parc	du Parc	February 2012	du Parc	2
#FB8072	14	451	4	du Parc	du Parc	March 2012	du Parc	2
#FB8072	14	1594	4	du Parc	du Parc	April 2012	du Parc	2
#FB8072	14	3868	4	du Parc	du Parc	May 2012	du Parc	2
#FB8072	14	4223	4	du Parc	du Parc	June 2012	du Parc	2
#FB8072	14	1562	4	du Parc	du Parc	July 2012	du Parc	2
#FB8072	14	3260	4	du Parc	du Parc	August 2012	du Parc	2
#FB8072	14	3574	4	du Parc	du Parc	September 2012	du Parc	2
#FB8072	14	503	4	du Parc	du Parc	October 2012	du Parc	2
#FB8072	14	400	4	du Parc	du Parc	January 2013	du Parc	2
#FB8072	14	234	4	du Parc	du Parc	February 2013	du Parc	2
#FB8072	14	422	4	du Parc	du Parc	March 2013	du Parc	2
#FB8072	14	588	4	du Parc	du Parc	April 2013	du Parc	2
#FB8072	14	3200	4	du Parc	du Parc	May 2013	du Parc	2
#FB8072	14	3646	4	du Parc	du Parc	June 2013	du Parc	2
#FB8072	14	1756	4	du Parc	du Parc	July 2013	du Parc	2
#FB8072	14	2242	4	du Parc	du Parc	August 2013	du Parc	2
#FB8072	14	979	4	du Parc	du Parc	September 2013	du Parc	2
#FB8072	15	737	4	du Parc	du Parc	October 2010	du Parc	2
#FB8072	15	1897	4	du Parc	du Parc	November 2010	du Parc	2
#FB8072	15	121	4	du Parc	du Parc	December 2010	du Parc	2
#FB8072	15	53	4	du Parc	du Parc	January 2011	du Parc	2
#FB8072	15	129	4	du Parc	du Parc	February 2011	du Parc	2
#FB8072	15	370	4	du Parc	du Parc	March 2011	du Parc	2
#FB8072	15	1529	4	du Parc	du Parc	April 2011	du Parc	2
#FB8072	15	505	4	du Parc	du Parc	May 2011	du Parc	2
#FB8072	15	3627	4	du Parc	du Parc	June 2011	du Parc	2
#FB8072	15	3477	4	du Parc	du Parc	July 2011	du Parc	2
#FB8072	15	2896	4	du Parc	du Parc	August 2011	du Parc	2
#FB8072	15	2060	4	du Parc	du Parc	September 2011	du Parc	2
#FB8072	15	937	4	du Parc	du Parc	October 2011	du Parc	2
#FB8072	15	18	4	du Parc	du Parc	January 2012	du Parc	2
#FB8072	15	232	4	du Parc	du Parc	February 2012	du Parc	2
#FB8072	15	631	4	du Parc	du Parc	March 2012	du Parc	2
#FB8072	15	1559	4	du Parc	du Parc	April 2012	du Parc	2
#FB8072	15	2650	4	du Parc	du Parc	May 2012	du Parc	2
#FB8072	15	4053	4	du Parc	du Parc	June 2012	du Parc	2
#FB8072	15	1449	4	du Parc	du Parc	July 2012	du Parc	2
#FB8072	15	2686	4	du Parc	du Parc	August 2012	du Parc	2
#FB8072	15	1593	4	du Parc	du Parc	September 2012	du Parc	2
#FB8072	15	2754	4	du Parc	du Parc	October 2012	du Parc	2
#FB8072	15	383	4	du Parc	du Parc	January 2013	du Parc	2
#FB8072	15	180	4	du Parc	du Parc	February 2013	du Parc	2
#FB8072	15	389	4	du Parc	du Parc	March 2013	du Parc	2
#FB8072	15	2051	4	du Parc	du Parc	April 2013	du Parc	2
#FB8072	15	2587	4	du Parc	du Parc	May 2013	du Parc	2
#FB8072	15	2318	4	du Parc	du Parc	June 2013	du Parc	2
#FB8072	15	3153	4	du Parc	du Parc	July 2013	du Parc	2
#FB8072	15	3162	4	du Parc	du Parc	August 2013	du Parc	2
#FB8072	15	1804	4	du Parc	du Parc	September 2013	du Parc	2
#FB8072	16	1019	4	du Parc	du Parc	October 2010	du Parc	2
#FB8072	16	2084	4	du Parc	du Parc	November 2010	du Parc	2
#FB8072	16	99	4	du Parc	du Parc	December 2010	du Parc	2
#FB8072	16	61	4	du Parc	du Parc	January 2011	du Parc	2
#FB8072	16	123	4	du Parc	du Parc	February 2011	du Parc	2
#FB8072	16	245	4	du Parc	du Parc	March 2011	du Parc	2
#FB8072	16	404	4	du Parc	du Parc	April 2011	du Parc	2
#FB8072	16	607	4	du Parc	du Parc	May 2011	du Parc	2
#FB8072	16	4337	4	du Parc	du Parc	June 2011	du Parc	2
#FB8072	16	2069	4	du Parc	du Parc	July 2011	du Parc	2
#FB8072	16	3304	4	du Parc	du Parc	August 2011	du Parc	2
#FB8072	16	3283	4	du Parc	du Parc	September 2011	du Parc	2
#FB8072	16	1006	4	du Parc	du Parc	October 2011	du Parc	2
#FB8072	16	137	4	du Parc	du Parc	January 2012	du Parc	2
#FB8072	16	295	4	du Parc	du Parc	February 2012	du Parc	2
#FB8072	16	419	4	du Parc	du Parc	March 2012	du Parc	2
#FB8072	16	2677	4	du Parc	du Parc	April 2012	du Parc	2
#FB8072	16	3057	4	du Parc	du Parc	May 2012	du Parc	2
#FB8072	16	2337	4	du Parc	du Parc	June 2012	du Parc	2
#FB8072	16	2965	4	du Parc	du Parc	July 2012	du Parc	2
#FB8072	16	3366	4	du Parc	du Parc	August 2012	du Parc	2
#FB8072	16	1852	4	du Parc	du Parc	September 2012	du Parc	2
#FB8072	16	2997	4	du Parc	du Parc	October 2012	du Parc	2
#FB8072	16	410	4	du Parc	du Parc	January 2013	du Parc	2
#FB8072	16	106	4	du Parc	du Parc	February 2013	du Parc	2
#FB8072	16	212	4	du Parc	du Parc	March 2013	du Parc	2
#FB8072	16	1110	4	du Parc	du Parc	April 2013	du Parc	2
#FB8072	16	3255	4	du Parc	du Parc	May 2013	du Parc	2
#FB8072	16	739	4	du Parc	du Parc	June 2013	du Parc	2
#FB8072	16	3373	4	du Parc	du Parc	July 2013	du Parc	2
#FB8072	16	2731	4	du Parc	du Parc	August 2013	du Parc	2
#FB8072	16	3272	4	du Parc	du Parc	September 2013	du Parc	2
#FB8072	17	1126	4	du Parc	du Parc	October 2010	du Parc	2
#FB8072	17	972	4	du Parc	du Parc	November 2010	du Parc	2
#FB8072	17	82	4	du Parc	du Parc	December 2010	du Parc	2
#FB8072	17	179	4	du Parc	du Parc	January 2011	du Parc	2
#FB8072	17	192	4	du Parc	du Parc	February 2011	du Parc	2
#FB8072	17	480	4	du Parc	du Parc	March 2011	du Parc	2
#FB8072	17	465	4	du Parc	du Parc	April 2011	du Parc	2
#FB8072	17	1548	4	du Parc	du Parc	May 2011	du Parc	2
#FB8072	17	3975	4	du Parc	du Parc	June 2011	du Parc	2
#FB8072	17	1788	4	du Parc	du Parc	July 2011	du Parc	2
#FB8072	17	3665	4	du Parc	du Parc	August 2011	du Parc	2
#FB8072	17	1774	4	du Parc	du Parc	September 2011	du Parc	2
#FB8072	17	2626	4	du Parc	du Parc	October 2011	du Parc	2
#FB8072	17	74	4	du Parc	du Parc	January 2012	du Parc	2
#FB8072	17	260	4	du Parc	du Parc	February 2012	du Parc	2
#FB8072	17	468	4	du Parc	du Parc	March 2012	du Parc	2
#FB8072	17	2450	4	du Parc	du Parc	April 2012	du Parc	2
#FB8072	17	3408	4	du Parc	du Parc	May 2012	du Parc	2
#FB8072	17	2020	4	du Parc	du Parc	June 2012	du Parc	2
#FB8072	17	1700	4	du Parc	du Parc	July 2012	du Parc	2
#FB8072	17	2581	4	du Parc	du Parc	August 2012	du Parc	2
#FB8072	17	4076	4	du Parc	du Parc	September 2012	du Parc	2
#FB8072	17	3063	4	du Parc	du Parc	October 2012	du Parc	2
#FB8072	17	206	4	du Parc	du Parc	January 2013	du Parc	2
#FB8072	17	66	4	du Parc	du Parc	February 2013	du Parc	2
#FB8072	17	185	4	du Parc	du Parc	March 2013	du Parc	2
#FB8072	17	2431	4	du Parc	du Parc	April 2013	du Parc	2
#FB8072	17	3135	4	du Parc	du Parc	May 2013	du Parc	2
#FB8072	17	2945	4	du Parc	du Parc	June 2013	du Parc	2
#FB8072	17	2767	4	du Parc	du Parc	July 2013	du Parc	2
#FB8072	17	1873	4	du Parc	du Parc	August 2013	du Parc	2
#FB8072	17	3882	4	du Parc	du Parc	September 2013	du Parc	2
#FB8072	18	2713	4	du Parc	du Parc	October 2010	du Parc	2
#FB8072	18	1742	4	du Parc	du Parc	November 2010	du Parc	2
#FB8072	18	25	4	du Parc	du Parc	December 2010	du Parc	2
#FB8072	18	208	4	du Parc	du Parc	January 2011	du Parc	2
#FB8072	18	229	4	du Parc	du Parc	February 2011	du Parc	2
#FB8072	18	513	4	du Parc	du Parc	March 2011	du Parc	2
#FB8072	18	1361	4	du Parc	du Parc	April 2011	du Parc	2
#FB8072	18	2186	4	du Parc	du Parc	May 2011	du Parc	2
#FB8072	18	2506	4	du Parc	du Parc	June 2011	du Parc	2
#FB8072	18	2972	4	du Parc	du Parc	July 2011	du Parc	2
#FB8072	18	2989	4	du Parc	du Parc	August 2011	du Parc	2
#FB8072	18	1943	4	du Parc	du Parc	September 2011	du Parc	2
#FB8072	18	2852	4	du Parc	du Parc	October 2011	du Parc	2
#FB8072	18	68	4	du Parc	du Parc	January 2012	du Parc	2
#FB8072	18	134	4	du Parc	du Parc	February 2012	du Parc	2
#FB8072	18	1021	4	du Parc	du Parc	March 2012	du Parc	2
#FB8072	18	2534	4	du Parc	du Parc	April 2012	du Parc	2
#FB8072	18	3196	4	du Parc	du Parc	May 2012	du Parc	2
#FB8072	18	3960	4	du Parc	du Parc	June 2012	du Parc	2
#FB8072	18	3654	4	du Parc	du Parc	July 2012	du Parc	2
#FB8072	18	1864	4	du Parc	du Parc	August 2012	du Parc	2
#FB8072	18	2275	4	du Parc	du Parc	September 2012	du Parc	2
#FB8072	18	3477	4	du Parc	du Parc	October 2012	du Parc	2
#FB8072	18	205	4	du Parc	du Parc	January 2013	du Parc	2
#FB8072	18	205	4	du Parc	du Parc	February 2013	du Parc	2
#FB8072	18	491	4	du Parc	du Parc	March 2013	du Parc	2
#FB8072	18	1726	4	du Parc	du Parc	April 2013	du Parc	2
#FB8072	18	2165	4	du Parc	du Parc	May 2013	du Parc	2
#FB8072	18	3758	4	du Parc	du Parc	June 2013	du Parc	2
#FB8072	18	3031	4	du Parc	du Parc	July 2013	du Parc	2
#FB8072	18	1769	4	du Parc	du Parc	August 2013	du Parc	2
#FB8072	18	4074	4	du Parc	du Parc	September 2013	du Parc	2
#FB8072	19	2753	4	du Parc	du Parc	October 2010	du Parc	2
#FB8072	19	1489	4	du Parc	du Parc	November 2010	du Parc	2
#FB8072	19	24	4	du Parc	du Parc	December 2010	du Parc	2
#FB8072	19	178	4	du Parc	du Parc	January 2011	du Parc	2
#FB8072	19	48	4	du Parc	du Parc	February 2011	du Parc	2
#FB8072	19	295	4	du Parc	du Parc	March 2011	du Parc	2
#FB8072	19	1895	4	du Parc	du Parc	April 2011	du Parc	2
#FB8072	19	2434	4	du Parc	du Parc	May 2011	du Parc	2
#FB8072	19	2241	4	du Parc	du Parc	June 2011	du Parc	2
#FB8072	19	3963	4	du Parc	du Parc	July 2011	du Parc	2
#FB8072	19	2931	4	du Parc	du Parc	August 2011	du Parc	2
#FB8072	19	3933	4	du Parc	du Parc	September 2011	du Parc	2
#FB8072	19	2964	4	du Parc	du Parc	October 2011	du Parc	2
#FB8072	19	79	4	du Parc	du Parc	January 2012	du Parc	2
#FB8072	19	113	4	du Parc	du Parc	February 2012	du Parc	2
#FB8072	19	1609	4	du Parc	du Parc	March 2012	du Parc	2
#FB8072	19	2877	4	du Parc	du Parc	April 2012	du Parc	2
#FB8072	19	1966	4	du Parc	du Parc	May 2012	du Parc	2
#FB8072	19	3438	4	du Parc	du Parc	June 2012	du Parc	2
#FB8072	19	3777	4	du Parc	du Parc	July 2012	du Parc	2
#FB8072	19	1758	4	du Parc	du Parc	August 2012	du Parc	2
#FB8072	19	3738	4	du Parc	du Parc	September 2012	du Parc	2
#FB8072	19	1209	4	du Parc	du Parc	October 2012	du Parc	2
#FB8072	19	24	4	du Parc	du Parc	January 2013	du Parc	2
#FB8072	19	252	4	du Parc	du Parc	February 2013	du Parc	2
#FB8072	19	45	4	du Parc	du Parc	March 2013	du Parc	2
#FB8072	19	2144	4	du Parc	du Parc	April 2013	du Parc	2
#FB8072	19	1384	4	du Parc	du Parc	May 2013	du Parc	2
#FB8072	19	4038	4	du Parc	du Parc	June 2013	du Parc	2
#FB8072	19	1806	4	du Parc	du Parc	July 2013	du Parc	2
#FB8072	19	3166	4	du Parc	du Parc	August 2013	du Parc	2
#FB8072	20	2808	4	du Parc	du Parc	October 2010	du Parc	2
#FB8072	20	597	4	du Parc	du Parc	November 2010	du Parc	2
#FB8072	20	98	4	du Parc	du Parc	December 2010	du Parc	2
#FB8072	20	211	4	du Parc	du Parc	January 2011	du Parc	2
#FB8072	20	55	4	du Parc	du Parc	February 2011	du Parc	2
#FB8072	20	439	4	du Parc	du Parc	March 2011	du Parc	2
#FB8072	20	398	4	du Parc	du Parc	April 2011	du Parc	2
#FB8072	20	2705	4	du Parc	du Parc	May 2011	du Parc	2
#FB8072	20	3793	4	du Parc	du Parc	June 2011	du Parc	2
#FB8072	20	3679	4	du Parc	du Parc	July 2011	du Parc	2
#FB8072	20	1770	4	du Parc	du Parc	August 2011	du Parc	2
#FB8072	20	2888	4	du Parc	du Parc	September 2011	du Parc	2
#FB8072	20	2006	4	du Parc	du Parc	October 2011	du Parc	2
#FB8072	20	67	4	du Parc	du Parc	January 2012	du Parc	2
#FB8072	20	243	4	du Parc	du Parc	February 2012	du Parc	2
#FB8072	20	1955	4	du Parc	du Parc	March 2012	du Parc	2
#FB8072	20	1531	4	du Parc	du Parc	April 2012	du Parc	2
#FB8072	20	2182	4	du Parc	du Parc	May 2012	du Parc	2
#FB8072	20	3510	4	du Parc	du Parc	June 2012	du Parc	2
#FB8072	20	3316	4	du Parc	du Parc	July 2012	du Parc	2
#FB8072	20	3332	4	du Parc	du Parc	August 2012	du Parc	2
#FB8072	20	3991	4	du Parc	du Parc	September 2012	du Parc	2
#FB8072	20	1213	4	du Parc	du Parc	October 2012	du Parc	2
#FB8072	20	26	4	du Parc	du Parc	January 2013	du Parc	2
#FB8072	20	82	4	du Parc	du Parc	February 2013	du Parc	2
#FB8072	20	77	4	du Parc	du Parc	March 2013	du Parc	2
#FB8072	20	689	4	du Parc	du Parc	April 2013	du Parc	2
#FB8072	20	1487	4	du Parc	du Parc	May 2013	du Parc	2
#FB8072	20	3950	4	du Parc	du Parc	June 2013	du Parc	2
#FB8072	20	1541	4	du Parc	du Parc	July 2013	du Parc	2
#FB8072	20	3337	4	du Parc	du Parc	August 2013	du Parc	2
#FB8072	21	1376	4	du Parc	du Parc	October 2010	du Parc	2
#FB8072	21	551	4	du Parc	du Parc	November 2010	du Parc	2
#FB8072	21	85	4	du Parc	du Parc	December 2010	du Parc	2
#FB8072	21	145	4	du Parc	du Parc	January 2011	du Parc	2
#FB8072	21	148	4	du Parc	du Parc	February 2011	du Parc	2
#FB8072	21	209	4	du Parc	du Parc	March 2011	du Parc	2
#FB8072	21	1259	4	du Parc	du Parc	April 2011	du Parc	2
#FB8072	21	2245	4	du Parc	du Parc	May 2011	du Parc	2
#FB8072	21	4125	4	du Parc	du Parc	June 2011	du Parc	2
#FB8072	21	2743	4	du Parc	du Parc	July 2011	du Parc	2
#FB8072	21	646	4	du Parc	du Parc	August 2011	du Parc	2
#FB8072	21	4494	4	du Parc	du Parc	September 2011	du Parc	2
#FB8072	21	2106	4	du Parc	du Parc	October 2011	du Parc	2
#FB8072	21	32	4	du Parc	du Parc	January 2012	du Parc	2
#FB8072	21	286	4	du Parc	du Parc	February 2012	du Parc	2
#FB8072	21	2225	4	du Parc	du Parc	March 2012	du Parc	2
#FB8072	21	408	4	du Parc	du Parc	April 2012	du Parc	2
#FB8072	21	2044	4	du Parc	du Parc	May 2012	du Parc	2
#FB8072	21	3272	4	du Parc	du Parc	June 2012	du Parc	2
#FB8072	21	1821	4	du Parc	du Parc	July 2012	du Parc	2
#FB8072	21	3369	4	du Parc	du Parc	August 2012	du Parc	2
#FB8072	21	2945	4	du Parc	du Parc	September 2012	du Parc	2
#FB8072	21	898	4	du Parc	du Parc	October 2012	du Parc	2
#FB8072	21	127	4	du Parc	du Parc	January 2013	du Parc	2
#FB8072	21	66	4	du Parc	du Parc	February 2013	du Parc	2
#FB8072	21	189	4	du Parc	du Parc	March 2013	du Parc	2
#FB8072	21	1038	4	du Parc	du Parc	April 2013	du Parc	2
#FB8072	21	2123	4	du Parc	du Parc	May 2013	du Parc	2
#FB8072	21	3470	4	du Parc	du Parc	June 2013	du Parc	2
#FB8072	21	2174	4	du Parc	du Parc	July 2013	du Parc	2
#FB8072	21	3485	4	du Parc	du Parc	August 2013	du Parc	2
#FB8072	22	2118	4	du Parc	du Parc	October 2010	du Parc	2
#FB8072	22	1017	4	du Parc	du Parc	November 2010	du Parc	2
#FB8072	22	76	4	du Parc	du Parc	December 2010	du Parc	2
#FB8072	22	50	4	du Parc	du Parc	January 2011	du Parc	2
#FB8072	22	183	4	du Parc	du Parc	February 2011	du Parc	2
#FB8072	22	298	4	du Parc	du Parc	March 2011	du Parc	2
#FB8072	22	1236	4	du Parc	du Parc	April 2011	du Parc	2
#FB8072	22	1764	4	du Parc	du Parc	May 2011	du Parc	2
#FB8072	22	3898	4	du Parc	du Parc	June 2011	du Parc	2
#FB8072	22	2757	4	du Parc	du Parc	July 2011	du Parc	2
#FB8072	22	2852	4	du Parc	du Parc	August 2011	du Parc	2
#FB8072	22	3626	4	du Parc	du Parc	September 2011	du Parc	2
#FB8072	22	1130	4	du Parc	du Parc	October 2011	du Parc	2
#FB8072	22	35	4	du Parc	du Parc	January 2012	du Parc	2
#FB8072	22	264	4	du Parc	du Parc	February 2012	du Parc	2
#FB8072	22	1958	4	du Parc	du Parc	March 2012	du Parc	2
#FB8072	22	654	4	du Parc	du Parc	April 2012	du Parc	2
#FB8072	22	1610	4	du Parc	du Parc	May 2012	du Parc	2
#FB8072	22	3252	4	du Parc	du Parc	June 2012	du Parc	2
#FB8072	22	1788	4	du Parc	du Parc	July 2012	du Parc	2
#FB8072	22	3774	4	du Parc	du Parc	August 2012	du Parc	2
#FB8072	22	971	4	du Parc	du Parc	September 2012	du Parc	2
#FB8072	22	3023	4	du Parc	du Parc	October 2012	du Parc	2
#FB8072	22	110	4	du Parc	du Parc	January 2013	du Parc	2
#FB8072	22	135	4	du Parc	du Parc	February 2013	du Parc	2
#FB8072	22	235	4	du Parc	du Parc	March 2013	du Parc	2
#FB8072	22	2401	4	du Parc	du Parc	April 2013	du Parc	2
#FB8072	22	2965	4	du Parc	du Parc	May 2013	du Parc	2
#FB8072	22	620	4	du Parc	du Parc	June 2013	du Parc	2
#FB8072	22	3333	4	du Parc	du Parc	July 2013	du Parc	2
#FB8072	22	1801	4	du Parc	du Parc	August 2013	du Parc	2
#FB8072	23	1159	4	du Parc	du Parc	October 2010	du Parc	2
#FB8072	23	1113	4	du Parc	du Parc	November 2010	du Parc	2
#FB8072	23	70	4	du Parc	du Parc	December 2010	du Parc	2
#FB8072	23	35	4	du Parc	du Parc	January 2011	du Parc	2
#FB8072	23	192	4	du Parc	du Parc	February 2011	du Parc	2
#FB8072	23	511	4	du Parc	du Parc	March 2011	du Parc	2
#FB8072	23	378	4	du Parc	du Parc	April 2011	du Parc	2
#FB8072	23	1526	4	du Parc	du Parc	May 2011	du Parc	2
#FB8072	23	2048	4	du Parc	du Parc	June 2011	du Parc	2
#FB8072	23	1786	4	du Parc	du Parc	July 2011	du Parc	2
#FB8072	23	3459	4	du Parc	du Parc	August 2011	du Parc	2
#FB8072	23	3934	4	du Parc	du Parc	September 2011	du Parc	2
#FB8072	23	1225	4	du Parc	du Parc	October 2011	du Parc	2
#FB8072	23	91	4	du Parc	du Parc	January 2012	du Parc	2
#FB8072	23	329	4	du Parc	du Parc	February 2012	du Parc	2
#FB8072	23	1791	4	du Parc	du Parc	March 2012	du Parc	2
#FB8072	23	612	4	du Parc	du Parc	April 2012	du Parc	2
#FB8072	23	3737	4	du Parc	du Parc	May 2012	du Parc	2
#FB8072	23	1910	4	du Parc	du Parc	June 2012	du Parc	2
#FB8072	23	2534	4	du Parc	du Parc	July 2012	du Parc	2
#FB8072	23	3573	4	du Parc	du Parc	August 2012	du Parc	2
#FB8072	23	1470	4	du Parc	du Parc	September 2012	du Parc	2
#FB8072	23	3233	4	du Parc	du Parc	October 2012	du Parc	2
#FB8072	23	71	4	du Parc	du Parc	January 2013	du Parc	2
#FB8072	23	34	4	du Parc	du Parc	February 2013	du Parc	2
#FB8072	23	179	4	du Parc	du Parc	March 2013	du Parc	2
#FB8072	23	2569	4	du Parc	du Parc	April 2013	du Parc	2
#FB8072	23	2412	4	du Parc	du Parc	May 2013	du Parc	2
#FB8072	23	1439	4	du Parc	du Parc	June 2013	du Parc	2
#FB8072	23	2146	4	du Parc	du Parc	July 2013	du Parc	2
#FB8072	23	3068	4	du Parc	du Parc	August 2013	du Parc	2
#FB8072	24	782	4	du Parc	du Parc	October 2010	du Parc	2
#FB8072	24	1413	4	du Parc	du Parc	November 2010	du Parc	2
#FB8072	24	34	4	du Parc	du Parc	December 2010	du Parc	2
#FB8072	24	138	4	du Parc	du Parc	January 2011	du Parc	2
#FB8072	24	205	4	du Parc	du Parc	February 2011	du Parc	2
#FB8072	24	363	4	du Parc	du Parc	March 2011	du Parc	2
#FB8072	24	975	4	du Parc	du Parc	April 2011	du Parc	2
#FB8072	24	2867	4	du Parc	du Parc	May 2011	du Parc	2
#FB8072	24	559	4	du Parc	du Parc	June 2011	du Parc	2
#FB8072	24	2220	4	du Parc	du Parc	July 2011	du Parc	2
#FB8072	24	3538	4	du Parc	du Parc	August 2011	du Parc	2
#FB8072	24	2034	4	du Parc	du Parc	September 2011	du Parc	2
#FB8072	24	2805	4	du Parc	du Parc	October 2011	du Parc	2
#FB8072	24	174	4	du Parc	du Parc	January 2012	du Parc	2
#FB8072	24	137	4	du Parc	du Parc	February 2012	du Parc	2
#FB8072	24	635	4	du Parc	du Parc	March 2012	du Parc	2
#FB8072	24	1286	4	du Parc	du Parc	April 2012	du Parc	2
#FB8072	24	3792	4	du Parc	du Parc	May 2012	du Parc	2
#FB8072	24	1510	4	du Parc	du Parc	June 2012	du Parc	2
#FB8072	24	3317	4	du Parc	du Parc	July 2012	du Parc	2
#FB8072	24	3312	4	du Parc	du Parc	August 2012	du Parc	2
#FB8072	24	3705	4	du Parc	du Parc	September 2012	du Parc	2
#FB8072	24	3035	4	du Parc	du Parc	October 2012	du Parc	2
#FB8072	24	83	4	du Parc	du Parc	January 2013	du Parc	2
#FB8072	24	53	4	du Parc	du Parc	February 2013	du Parc	2
#FB8072	24	174	4	du Parc	du Parc	March 2013	du Parc	2
#FB8072	24	2579	4	du Parc	du Parc	April 2013	du Parc	2
#FB8072	24	1513	4	du Parc	du Parc	May 2013	du Parc	2
#FB8072	24	1315	4	du Parc	du Parc	June 2013	du Parc	2
#FB8072	24	3237	4	du Parc	du Parc	July 2013	du Parc	2
#FB8072	24	1796	4	du Parc	du Parc	August 2013	du Parc	2
#FB8072	25	1396	4	du Parc	du Parc	October 2010	du Parc	2
#FB8072	25	1285	4	du Parc	du Parc	November 2010	du Parc	2
#FB8072	25	14	4	du Parc	du Parc	December 2010	du Parc	2
#FB8072	25	162	4	du Parc	du Parc	January 2011	du Parc	2
#FB8072	25	107	4	du Parc	du Parc	February 2011	du Parc	2
#FB8072	25	490	4	du Parc	du Parc	March 2011	du Parc	2
#FB8072	25	1520	4	du Parc	du Parc	April 2011	du Parc	2
#FB8072	25	3554	4	du Parc	du Parc	May 2011	du Parc	2
#FB8072	25	932	4	du Parc	du Parc	June 2011	du Parc	2
#FB8072	25	3002	4	du Parc	du Parc	July 2011	du Parc	2
#FB8072	25	2421	4	du Parc	du Parc	August 2011	du Parc	2
#FB8072	25	1894	4	du Parc	du Parc	September 2011	du Parc	2
#FB8072	25	2695	4	du Parc	du Parc	October 2011	du Parc	2
#FB8072	25	180	4	du Parc	du Parc	January 2012	du Parc	2
#FB8072	25	18	4	du Parc	du Parc	February 2012	du Parc	2
#FB8072	25	427	4	du Parc	du Parc	March 2012	du Parc	2
#FB8072	25	1800	4	du Parc	du Parc	April 2012	du Parc	2
#FB8072	25	3341	4	du Parc	du Parc	May 2012	du Parc	2
#FB8072	25	1440	4	du Parc	du Parc	June 2012	du Parc	2
#FB8072	25	3622	4	du Parc	du Parc	July 2012	du Parc	2
#FB8072	25	1726	4	du Parc	du Parc	August 2012	du Parc	2
#FB8072	25	3712	4	du Parc	du Parc	September 2012	du Parc	2
#FB8072	25	3017	4	du Parc	du Parc	October 2012	du Parc	2
#FB8072	25	87	4	du Parc	du Parc	January 2013	du Parc	2
#FB8072	25	205	4	du Parc	du Parc	February 2013	du Parc	2
#FB8072	25	548	4	du Parc	du Parc	March 2013	du Parc	2
#FB8072	25	2319	4	du Parc	du Parc	April 2013	du Parc	2
#FB8072	25	561	4	du Parc	du Parc	May 2013	du Parc	2
#FB8072	25	2941	4	du Parc	du Parc	June 2013	du Parc	2
#FB8072	25	3524	4	du Parc	du Parc	July 2013	du Parc	2
#FB8072	25	1843	4	du Parc	du Parc	August 2013	du Parc	2
#FB8072	26	2304	4	du Parc	du Parc	October 2010	du Parc	2
#FB8072	26	479	4	du Parc	du Parc	November 2010	du Parc	2
#FB8072	26	17	4	du Parc	du Parc	December 2010	du Parc	2
#FB8072	26	151	4	du Parc	du Parc	January 2011	du Parc	2
#FB8072	26	49	4	du Parc	du Parc	February 2011	du Parc	2
#FB8072	26	288	4	du Parc	du Parc	March 2011	du Parc	2
#FB8072	26	1075	4	du Parc	du Parc	April 2011	du Parc	2
#FB8072	26	2188	4	du Parc	du Parc	May 2011	du Parc	2
#FB8072	26	1764	4	du Parc	du Parc	June 2011	du Parc	2
#FB8072	26	2981	4	du Parc	du Parc	July 2011	du Parc	2
#FB8072	26	3327	4	du Parc	du Parc	August 2011	du Parc	2
#FB8072	26	4457	4	du Parc	du Parc	September 2011	du Parc	2
#FB8072	26	2800	4	du Parc	du Parc	October 2011	du Parc	2
#FB8072	26	191	4	du Parc	du Parc	January 2012	du Parc	2
#FB8072	26	35	4	du Parc	du Parc	February 2012	du Parc	2
#FB8072	26	965	4	du Parc	du Parc	March 2012	du Parc	2
#FB8072	26	1789	4	du Parc	du Parc	April 2012	du Parc	2
#FB8072	26	2373	4	du Parc	du Parc	May 2012	du Parc	2
#FB8072	26	2193	4	du Parc	du Parc	June 2012	du Parc	2
#FB8072	26	3208	4	du Parc	du Parc	July 2012	du Parc	2
#FB8072	26	1750	4	du Parc	du Parc	August 2012	du Parc	2
#FB8072	26	3119	4	du Parc	du Parc	September 2012	du Parc	2
#FB8072	26	3000	4	du Parc	du Parc	October 2012	du Parc	2
#FB8072	26	43	4	du Parc	du Parc	January 2013	du Parc	2
#FB8072	26	262	4	du Parc	du Parc	February 2013	du Parc	2
#FB8072	26	748	4	du Parc	du Parc	March 2013	du Parc	2
#FB8072	26	2197	4	du Parc	du Parc	April 2013	du Parc	2
#FB8072	26	611	4	du Parc	du Parc	May 2013	du Parc	2
#FB8072	26	3150	4	du Parc	du Parc	June 2013	du Parc	2
#FB8072	26	2899	4	du Parc	du Parc	July 2013	du Parc	2
#FB8072	26	2555	4	du Parc	du Parc	August 2013	du Parc	2
#FB8072	27	2727	4	du Parc	du Parc	October 2010	du Parc	2
#FB8072	27	160	4	du Parc	du Parc	November 2010	du Parc	2
#FB8072	27	32	4	du Parc	du Parc	December 2010	du Parc	2
#FB8072	27	210	4	du Parc	du Parc	January 2011	du Parc	2
#FB8072	27	41	4	du Parc	du Parc	February 2011	du Parc	2
#FB8072	27	215	4	du Parc	du Parc	March 2011	du Parc	2
#FB8072	27	1535	4	du Parc	du Parc	April 2011	du Parc	2
#FB8072	27	1075	4	du Parc	du Parc	May 2011	du Parc	2
#FB8072	27	3972	4	du Parc	du Parc	June 2011	du Parc	2
#FB8072	27	3623	4	du Parc	du Parc	July 2011	du Parc	2
#FB8072	27	1957	4	du Parc	du Parc	August 2011	du Parc	2
#FB8072	27	4577	4	du Parc	du Parc	September 2011	du Parc	2
#FB8072	27	2581	4	du Parc	du Parc	October 2011	du Parc	2
#FB8072	27	65	4	du Parc	du Parc	January 2012	du Parc	2
#FB8072	27	134	4	du Parc	du Parc	February 2012	du Parc	2
#FB8072	27	972	4	du Parc	du Parc	March 2012	du Parc	2
#FB8072	27	1298	4	du Parc	du Parc	April 2012	du Parc	2
#FB8072	27	2073	4	du Parc	du Parc	May 2012	du Parc	2
#FB8072	27	2134	4	du Parc	du Parc	June 2012	du Parc	2
#FB8072	27	3275	4	du Parc	du Parc	July 2012	du Parc	2
#FB8072	27	2762	4	du Parc	du Parc	August 2012	du Parc	2
#FB8072	27	3704	4	du Parc	du Parc	September 2012	du Parc	2
#FB8072	27	1193	4	du Parc	du Parc	October 2012	du Parc	2
#FB8072	27	50	4	du Parc	du Parc	January 2013	du Parc	2
#FB8072	27	162	4	du Parc	du Parc	February 2013	du Parc	2
#FB8072	27	762	4	du Parc	du Parc	March 2013	du Parc	2
#FB8072	27	1511	4	du Parc	du Parc	April 2013	du Parc	2
#FB8072	27	3813	4	du Parc	du Parc	May 2013	du Parc	2
#FB8072	27	3268	4	du Parc	du Parc	June 2013	du Parc	2
#FB8072	27	1890	4	du Parc	du Parc	July 2013	du Parc	2
#FB8072	27	3373	4	du Parc	du Parc	August 2013	du Parc	2
#FB8072	28	2558	4	du Parc	du Parc	October 2010	du Parc	2
#FB8072	28	219	4	du Parc	du Parc	November 2010	du Parc	2
#FB8072	28	42	4	du Parc	du Parc	December 2010	du Parc	2
#FB8072	28	217	4	du Parc	du Parc	January 2011	du Parc	2
#FB8072	28	77	4	du Parc	du Parc	February 2011	du Parc	2
#FB8072	28	504	4	du Parc	du Parc	March 2011	du Parc	2
#FB8072	28	1302	4	du Parc	du Parc	April 2011	du Parc	2
#FB8072	28	872	4	du Parc	du Parc	May 2011	du Parc	2
#FB8072	28	3739	4	du Parc	du Parc	June 2011	du Parc	2
#FB8072	28	3562	4	du Parc	du Parc	July 2011	du Parc	2
#FB8072	28	389	4	du Parc	du Parc	August 2011	du Parc	2
#FB8072	28	3812	4	du Parc	du Parc	September 2011	du Parc	2
#FB8072	28	2202	4	du Parc	du Parc	October 2011	du Parc	2
#FB8072	28	33	4	du Parc	du Parc	January 2012	du Parc	2
#FB8072	28	168	4	du Parc	du Parc	February 2012	du Parc	2
#FB8072	28	486	4	du Parc	du Parc	March 2012	du Parc	2
#FB8072	28	931	4	du Parc	du Parc	April 2012	du Parc	2
#FB8072	28	2898	4	du Parc	du Parc	May 2012	du Parc	2
#FB8072	28	3523	4	du Parc	du Parc	June 2012	du Parc	2
#FB8072	28	1767	4	du Parc	du Parc	July 2012	du Parc	2
#FB8072	28	3420	4	du Parc	du Parc	August 2012	du Parc	2
#FB8072	28	3309	4	du Parc	du Parc	September 2012	du Parc	2
#FB8072	28	955	4	du Parc	du Parc	October 2012	du Parc	2
#FB8072	28	141	4	du Parc	du Parc	January 2013	du Parc	2
#FB8072	28	126	4	du Parc	du Parc	February 2013	du Parc	2
#FB8072	28	906	4	du Parc	du Parc	March 2013	du Parc	2
#FB8072	28	2012	4	du Parc	du Parc	April 2013	du Parc	2
#FB8072	28	4075	4	du Parc	du Parc	May 2013	du Parc	2
#FB8072	28	1031	4	du Parc	du Parc	June 2013	du Parc	2
#FB8072	28	1319	4	du Parc	du Parc	July 2013	du Parc	2
#FB8072	28	3355	4	du Parc	du Parc	August 2013	du Parc	2
#FB8072	29	1854	4	du Parc	du Parc	October 2010	du Parc	2
#FB8072	29	1109	4	du Parc	du Parc	November 2010	du Parc	2
#FB8072	29	60	4	du Parc	du Parc	December 2010	du Parc	2
#FB8072	29	51	4	du Parc	du Parc	January 2011	du Parc	2
#FB8072	29	708	4	du Parc	du Parc	March 2011	du Parc	2
#FB8072	29	1871	4	du Parc	du Parc	April 2011	du Parc	2
#FB8072	29	1298	4	du Parc	du Parc	May 2011	du Parc	2
#FB8072	29	2939	4	du Parc	du Parc	June 2011	du Parc	2
#FB8072	29	2676	4	du Parc	du Parc	July 2011	du Parc	2
#FB8072	29	3474	4	du Parc	du Parc	August 2011	du Parc	2
#FB8072	29	2308	4	du Parc	du Parc	September 2011	du Parc	2
#FB8072	29	973	4	du Parc	du Parc	October 2011	du Parc	2
#FB8072	29	40	4	du Parc	du Parc	January 2012	du Parc	2
#FB8072	29	190	4	du Parc	du Parc	February 2012	du Parc	2
#FB8072	29	807	4	du Parc	du Parc	March 2012	du Parc	2
#FB8072	29	1062	4	du Parc	du Parc	April 2012	du Parc	2
#FB8072	29	1933	4	du Parc	du Parc	May 2012	du Parc	2
#FB8072	29	3090	4	du Parc	du Parc	June 2012	du Parc	2
#FB8072	29	1905	4	du Parc	du Parc	July 2012	du Parc	2
#FB8072	29	3759	4	du Parc	du Parc	August 2012	du Parc	2
#FB8072	29	1062	4	du Parc	du Parc	September 2012	du Parc	2
#FB8072	29	2440	4	du Parc	du Parc	October 2012	du Parc	2
#FB8072	29	111	4	du Parc	du Parc	January 2013	du Parc	2
#FB8072	29	554	4	du Parc	du Parc	March 2013	du Parc	2
#FB8072	29	2843	4	du Parc	du Parc	April 2013	du Parc	2
#FB8072	29	2036	4	du Parc	du Parc	May 2013	du Parc	2
#FB8072	29	1384	4	du Parc	du Parc	June 2013	du Parc	2
#FB8072	29	2888	4	du Parc	du Parc	July 2013	du Parc	2
#FB8072	29	3466	4	du Parc	du Parc	August 2013	du Parc	2
#FB8072	30	580	4	du Parc	du Parc	October 2010	du Parc	2
#FB8072	30	990	4	du Parc	du Parc	November 2010	du Parc	2
#FB8072	30	68	4	du Parc	du Parc	December 2010	du Parc	2
#FB8072	30	47	4	du Parc	du Parc	January 2011	du Parc	2
#FB8072	30	966	4	du Parc	du Parc	March 2011	du Parc	2
#FB8072	30	1727	4	du Parc	du Parc	April 2011	du Parc	2
#FB8072	30	3923	4	du Parc	du Parc	May 2011	du Parc	2
#FB8072	30	2815	4	du Parc	du Parc	June 2011	du Parc	2
#FB8072	30	1969	4	du Parc	du Parc	July 2011	du Parc	2
#FB8072	30	3568	4	du Parc	du Parc	August 2011	du Parc	2
#FB8072	30	3282	4	du Parc	du Parc	September 2011	du Parc	2
#FB8072	30	938	4	du Parc	du Parc	October 2011	du Parc	2
#FB8072	30	152	4	du Parc	du Parc	January 2012	du Parc	2
#FB8072	30	957	4	du Parc	du Parc	March 2012	du Parc	2
#FB8072	30	2446	4	du Parc	du Parc	April 2012	du Parc	2
#FB8072	30	3817	4	du Parc	du Parc	May 2012	du Parc	2
#FB8072	30	1822	4	du Parc	du Parc	June 2012	du Parc	2
#FB8072	30	3196	4	du Parc	du Parc	July 2012	du Parc	2
#FB8072	30	3481	4	du Parc	du Parc	August 2012	du Parc	2
#FB8072	30	520	4	du Parc	du Parc	September 2012	du Parc	2
#FB8072	30	2255	4	du Parc	du Parc	October 2012	du Parc	2
#FB8072	30	185	4	du Parc	du Parc	January 2013	du Parc	2
#FB8072	30	568	4	du Parc	du Parc	March 2013	du Parc	2
#FB8072	30	3082	4	du Parc	du Parc	April 2013	du Parc	2
#FB8072	30	3758	4	du Parc	du Parc	May 2013	du Parc	2
#FB8072	30	2102	4	du Parc	du Parc	June 2013	du Parc	2
#FB8072	30	3368	4	du Parc	du Parc	July 2013	du Parc	2
#FB8072	30	2724	4	du Parc	du Parc	August 2013	du Parc	2
#FB8072	31	544	4	du Parc	du Parc	October 2010	du Parc	2
#FB8072	31	55	4	du Parc	du Parc	December 2010	du Parc	2
#FB8072	31	181	4	du Parc	du Parc	January 2011	du Parc	2
#FB8072	31	1021	4	du Parc	du Parc	March 2011	du Parc	2
#FB8072	31	4111	4	du Parc	du Parc	May 2011	du Parc	2
#FB8072	31	2056	4	du Parc	du Parc	July 2011	du Parc	2
#FB8072	31	4057	4	du Parc	du Parc	August 2011	du Parc	2
#FB8072	31	2590	4	du Parc	du Parc	October 2011	du Parc	2
#FB8072	31	122	4	du Parc	du Parc	January 2012	du Parc	2
#FB8072	31	706	4	du Parc	du Parc	March 2012	du Parc	2
#FB8072	31	3205	4	du Parc	du Parc	May 2012	du Parc	2
#FB8072	31	3222	4	du Parc	du Parc	July 2012	du Parc	2
#FB8072	31	2541	4	du Parc	du Parc	August 2012	du Parc	2
#FB8072	31	2220	4	du Parc	du Parc	October 2012	du Parc	2
#FB8072	31	135	4	du Parc	du Parc	January 2013	du Parc	2
#FB8072	31	399	4	du Parc	du Parc	March 2013	du Parc	2
#FB8072	31	3676	4	du Parc	du Parc	May 2013	du Parc	2
#FB8072	31	3487	4	du Parc	du Parc	July 2013	du Parc	2
#FB8072	31	1385	4	du Parc	du Parc	August 2013	du Parc	2
#0591F5	1	2239	5	Maisonneuve 1	Maisonneuve 1	July 2009	Maisonneuve 1	2
#0591F5	1	1053	5	Maisonneuve 1	Maisonneuve 1	August 2009	Maisonneuve 1	2
#0591F5	1	2796	5	Maisonneuve 1	Maisonneuve 1	September 2009	Maisonneuve 1	2
#0591F5	1	22	5	Maisonneuve 1	Maisonneuve 1	October 2009	Maisonneuve 1	2
#0591F5	1	546	5	Maisonneuve 1	Maisonneuve 1	November 2009	Maisonneuve 1	2
#0591F5	1	599	5	Maisonneuve 1	Maisonneuve 1	December 2009	Maisonneuve 1	2
#0591F5	1	17	5	Maisonneuve 1	Maisonneuve 1	January 2010	Maisonneuve 1	2
#0591F5	1	111	5	Maisonneuve 1	Maisonneuve 1	February 2010	Maisonneuve 1	2
#0591F5	1	255	5	Maisonneuve 1	Maisonneuve 1	March 2010	Maisonneuve 1	2
#0591F5	1	1322	5	Maisonneuve 1	Maisonneuve 1	April 2010	Maisonneuve 1	2
#0591F5	1	1378	5	Maisonneuve 1	Maisonneuve 1	May 2010	Maisonneuve 1	2
#0591F5	1	1891	5	Maisonneuve 1	Maisonneuve 1	June 2010	Maisonneuve 1	2
#0591F5	1	2402	5	Maisonneuve 1	Maisonneuve 1	July 2010	Maisonneuve 1	2
#0591F5	1	836	5	Maisonneuve 1	Maisonneuve 1	August 2010	Maisonneuve 1	2
#0591F5	1	1490	5	Maisonneuve 1	Maisonneuve 1	November 2010	Maisonneuve 1	2
#0591F5	1	388	5	Maisonneuve 1	Maisonneuve 1	December 2010	Maisonneuve 1	2
#0591F5	1	62	5	Maisonneuve 1	Maisonneuve 1	January 2011	Maisonneuve 1	2
#0591F5	1	145	5	Maisonneuve 1	Maisonneuve 1	February 2011	Maisonneuve 1	2
#0591F5	1	51	5	Maisonneuve 1	Maisonneuve 1	March 2011	Maisonneuve 1	2
#0591F5	1	534	5	Maisonneuve 1	Maisonneuve 1	April 2011	Maisonneuve 1	2
#0591F5	1	2267	5	Maisonneuve 1	Maisonneuve 1	May 2011	Maisonneuve 1	2
#0591F5	1	4493	5	Maisonneuve 1	Maisonneuve 1	June 2011	Maisonneuve 1	2
#0591F5	1	3028	5	Maisonneuve 1	Maisonneuve 1	July 2011	Maisonneuve 1	2
#0591F5	1	2201	5	Maisonneuve 1	Maisonneuve 1	August 2011	Maisonneuve 1	2
#0591F5	1	3929	5	Maisonneuve 1	Maisonneuve 1	September 2011	Maisonneuve 1	2
#0591F5	1	637	5	Maisonneuve 1	Maisonneuve 1	October 2011	Maisonneuve 1	2
#0591F5	1	2289	5	Maisonneuve 1	Maisonneuve 1	November 2011	Maisonneuve 1	2
#0591F5	1	38	5	Maisonneuve 1	Maisonneuve 1	January 2012	Maisonneuve 1	2
#0591F5	1	100	5	Maisonneuve 1	Maisonneuve 1	February 2012	Maisonneuve 1	2
#0591F5	1	56	5	Maisonneuve 1	Maisonneuve 1	March 2012	Maisonneuve 1	2
#0591F5	1	442	5	Maisonneuve 1	Maisonneuve 1	April 2012	Maisonneuve 1	2
#0591F5	1	1722	5	Maisonneuve 1	Maisonneuve 1	May 2012	Maisonneuve 1	2
#0591F5	1	4110	5	Maisonneuve 1	Maisonneuve 1	June 2012	Maisonneuve 1	2
#0591F5	1	2911	5	Maisonneuve 1	Maisonneuve 1	July 2012	Maisonneuve 1	2
#0591F5	1	2783	5	Maisonneuve 1	Maisonneuve 1	August 2012	Maisonneuve 1	2
#0591F5	1	2371	5	Maisonneuve 1	Maisonneuve 1	September 2012	Maisonneuve 1	2
#0591F5	1	2184	5	Maisonneuve 1	Maisonneuve 1	October 2012	Maisonneuve 1	2
#0591F5	1	1701	5	Maisonneuve 1	Maisonneuve 1	November 2012	Maisonneuve 1	2
#0591F5	1	1	5	Maisonneuve 1	Maisonneuve 1	January 2013	Maisonneuve 1	2
#0591F5	1	179	5	Maisonneuve 1	Maisonneuve 1	February 2013	Maisonneuve 1	2
#0591F5	1	221	5	Maisonneuve 1	Maisonneuve 1	March 2013	Maisonneuve 1	2
#0591F5	1	276	5	Maisonneuve 1	Maisonneuve 1	April 2013	Maisonneuve 1	2
#0591F5	1	4121	5	Maisonneuve 1	Maisonneuve 1	May 2013	Maisonneuve 1	2
#0591F5	1	2513	5	Maisonneuve 1	Maisonneuve 1	June 2013	Maisonneuve 1	2
#0591F5	1	2328	5	Maisonneuve 1	Maisonneuve 1	July 2013	Maisonneuve 1	2
#0591F5	1	2172	5	Maisonneuve 1	Maisonneuve 1	August 2013	Maisonneuve 1	2
#0591F5	1	1997	5	Maisonneuve 1	Maisonneuve 1	September 2013	Maisonneuve 1	2
#0591F5	2	2611	5	Maisonneuve 1	Maisonneuve 1	July 2009	Maisonneuve 1	2
#0591F5	2	291	5	Maisonneuve 1	Maisonneuve 1	August 2009	Maisonneuve 1	2
#0591F5	2	2701	5	Maisonneuve 1	Maisonneuve 1	September 2009	Maisonneuve 1	2
#0591F5	2	36	5	Maisonneuve 1	Maisonneuve 1	October 2009	Maisonneuve 1	2
#0591F5	2	1158	5	Maisonneuve 1	Maisonneuve 1	November 2009	Maisonneuve 1	2
#0591F5	2	711	5	Maisonneuve 1	Maisonneuve 1	December 2009	Maisonneuve 1	2
#0591F5	2	24	5	Maisonneuve 1	Maisonneuve 1	January 2010	Maisonneuve 1	2
#0591F5	2	136	5	Maisonneuve 1	Maisonneuve 1	February 2010	Maisonneuve 1	2
#0591F5	2	347	5	Maisonneuve 1	Maisonneuve 1	March 2010	Maisonneuve 1	2
#0591F5	2	1217	5	Maisonneuve 1	Maisonneuve 1	April 2010	Maisonneuve 1	2
#0591F5	2	1423	5	Maisonneuve 1	Maisonneuve 1	May 2010	Maisonneuve 1	2
#0591F5	2	4150	5	Maisonneuve 1	Maisonneuve 1	June 2010	Maisonneuve 1	2
#0591F5	2	3780	5	Maisonneuve 1	Maisonneuve 1	July 2010	Maisonneuve 1	2
#0591F5	2	2926	5	Maisonneuve 1	Maisonneuve 1	August 2010	Maisonneuve 1	2
#0591F5	2	1725	5	Maisonneuve 1	Maisonneuve 1	November 2010	Maisonneuve 1	2
#0591F5	2	632	5	Maisonneuve 1	Maisonneuve 1	December 2010	Maisonneuve 1	2
#0591F5	2	79	5	Maisonneuve 1	Maisonneuve 1	January 2011	Maisonneuve 1	2
#0591F5	2	35	5	Maisonneuve 1	Maisonneuve 1	February 2011	Maisonneuve 1	2
#0591F5	2	33	5	Maisonneuve 1	Maisonneuve 1	March 2011	Maisonneuve 1	2
#0591F5	2	482	5	Maisonneuve 1	Maisonneuve 1	April 2011	Maisonneuve 1	2
#0591F5	2	2089	5	Maisonneuve 1	Maisonneuve 1	May 2011	Maisonneuve 1	2
#0591F5	2	3564	5	Maisonneuve 1	Maisonneuve 1	June 2011	Maisonneuve 1	2
#0591F5	2	3433	5	Maisonneuve 1	Maisonneuve 1	July 2011	Maisonneuve 1	2
#0591F5	2	3234	5	Maisonneuve 1	Maisonneuve 1	August 2011	Maisonneuve 1	2
#0591F5	2	3823	5	Maisonneuve 1	Maisonneuve 1	September 2011	Maisonneuve 1	2
#0591F5	2	350	5	Maisonneuve 1	Maisonneuve 1	October 2011	Maisonneuve 1	2
#0591F5	2	2471	5	Maisonneuve 1	Maisonneuve 1	November 2011	Maisonneuve 1	2
#0591F5	2	68	5	Maisonneuve 1	Maisonneuve 1	January 2012	Maisonneuve 1	2
#0591F5	2	134	5	Maisonneuve 1	Maisonneuve 1	February 2012	Maisonneuve 1	2
#0591F5	2	56	5	Maisonneuve 1	Maisonneuve 1	March 2012	Maisonneuve 1	2
#0591F5	2	1537	5	Maisonneuve 1	Maisonneuve 1	April 2012	Maisonneuve 1	2
#0591F5	2	2885	5	Maisonneuve 1	Maisonneuve 1	May 2012	Maisonneuve 1	2
#0591F5	2	630	5	Maisonneuve 1	Maisonneuve 1	June 2012	Maisonneuve 1	2
#0591F5	2	2658	5	Maisonneuve 1	Maisonneuve 1	July 2012	Maisonneuve 1	2
#0591F5	2	3340	5	Maisonneuve 1	Maisonneuve 1	August 2012	Maisonneuve 1	2
#0591F5	2	2093	5	Maisonneuve 1	Maisonneuve 1	September 2012	Maisonneuve 1	2
#0591F5	2	3281	5	Maisonneuve 1	Maisonneuve 1	October 2012	Maisonneuve 1	2
#0591F5	2	1109	5	Maisonneuve 1	Maisonneuve 1	November 2012	Maisonneuve 1	2
#0591F5	2	13	5	Maisonneuve 1	Maisonneuve 1	January 2013	Maisonneuve 1	2
#0591F5	2	51	5	Maisonneuve 1	Maisonneuve 1	February 2013	Maisonneuve 1	2
#0591F5	2	111	5	Maisonneuve 1	Maisonneuve 1	March 2013	Maisonneuve 1	2
#0591F5	2	669	5	Maisonneuve 1	Maisonneuve 1	April 2013	Maisonneuve 1	2
#0591F5	2	4136	5	Maisonneuve 1	Maisonneuve 1	May 2013	Maisonneuve 1	2
#0591F5	2	2006	5	Maisonneuve 1	Maisonneuve 1	June 2013	Maisonneuve 1	2
#0591F5	2	3589	5	Maisonneuve 1	Maisonneuve 1	July 2013	Maisonneuve 1	2
#0591F5	2	2726	5	Maisonneuve 1	Maisonneuve 1	August 2013	Maisonneuve 1	2
#0591F5	2	973	5	Maisonneuve 1	Maisonneuve 1	September 2013	Maisonneuve 1	2
#0591F5	3	1876	5	Maisonneuve 1	Maisonneuve 1	July 2009	Maisonneuve 1	2
#0591F5	3	3102	5	Maisonneuve 1	Maisonneuve 1	August 2009	Maisonneuve 1	2
#0591F5	3	2717	5	Maisonneuve 1	Maisonneuve 1	September 2009	Maisonneuve 1	2
#0591F5	3	7	5	Maisonneuve 1	Maisonneuve 1	October 2009	Maisonneuve 1	2
#0591F5	3	910	5	Maisonneuve 1	Maisonneuve 1	November 2009	Maisonneuve 1	2
#0591F5	3	367	5	Maisonneuve 1	Maisonneuve 1	December 2009	Maisonneuve 1	2
#0591F5	3	22	5	Maisonneuve 1	Maisonneuve 1	January 2010	Maisonneuve 1	2
#0591F5	3	159	5	Maisonneuve 1	Maisonneuve 1	February 2010	Maisonneuve 1	2
#0591F5	3	393	5	Maisonneuve 1	Maisonneuve 1	March 2010	Maisonneuve 1	2
#0591F5	3	1185	5	Maisonneuve 1	Maisonneuve 1	April 2010	Maisonneuve 1	2
#0591F5	3	1839	5	Maisonneuve 1	Maisonneuve 1	May 2010	Maisonneuve 1	2
#0591F5	3	2441	5	Maisonneuve 1	Maisonneuve 1	June 2010	Maisonneuve 1	2
#0591F5	3	2996	5	Maisonneuve 1	Maisonneuve 1	July 2010	Maisonneuve 1	2
#0591F5	3	1309	5	Maisonneuve 1	Maisonneuve 1	August 2010	Maisonneuve 1	2
#0591F5	3	1804	5	Maisonneuve 1	Maisonneuve 1	November 2010	Maisonneuve 1	2
#0591F5	3	693	5	Maisonneuve 1	Maisonneuve 1	December 2010	Maisonneuve 1	2
#0591F5	3	115	5	Maisonneuve 1	Maisonneuve 1	January 2011	Maisonneuve 1	2
#0591F5	3	82	5	Maisonneuve 1	Maisonneuve 1	February 2011	Maisonneuve 1	2
#0591F5	3	26	5	Maisonneuve 1	Maisonneuve 1	March 2011	Maisonneuve 1	2
#0591F5	3	540	5	Maisonneuve 1	Maisonneuve 1	April 2011	Maisonneuve 1	2
#0591F5	3	1430	5	Maisonneuve 1	Maisonneuve 1	May 2011	Maisonneuve 1	2
#0591F5	3	4940	5	Maisonneuve 1	Maisonneuve 1	June 2011	Maisonneuve 1	2
#0591F5	3	2382	5	Maisonneuve 1	Maisonneuve 1	July 2011	Maisonneuve 1	2
#0591F5	3	3843	5	Maisonneuve 1	Maisonneuve 1	August 2011	Maisonneuve 1	2
#0591F5	3	2184	5	Maisonneuve 1	Maisonneuve 1	September 2011	Maisonneuve 1	2
#0591F5	3	1584	5	Maisonneuve 1	Maisonneuve 1	October 2011	Maisonneuve 1	2
#0591F5	3	1684	5	Maisonneuve 1	Maisonneuve 1	November 2011	Maisonneuve 1	2
#0591F5	3	104	5	Maisonneuve 1	Maisonneuve 1	January 2012	Maisonneuve 1	2
#0591F5	3	103	5	Maisonneuve 1	Maisonneuve 1	February 2012	Maisonneuve 1	2
#0591F5	3	65	5	Maisonneuve 1	Maisonneuve 1	March 2012	Maisonneuve 1	2
#0591F5	3	1791	5	Maisonneuve 1	Maisonneuve 1	April 2012	Maisonneuve 1	2
#0591F5	3	3001	5	Maisonneuve 1	Maisonneuve 1	May 2012	Maisonneuve 1	2
#0591F5	3	2020	5	Maisonneuve 1	Maisonneuve 1	June 2012	Maisonneuve 1	2
#0591F5	3	4398	5	Maisonneuve 1	Maisonneuve 1	July 2012	Maisonneuve 1	2
#0591F5	3	3306	5	Maisonneuve 1	Maisonneuve 1	August 2012	Maisonneuve 1	2
#0591F5	3	2233	5	Maisonneuve 1	Maisonneuve 1	September 2012	Maisonneuve 1	2
#0591F5	3	3191	5	Maisonneuve 1	Maisonneuve 1	October 2012	Maisonneuve 1	2
#0591F5	3	612	5	Maisonneuve 1	Maisonneuve 1	November 2012	Maisonneuve 1	2
#0591F5	3	21	5	Maisonneuve 1	Maisonneuve 1	January 2013	Maisonneuve 1	2
#0591F5	3	51	5	Maisonneuve 1	Maisonneuve 1	February 2013	Maisonneuve 1	2
#0591F5	3	74	5	Maisonneuve 1	Maisonneuve 1	March 2013	Maisonneuve 1	2
#0591F5	3	719	5	Maisonneuve 1	Maisonneuve 1	April 2013	Maisonneuve 1	2
#0591F5	3	4156	5	Maisonneuve 1	Maisonneuve 1	May 2013	Maisonneuve 1	2
#0591F5	3	3421	5	Maisonneuve 1	Maisonneuve 1	June 2013	Maisonneuve 1	2
#0591F5	3	4366	5	Maisonneuve 1	Maisonneuve 1	July 2013	Maisonneuve 1	2
#0591F5	3	2095	5	Maisonneuve 1	Maisonneuve 1	August 2013	Maisonneuve 1	2
#0591F5	3	3753	5	Maisonneuve 1	Maisonneuve 1	September 2013	Maisonneuve 1	2
#0591F5	4	1653	5	Maisonneuve 1	Maisonneuve 1	July 2009	Maisonneuve 1	2
#0591F5	4	2382	5	Maisonneuve 1	Maisonneuve 1	August 2009	Maisonneuve 1	2
#0591F5	4	2393	5	Maisonneuve 1	Maisonneuve 1	September 2009	Maisonneuve 1	2
#0591F5	4	1113	5	Maisonneuve 1	Maisonneuve 1	November 2009	Maisonneuve 1	2
#0591F5	4	595	5	Maisonneuve 1	Maisonneuve 1	December 2009	Maisonneuve 1	2
#0591F5	4	71	5	Maisonneuve 1	Maisonneuve 1	January 2010	Maisonneuve 1	2
#0591F5	4	163	5	Maisonneuve 1	Maisonneuve 1	February 2010	Maisonneuve 1	2
#0591F5	4	431	5	Maisonneuve 1	Maisonneuve 1	March 2010	Maisonneuve 1	2
#0591F5	4	744	5	Maisonneuve 1	Maisonneuve 1	April 2010	Maisonneuve 1	2
#0591F5	4	2494	5	Maisonneuve 1	Maisonneuve 1	May 2010	Maisonneuve 1	2
#0591F5	4	4513	5	Maisonneuve 1	Maisonneuve 1	June 2010	Maisonneuve 1	2
#0591F5	4	2622	5	Maisonneuve 1	Maisonneuve 1	July 2010	Maisonneuve 1	2
#0591F5	4	2108	5	Maisonneuve 1	Maisonneuve 1	August 2010	Maisonneuve 1	2
#0591F5	4	1033	5	Maisonneuve 1	Maisonneuve 1	November 2010	Maisonneuve 1	2
#0591F5	4	173	5	Maisonneuve 1	Maisonneuve 1	December 2010	Maisonneuve 1	2
#0591F5	4	163	5	Maisonneuve 1	Maisonneuve 1	January 2011	Maisonneuve 1	2
#0591F5	4	114	5	Maisonneuve 1	Maisonneuve 1	February 2011	Maisonneuve 1	2
#0591F5	4	28	5	Maisonneuve 1	Maisonneuve 1	March 2011	Maisonneuve 1	2
#0591F5	4	398	5	Maisonneuve 1	Maisonneuve 1	April 2011	Maisonneuve 1	2
#0591F5	4	949	5	Maisonneuve 1	Maisonneuve 1	May 2011	Maisonneuve 1	2
#0591F5	4	3224	5	Maisonneuve 1	Maisonneuve 1	June 2011	Maisonneuve 1	2
#0591F5	4	4941	5	Maisonneuve 1	Maisonneuve 1	July 2011	Maisonneuve 1	2
#0591F5	4	3735	5	Maisonneuve 1	Maisonneuve 1	August 2011	Maisonneuve 1	2
#0591F5	4	1341	5	Maisonneuve 1	Maisonneuve 1	September 2011	Maisonneuve 1	2
#0591F5	4	2417	5	Maisonneuve 1	Maisonneuve 1	October 2011	Maisonneuve 1	2
#0591F5	4	116	5	Maisonneuve 1	Maisonneuve 1	January 2012	Maisonneuve 1	2
#0591F5	4	53	5	Maisonneuve 1	Maisonneuve 1	February 2012	Maisonneuve 1	2
#0591F5	4	79	5	Maisonneuve 1	Maisonneuve 1	March 2012	Maisonneuve 1	2
#0591F5	4	1674	5	Maisonneuve 1	Maisonneuve 1	April 2012	Maisonneuve 1	2
#0591F5	4	2058	5	Maisonneuve 1	Maisonneuve 1	May 2012	Maisonneuve 1	2
#0591F5	4	2095	5	Maisonneuve 1	Maisonneuve 1	June 2012	Maisonneuve 1	2
#0591F5	4	3591	5	Maisonneuve 1	Maisonneuve 1	July 2012	Maisonneuve 1	2
#0591F5	4	2019	5	Maisonneuve 1	Maisonneuve 1	August 2012	Maisonneuve 1	2
#0591F5	4	3057	5	Maisonneuve 1	Maisonneuve 1	September 2012	Maisonneuve 1	2
#0591F5	4	2705	5	Maisonneuve 1	Maisonneuve 1	October 2012	Maisonneuve 1	2
#0591F5	4	710	5	Maisonneuve 1	Maisonneuve 1	November 2012	Maisonneuve 1	2
#0591F5	4	22	5	Maisonneuve 1	Maisonneuve 1	January 2013	Maisonneuve 1	2
#0591F5	4	137	5	Maisonneuve 1	Maisonneuve 1	February 2013	Maisonneuve 1	2
#0591F5	4	149	5	Maisonneuve 1	Maisonneuve 1	March 2013	Maisonneuve 1	2
#0591F5	4	1027	5	Maisonneuve 1	Maisonneuve 1	April 2013	Maisonneuve 1	2
#0591F5	4	2690	5	Maisonneuve 1	Maisonneuve 1	May 2013	Maisonneuve 1	2
#0591F5	4	4122	5	Maisonneuve 1	Maisonneuve 1	June 2013	Maisonneuve 1	2
#0591F5	4	3974	5	Maisonneuve 1	Maisonneuve 1	July 2013	Maisonneuve 1	2
#0591F5	4	1310	5	Maisonneuve 1	Maisonneuve 1	August 2013	Maisonneuve 1	2
#0591F5	4	3865	5	Maisonneuve 1	Maisonneuve 1	September 2013	Maisonneuve 1	2
#0591F5	5	3064	5	Maisonneuve 1	Maisonneuve 1	July 2009	Maisonneuve 1	2
#0591F5	5	2646	5	Maisonneuve 1	Maisonneuve 1	August 2009	Maisonneuve 1	2
#0591F5	5	1466	5	Maisonneuve 1	Maisonneuve 1	September 2009	Maisonneuve 1	2
#0591F5	5	308	5	Maisonneuve 1	Maisonneuve 1	October 2009	Maisonneuve 1	2
#0591F5	5	990	5	Maisonneuve 1	Maisonneuve 1	November 2009	Maisonneuve 1	2
#0591F5	5	301	5	Maisonneuve 1	Maisonneuve 1	December 2009	Maisonneuve 1	2
#0591F5	5	88	5	Maisonneuve 1	Maisonneuve 1	January 2010	Maisonneuve 1	2
#0591F5	5	181	5	Maisonneuve 1	Maisonneuve 1	February 2010	Maisonneuve 1	2
#0591F5	5	407	5	Maisonneuve 1	Maisonneuve 1	March 2010	Maisonneuve 1	2
#0591F5	5	733	5	Maisonneuve 1	Maisonneuve 1	April 2010	Maisonneuve 1	2
#0591F5	5	3242	5	Maisonneuve 1	Maisonneuve 1	May 2010	Maisonneuve 1	2
#0591F5	5	1808	5	Maisonneuve 1	Maisonneuve 1	June 2010	Maisonneuve 1	2
#0591F5	5	4472	5	Maisonneuve 1	Maisonneuve 1	July 2010	Maisonneuve 1	2
#0591F5	5	2946	5	Maisonneuve 1	Maisonneuve 1	August 2010	Maisonneuve 1	2
#0591F5	5	702	5	Maisonneuve 1	Maisonneuve 1	November 2010	Maisonneuve 1	2
#0591F5	5	150	5	Maisonneuve 1	Maisonneuve 1	December 2010	Maisonneuve 1	2
#0591F5	5	168	5	Maisonneuve 1	Maisonneuve 1	January 2011	Maisonneuve 1	2
#0591F5	5	48	5	Maisonneuve 1	Maisonneuve 1	February 2011	Maisonneuve 1	2
#0591F5	5	25	5	Maisonneuve 1	Maisonneuve 1	March 2011	Maisonneuve 1	2
#0591F5	5	515	5	Maisonneuve 1	Maisonneuve 1	April 2011	Maisonneuve 1	2
#0591F5	5	873	5	Maisonneuve 1	Maisonneuve 1	May 2011	Maisonneuve 1	2
#0591F5	5	2545	5	Maisonneuve 1	Maisonneuve 1	June 2011	Maisonneuve 1	2
#0591F5	5	4357	5	Maisonneuve 1	Maisonneuve 1	July 2011	Maisonneuve 1	2
#0591F5	5	3792	5	Maisonneuve 1	Maisonneuve 1	August 2011	Maisonneuve 1	2
#0591F5	5	612	5	Maisonneuve 1	Maisonneuve 1	September 2011	Maisonneuve 1	2
#0591F5	5	3287	5	Maisonneuve 1	Maisonneuve 1	October 2011	Maisonneuve 1	2
#0591F5	5	124	5	Maisonneuve 1	Maisonneuve 1	January 2012	Maisonneuve 1	2
#0591F5	5	46	5	Maisonneuve 1	Maisonneuve 1	February 2012	Maisonneuve 1	2
#0591F5	5	114	5	Maisonneuve 1	Maisonneuve 1	March 2012	Maisonneuve 1	2
#0591F5	5	1823	5	Maisonneuve 1	Maisonneuve 1	April 2012	Maisonneuve 1	2
#0591F5	5	2106	5	Maisonneuve 1	Maisonneuve 1	May 2012	Maisonneuve 1	2
#0591F5	5	3927	5	Maisonneuve 1	Maisonneuve 1	June 2012	Maisonneuve 1	2
#0591F5	5	4830	5	Maisonneuve 1	Maisonneuve 1	July 2012	Maisonneuve 1	2
#0591F5	5	1100	5	Maisonneuve 1	Maisonneuve 1	August 2012	Maisonneuve 1	2
#0591F5	5	3861	5	Maisonneuve 1	Maisonneuve 1	September 2012	Maisonneuve 1	2
#0591F5	5	2799	5	Maisonneuve 1	Maisonneuve 1	October 2012	Maisonneuve 1	2
#0591F5	5	1705	5	Maisonneuve 1	Maisonneuve 1	November 2012	Maisonneuve 1	2
#0591F5	5	19	5	Maisonneuve 1	Maisonneuve 1	January 2013	Maisonneuve 1	2
#0591F5	5	172	5	Maisonneuve 1	Maisonneuve 1	February 2013	Maisonneuve 1	2
#0591F5	5	312	5	Maisonneuve 1	Maisonneuve 1	March 2013	Maisonneuve 1	2
#0591F5	5	723	5	Maisonneuve 1	Maisonneuve 1	April 2013	Maisonneuve 1	2
#0591F5	5	2341	5	Maisonneuve 1	Maisonneuve 1	May 2013	Maisonneuve 1	2
#0591F5	5	4358	5	Maisonneuve 1	Maisonneuve 1	June 2013	Maisonneuve 1	2
#0591F5	5	3946	5	Maisonneuve 1	Maisonneuve 1	July 2013	Maisonneuve 1	2
#0591F5	5	3173	5	Maisonneuve 1	Maisonneuve 1	August 2013	Maisonneuve 1	2
#0591F5	5	4234	5	Maisonneuve 1	Maisonneuve 1	September 2013	Maisonneuve 1	2
#0591F5	6	2302	5	Maisonneuve 1	Maisonneuve 1	August 2009	Maisonneuve 1	2
#0591F5	6	1383	5	Maisonneuve 1	Maisonneuve 1	September 2009	Maisonneuve 1	2
#0591F5	6	7	5	Maisonneuve 1	Maisonneuve 1	October 2009	Maisonneuve 1	2
#0591F5	6	1001	5	Maisonneuve 1	Maisonneuve 1	November 2009	Maisonneuve 1	2
#0591F5	6	276	5	Maisonneuve 1	Maisonneuve 1	December 2009	Maisonneuve 1	2
#0591F5	6	102	5	Maisonneuve 1	Maisonneuve 1	January 2010	Maisonneuve 1	2
#0591F5	6	70	5	Maisonneuve 1	Maisonneuve 1	February 2010	Maisonneuve 1	2
#0591F5	6	356	5	Maisonneuve 1	Maisonneuve 1	March 2010	Maisonneuve 1	2
#0591F5	6	1557	5	Maisonneuve 1	Maisonneuve 1	April 2010	Maisonneuve 1	2
#0591F5	6	2265	5	Maisonneuve 1	Maisonneuve 1	May 2010	Maisonneuve 1	2
#0591F5	6	766	5	Maisonneuve 1	Maisonneuve 1	June 2010	Maisonneuve 1	2
#0591F5	6	4083	5	Maisonneuve 1	Maisonneuve 1	July 2010	Maisonneuve 1	2
#0591F5	6	3059	5	Maisonneuve 1	Maisonneuve 1	August 2010	Maisonneuve 1	2
#0591F5	6	812	5	Maisonneuve 1	Maisonneuve 1	November 2010	Maisonneuve 1	2
#0591F5	6	216	5	Maisonneuve 1	Maisonneuve 1	December 2010	Maisonneuve 1	2
#0591F5	6	168	5	Maisonneuve 1	Maisonneuve 1	January 2011	Maisonneuve 1	2
#0591F5	6	41	5	Maisonneuve 1	Maisonneuve 1	February 2011	Maisonneuve 1	2
#0591F5	6	16	5	Maisonneuve 1	Maisonneuve 1	March 2011	Maisonneuve 1	2
#0591F5	6	1015	5	Maisonneuve 1	Maisonneuve 1	April 2011	Maisonneuve 1	2
#0591F5	6	2405	5	Maisonneuve 1	Maisonneuve 1	May 2011	Maisonneuve 1	2
#0591F5	6	4439	5	Maisonneuve 1	Maisonneuve 1	June 2011	Maisonneuve 1	2
#0591F5	6	3430	5	Maisonneuve 1	Maisonneuve 1	July 2011	Maisonneuve 1	2
#0591F5	6	2435	5	Maisonneuve 1	Maisonneuve 1	August 2011	Maisonneuve 1	2
#0591F5	6	3719	5	Maisonneuve 1	Maisonneuve 1	September 2011	Maisonneuve 1	2
#0591F5	6	3171	5	Maisonneuve 1	Maisonneuve 1	October 2011	Maisonneuve 1	2
#0591F5	6	98	5	Maisonneuve 1	Maisonneuve 1	January 2012	Maisonneuve 1	2
#0591F5	6	136	5	Maisonneuve 1	Maisonneuve 1	February 2012	Maisonneuve 1	2
#0591F5	6	192	5	Maisonneuve 1	Maisonneuve 1	March 2012	Maisonneuve 1	2
#0591F5	6	1045	5	Maisonneuve 1	Maisonneuve 1	April 2012	Maisonneuve 1	2
#0591F5	6	1815	5	Maisonneuve 1	Maisonneuve 1	May 2012	Maisonneuve 1	2
#0591F5	6	4273	5	Maisonneuve 1	Maisonneuve 1	June 2012	Maisonneuve 1	2
#0591F5	6	4137	5	Maisonneuve 1	Maisonneuve 1	July 2012	Maisonneuve 1	2
#0591F5	6	3193	5	Maisonneuve 1	Maisonneuve 1	August 2012	Maisonneuve 1	2
#0591F5	6	3967	5	Maisonneuve 1	Maisonneuve 1	September 2012	Maisonneuve 1	2
#0591F5	6	933	5	Maisonneuve 1	Maisonneuve 1	October 2012	Maisonneuve 1	2
#0591F5	6	23	5	Maisonneuve 1	Maisonneuve 1	January 2013	Maisonneuve 1	2
#0591F5	6	196	5	Maisonneuve 1	Maisonneuve 1	February 2013	Maisonneuve 1	2
#0591F5	6	290	5	Maisonneuve 1	Maisonneuve 1	March 2013	Maisonneuve 1	2
#0591F5	6	506	5	Maisonneuve 1	Maisonneuve 1	April 2013	Maisonneuve 1	2
#0591F5	6	3977	5	Maisonneuve 1	Maisonneuve 1	May 2013	Maisonneuve 1	2
#0591F5	6	2201	5	Maisonneuve 1	Maisonneuve 1	June 2013	Maisonneuve 1	2
#0591F5	6	3228	5	Maisonneuve 1	Maisonneuve 1	July 2013	Maisonneuve 1	2
#0591F5	6	3543	5	Maisonneuve 1	Maisonneuve 1	August 2013	Maisonneuve 1	2
#0591F5	6	3708	5	Maisonneuve 1	Maisonneuve 1	September 2013	Maisonneuve 1	2
#0591F5	7	2300	5	Maisonneuve 1	Maisonneuve 1	August 2009	Maisonneuve 1	2
#0591F5	7	1642	5	Maisonneuve 1	Maisonneuve 1	September 2009	Maisonneuve 1	2
#0591F5	7	3	5	Maisonneuve 1	Maisonneuve 1	October 2009	Maisonneuve 1	2
#0591F5	7	475	5	Maisonneuve 1	Maisonneuve 1	November 2009	Maisonneuve 1	2
#0591F5	7	358	5	Maisonneuve 1	Maisonneuve 1	December 2009	Maisonneuve 1	2
#0591F5	7	111	5	Maisonneuve 1	Maisonneuve 1	January 2010	Maisonneuve 1	2
#0591F5	7	65	5	Maisonneuve 1	Maisonneuve 1	February 2010	Maisonneuve 1	2
#0591F5	7	322	5	Maisonneuve 1	Maisonneuve 1	March 2010	Maisonneuve 1	2
#0591F5	7	941	5	Maisonneuve 1	Maisonneuve 1	April 2010	Maisonneuve 1	2
#0591F5	7	2783	5	Maisonneuve 1	Maisonneuve 1	May 2010	Maisonneuve 1	2
#0591F5	7	3362	5	Maisonneuve 1	Maisonneuve 1	June 2010	Maisonneuve 1	2
#0591F5	7	3269	5	Maisonneuve 1	Maisonneuve 1	July 2010	Maisonneuve 1	2
#0591F5	7	2417	5	Maisonneuve 1	Maisonneuve 1	August 2010	Maisonneuve 1	2
#0591F5	7	746	5	Maisonneuve 1	Maisonneuve 1	November 2010	Maisonneuve 1	2
#0591F5	7	41	5	Maisonneuve 1	Maisonneuve 1	December 2010	Maisonneuve 1	2
#0591F5	7	163	5	Maisonneuve 1	Maisonneuve 1	January 2011	Maisonneuve 1	2
#0591F5	7	92	5	Maisonneuve 1	Maisonneuve 1	February 2011	Maisonneuve 1	2
#0591F5	7	19	5	Maisonneuve 1	Maisonneuve 1	March 2011	Maisonneuve 1	2
#0591F5	7	1112	5	Maisonneuve 1	Maisonneuve 1	April 2011	Maisonneuve 1	2
#0591F5	7	1792	5	Maisonneuve 1	Maisonneuve 1	May 2011	Maisonneuve 1	2
#0591F5	7	5191	5	Maisonneuve 1	Maisonneuve 1	June 2011	Maisonneuve 1	2
#0591F5	7	4800	5	Maisonneuve 1	Maisonneuve 1	July 2011	Maisonneuve 1	2
#0591F5	7	1480	5	Maisonneuve 1	Maisonneuve 1	August 2011	Maisonneuve 1	2
#0591F5	7	3324	5	Maisonneuve 1	Maisonneuve 1	September 2011	Maisonneuve 1	2
#0591F5	7	3000	5	Maisonneuve 1	Maisonneuve 1	October 2011	Maisonneuve 1	2
#0591F5	7	80	5	Maisonneuve 1	Maisonneuve 1	January 2012	Maisonneuve 1	2
#0591F5	7	209	5	Maisonneuve 1	Maisonneuve 1	February 2012	Maisonneuve 1	2
#0591F5	7	290	5	Maisonneuve 1	Maisonneuve 1	March 2012	Maisonneuve 1	2
#0591F5	7	739	5	Maisonneuve 1	Maisonneuve 1	April 2012	Maisonneuve 1	2
#0591F5	7	3959	5	Maisonneuve 1	Maisonneuve 1	May 2012	Maisonneuve 1	2
#0591F5	7	4670	5	Maisonneuve 1	Maisonneuve 1	June 2012	Maisonneuve 1	2
#0591F5	7	3802	5	Maisonneuve 1	Maisonneuve 1	July 2012	Maisonneuve 1	2
#0591F5	7	3622	5	Maisonneuve 1	Maisonneuve 1	August 2012	Maisonneuve 1	2
#0591F5	7	4153	5	Maisonneuve 1	Maisonneuve 1	September 2012	Maisonneuve 1	2
#0591F5	7	922	5	Maisonneuve 1	Maisonneuve 1	October 2012	Maisonneuve 1	2
#0591F5	7	81	5	Maisonneuve 1	Maisonneuve 1	January 2013	Maisonneuve 1	2
#0591F5	7	162	5	Maisonneuve 1	Maisonneuve 1	February 2013	Maisonneuve 1	2
#0591F5	7	295	5	Maisonneuve 1	Maisonneuve 1	March 2013	Maisonneuve 1	2
#0591F5	7	337	5	Maisonneuve 1	Maisonneuve 1	April 2013	Maisonneuve 1	2
#0591F5	7	4538	5	Maisonneuve 1	Maisonneuve 1	May 2013	Maisonneuve 1	2
#0591F5	7	1526	5	Maisonneuve 1	Maisonneuve 1	June 2013	Maisonneuve 1	2
#0591F5	7	2442	5	Maisonneuve 1	Maisonneuve 1	July 2013	Maisonneuve 1	2
#0591F5	7	3158	5	Maisonneuve 1	Maisonneuve 1	August 2013	Maisonneuve 1	2
#0591F5	7	1536	5	Maisonneuve 1	Maisonneuve 1	September 2013	Maisonneuve 1	2
#0591F5	8	2107	5	Maisonneuve 1	Maisonneuve 1	June 2009	Maisonneuve 1	2
#0591F5	8	2083	5	Maisonneuve 1	Maisonneuve 1	August 2009	Maisonneuve 1	2
#0591F5	8	2865	5	Maisonneuve 1	Maisonneuve 1	September 2009	Maisonneuve 1	2
#0591F5	8	9	5	Maisonneuve 1	Maisonneuve 1	October 2009	Maisonneuve 1	2
#0591F5	8	689	5	Maisonneuve 1	Maisonneuve 1	November 2009	Maisonneuve 1	2
#0591F5	8	318	5	Maisonneuve 1	Maisonneuve 1	December 2009	Maisonneuve 1	2
#0591F5	8	125	5	Maisonneuve 1	Maisonneuve 1	January 2010	Maisonneuve 1	2
#0591F5	8	147	5	Maisonneuve 1	Maisonneuve 1	February 2010	Maisonneuve 1	2
#0591F5	8	591	5	Maisonneuve 1	Maisonneuve 1	March 2010	Maisonneuve 1	2
#0591F5	8	1046	5	Maisonneuve 1	Maisonneuve 1	April 2010	Maisonneuve 1	2
#0591F5	8	488	5	Maisonneuve 1	Maisonneuve 1	May 2010	Maisonneuve 1	2
#0591F5	8	3933	5	Maisonneuve 1	Maisonneuve 1	June 2010	Maisonneuve 1	2
#0591F5	8	3131	5	Maisonneuve 1	Maisonneuve 1	July 2010	Maisonneuve 1	2
#0591F5	8	1134	5	Maisonneuve 1	Maisonneuve 1	August 2010	Maisonneuve 1	2
#0591F5	8	1297	5	Maisonneuve 1	Maisonneuve 1	October 2010	Maisonneuve 1	2
#0591F5	8	964	5	Maisonneuve 1	Maisonneuve 1	November 2010	Maisonneuve 1	2
#0591F5	8	83	5	Maisonneuve 1	Maisonneuve 1	December 2010	Maisonneuve 1	2
#0591F5	8	70	5	Maisonneuve 1	Maisonneuve 1	January 2011	Maisonneuve 1	2
#0591F5	8	74	5	Maisonneuve 1	Maisonneuve 1	February 2011	Maisonneuve 1	2
#0591F5	8	84	5	Maisonneuve 1	Maisonneuve 1	March 2011	Maisonneuve 1	2
#0591F5	8	1357	5	Maisonneuve 1	Maisonneuve 1	April 2011	Maisonneuve 1	2
#0591F5	8	1627	5	Maisonneuve 1	Maisonneuve 1	May 2011	Maisonneuve 1	2
#0591F5	8	3934	5	Maisonneuve 1	Maisonneuve 1	June 2011	Maisonneuve 1	2
#0591F5	8	4166	5	Maisonneuve 1	Maisonneuve 1	July 2011	Maisonneuve 1	2
#0591F5	8	3271	5	Maisonneuve 1	Maisonneuve 1	August 2011	Maisonneuve 1	2
#0591F5	8	4556	5	Maisonneuve 1	Maisonneuve 1	September 2011	Maisonneuve 1	2
#0591F5	8	1809	5	Maisonneuve 1	Maisonneuve 1	October 2011	Maisonneuve 1	2
#0591F5	8	62	5	Maisonneuve 1	Maisonneuve 1	January 2012	Maisonneuve 1	2
#0591F5	8	202	5	Maisonneuve 1	Maisonneuve 1	February 2012	Maisonneuve 1	2
#0591F5	8	238	5	Maisonneuve 1	Maisonneuve 1	March 2012	Maisonneuve 1	2
#0591F5	8	621	5	Maisonneuve 1	Maisonneuve 1	April 2012	Maisonneuve 1	2
#0591F5	8	991	5	Maisonneuve 1	Maisonneuve 1	May 2012	Maisonneuve 1	2
#0591F5	8	3303	5	Maisonneuve 1	Maisonneuve 1	June 2012	Maisonneuve 1	2
#0591F5	8	2407	5	Maisonneuve 1	Maisonneuve 1	July 2012	Maisonneuve 1	2
#0591F5	8	3365	5	Maisonneuve 1	Maisonneuve 1	August 2012	Maisonneuve 1	2
#0591F5	8	1467	5	Maisonneuve 1	Maisonneuve 1	September 2012	Maisonneuve 1	2
#0591F5	8	987	5	Maisonneuve 1	Maisonneuve 1	October 2012	Maisonneuve 1	2
#0591F5	8	156	5	Maisonneuve 1	Maisonneuve 1	January 2013	Maisonneuve 1	2
#0591F5	8	71	5	Maisonneuve 1	Maisonneuve 1	February 2013	Maisonneuve 1	2
#0591F5	8	387	5	Maisonneuve 1	Maisonneuve 1	March 2013	Maisonneuve 1	2
#0591F5	8	1225	5	Maisonneuve 1	Maisonneuve 1	April 2013	Maisonneuve 1	2
#0591F5	8	4435	5	Maisonneuve 1	Maisonneuve 1	May 2013	Maisonneuve 1	2
#0591F5	8	975	5	Maisonneuve 1	Maisonneuve 1	June 2013	Maisonneuve 1	2
#0591F5	8	3016	5	Maisonneuve 1	Maisonneuve 1	July 2013	Maisonneuve 1	2
#0591F5	8	3324	5	Maisonneuve 1	Maisonneuve 1	August 2013	Maisonneuve 1	2
#0591F5	8	1677	5	Maisonneuve 1	Maisonneuve 1	September 2013	Maisonneuve 1	2
#0591F5	9	678	5	Maisonneuve 1	Maisonneuve 1	June 2009	Maisonneuve 1	2
#0591F5	9	1509	5	Maisonneuve 1	Maisonneuve 1	August 2009	Maisonneuve 1	2
#0591F5	9	2727	5	Maisonneuve 1	Maisonneuve 1	September 2009	Maisonneuve 1	2
#0591F5	9	482	5	Maisonneuve 1	Maisonneuve 1	October 2009	Maisonneuve 1	2
#0591F5	9	1267	5	Maisonneuve 1	Maisonneuve 1	November 2009	Maisonneuve 1	2
#0591F5	9	64	5	Maisonneuve 1	Maisonneuve 1	December 2009	Maisonneuve 1	2
#0591F5	9	49	5	Maisonneuve 1	Maisonneuve 1	January 2010	Maisonneuve 1	2
#0591F5	9	199	5	Maisonneuve 1	Maisonneuve 1	February 2010	Maisonneuve 1	2
#0591F5	9	650	5	Maisonneuve 1	Maisonneuve 1	March 2010	Maisonneuve 1	2
#0591F5	9	853	5	Maisonneuve 1	Maisonneuve 1	April 2010	Maisonneuve 1	2
#0591F5	9	277	5	Maisonneuve 1	Maisonneuve 1	May 2010	Maisonneuve 1	2
#0591F5	9	4068	5	Maisonneuve 1	Maisonneuve 1	June 2010	Maisonneuve 1	2
#0591F5	9	1983	5	Maisonneuve 1	Maisonneuve 1	July 2010	Maisonneuve 1	2
#0591F5	9	2868	5	Maisonneuve 1	Maisonneuve 1	August 2010	Maisonneuve 1	2
#0591F5	9	1267	5	Maisonneuve 1	Maisonneuve 1	October 2010	Maisonneuve 1	2
#0591F5	9	1496	5	Maisonneuve 1	Maisonneuve 1	November 2010	Maisonneuve 1	2
#0591F5	9	140	5	Maisonneuve 1	Maisonneuve 1	December 2010	Maisonneuve 1	2
#0591F5	9	62	5	Maisonneuve 1	Maisonneuve 1	January 2011	Maisonneuve 1	2
#0591F5	9	106	5	Maisonneuve 1	Maisonneuve 1	February 2011	Maisonneuve 1	2
#0591F5	9	119	5	Maisonneuve 1	Maisonneuve 1	March 2011	Maisonneuve 1	2
#0591F5	9	917	5	Maisonneuve 1	Maisonneuve 1	April 2011	Maisonneuve 1	2
#0591F5	9	3508	5	Maisonneuve 1	Maisonneuve 1	May 2011	Maisonneuve 1	2
#0591F5	9	3748	5	Maisonneuve 1	Maisonneuve 1	June 2011	Maisonneuve 1	2
#0591F5	9	2755	5	Maisonneuve 1	Maisonneuve 1	July 2011	Maisonneuve 1	2
#0591F5	9	3547	5	Maisonneuve 1	Maisonneuve 1	August 2011	Maisonneuve 1	2
#0591F5	9	4568	5	Maisonneuve 1	Maisonneuve 1	September 2011	Maisonneuve 1	2
#0591F5	9	1633	5	Maisonneuve 1	Maisonneuve 1	October 2011	Maisonneuve 1	2
#0591F5	9	165	5	Maisonneuve 1	Maisonneuve 1	January 2012	Maisonneuve 1	2
#0591F5	9	227	5	Maisonneuve 1	Maisonneuve 1	February 2012	Maisonneuve 1	2
#0591F5	9	279	5	Maisonneuve 1	Maisonneuve 1	March 2012	Maisonneuve 1	2
#0591F5	9	560	5	Maisonneuve 1	Maisonneuve 1	April 2012	Maisonneuve 1	2
#0591F5	9	2700	5	Maisonneuve 1	Maisonneuve 1	May 2012	Maisonneuve 1	2
#0591F5	9	3418	5	Maisonneuve 1	Maisonneuve 1	June 2012	Maisonneuve 1	2
#0591F5	9	3524	5	Maisonneuve 1	Maisonneuve 1	July 2012	Maisonneuve 1	2
#0591F5	9	2601	5	Maisonneuve 1	Maisonneuve 1	August 2012	Maisonneuve 1	2
#0591F5	9	1828	5	Maisonneuve 1	Maisonneuve 1	September 2012	Maisonneuve 1	2
#0591F5	9	3026	5	Maisonneuve 1	Maisonneuve 1	October 2012	Maisonneuve 1	2
#0591F5	9	155	5	Maisonneuve 1	Maisonneuve 1	January 2013	Maisonneuve 1	2
#0591F5	9	59	5	Maisonneuve 1	Maisonneuve 1	February 2013	Maisonneuve 1	2
#0591F5	9	311	5	Maisonneuve 1	Maisonneuve 1	March 2013	Maisonneuve 1	2
#0591F5	9	886	5	Maisonneuve 1	Maisonneuve 1	April 2013	Maisonneuve 1	2
#0591F5	9	3313	5	Maisonneuve 1	Maisonneuve 1	May 2013	Maisonneuve 1	2
#0591F5	9	1720	5	Maisonneuve 1	Maisonneuve 1	June 2013	Maisonneuve 1	2
#0591F5	9	3668	5	Maisonneuve 1	Maisonneuve 1	July 2013	Maisonneuve 1	2
#0591F5	9	2626	5	Maisonneuve 1	Maisonneuve 1	August 2013	Maisonneuve 1	2
#0591F5	9	3748	5	Maisonneuve 1	Maisonneuve 1	September 2013	Maisonneuve 1	2
#0591F5	10	2354	5	Maisonneuve 1	Maisonneuve 1	June 2009	Maisonneuve 1	2
#0591F5	10	1545	5	Maisonneuve 1	Maisonneuve 1	August 2009	Maisonneuve 1	2
#0591F5	10	2921	5	Maisonneuve 1	Maisonneuve 1	September 2009	Maisonneuve 1	2
#0591F5	10	725	5	Maisonneuve 1	Maisonneuve 1	October 2009	Maisonneuve 1	2
#0591F5	10	1270	5	Maisonneuve 1	Maisonneuve 1	November 2009	Maisonneuve 1	2
#0591F5	10	110	5	Maisonneuve 1	Maisonneuve 1	December 2009	Maisonneuve 1	2
#0591F5	10	49	5	Maisonneuve 1	Maisonneuve 1	January 2010	Maisonneuve 1	2
#0591F5	10	199	5	Maisonneuve 1	Maisonneuve 1	February 2010	Maisonneuve 1	2
#0591F5	10	759	5	Maisonneuve 1	Maisonneuve 1	March 2010	Maisonneuve 1	2
#0591F5	10	724	5	Maisonneuve 1	Maisonneuve 1	April 2010	Maisonneuve 1	2
#0591F5	10	2149	5	Maisonneuve 1	Maisonneuve 1	May 2010	Maisonneuve 1	2
#0591F5	10	1591	5	Maisonneuve 1	Maisonneuve 1	June 2010	Maisonneuve 1	2
#0591F5	10	2276	5	Maisonneuve 1	Maisonneuve 1	July 2010	Maisonneuve 1	2
#0591F5	10	3269	5	Maisonneuve 1	Maisonneuve 1	August 2010	Maisonneuve 1	2
#0591F5	10	832	5	Maisonneuve 1	Maisonneuve 1	October 2010	Maisonneuve 1	2
#0591F5	10	1732	5	Maisonneuve 1	Maisonneuve 1	November 2010	Maisonneuve 1	2
#0591F5	10	162	5	Maisonneuve 1	Maisonneuve 1	December 2010	Maisonneuve 1	2
#0591F5	10	190	5	Maisonneuve 1	Maisonneuve 1	January 2011	Maisonneuve 1	2
#0591F5	10	123	5	Maisonneuve 1	Maisonneuve 1	February 2011	Maisonneuve 1	2
#0591F5	10	32	5	Maisonneuve 1	Maisonneuve 1	March 2011	Maisonneuve 1	2
#0591F5	10	676	5	Maisonneuve 1	Maisonneuve 1	April 2011	Maisonneuve 1	2
#0591F5	10	3839	5	Maisonneuve 1	Maisonneuve 1	May 2011	Maisonneuve 1	2
#0591F5	10	5039	5	Maisonneuve 1	Maisonneuve 1	June 2011	Maisonneuve 1	2
#0591F5	10	2115	5	Maisonneuve 1	Maisonneuve 1	July 2011	Maisonneuve 1	2
#0591F5	10	2515	5	Maisonneuve 1	Maisonneuve 1	August 2011	Maisonneuve 1	2
#0591F5	10	2833	5	Maisonneuve 1	Maisonneuve 1	September 2011	Maisonneuve 1	2
#0591F5	10	1577	5	Maisonneuve 1	Maisonneuve 1	October 2011	Maisonneuve 1	2
#0591F5	10	238	5	Maisonneuve 1	Maisonneuve 1	January 2012	Maisonneuve 1	2
#0591F5	10	206	5	Maisonneuve 1	Maisonneuve 1	February 2012	Maisonneuve 1	2
#0591F5	10	162	5	Maisonneuve 1	Maisonneuve 1	March 2012	Maisonneuve 1	2
#0591F5	10	1588	5	Maisonneuve 1	Maisonneuve 1	April 2012	Maisonneuve 1	2
#0591F5	10	2130	5	Maisonneuve 1	Maisonneuve 1	May 2012	Maisonneuve 1	2
#0591F5	10	2905	5	Maisonneuve 1	Maisonneuve 1	June 2012	Maisonneuve 1	2
#0591F5	10	4064	5	Maisonneuve 1	Maisonneuve 1	July 2012	Maisonneuve 1	2
#0591F5	10	1727	5	Maisonneuve 1	Maisonneuve 1	August 2012	Maisonneuve 1	2
#0591F5	10	3718	5	Maisonneuve 1	Maisonneuve 1	September 2012	Maisonneuve 1	2
#0591F5	10	2081	5	Maisonneuve 1	Maisonneuve 1	October 2012	Maisonneuve 1	2
#0591F5	10	232	5	Maisonneuve 1	Maisonneuve 1	January 2013	Maisonneuve 1	2
#0591F5	10	61	5	Maisonneuve 1	Maisonneuve 1	February 2013	Maisonneuve 1	2
#0591F5	10	204	5	Maisonneuve 1	Maisonneuve 1	March 2013	Maisonneuve 1	2
#0591F5	10	1328	5	Maisonneuve 1	Maisonneuve 1	April 2013	Maisonneuve 1	2
#0591F5	10	3560	5	Maisonneuve 1	Maisonneuve 1	May 2013	Maisonneuve 1	2
#0591F5	10	3484	5	Maisonneuve 1	Maisonneuve 1	June 2013	Maisonneuve 1	2
#0591F5	10	2461	5	Maisonneuve 1	Maisonneuve 1	July 2013	Maisonneuve 1	2
#0591F5	10	2096	5	Maisonneuve 1	Maisonneuve 1	August 2013	Maisonneuve 1	2
#0591F5	10	2279	5	Maisonneuve 1	Maisonneuve 1	September 2013	Maisonneuve 1	2
#0591F5	11	2648	5	Maisonneuve 1	Maisonneuve 1	June 2009	Maisonneuve 1	2
#0591F5	11	1735	5	Maisonneuve 1	Maisonneuve 1	August 2009	Maisonneuve 1	2
#0591F5	11	2640	5	Maisonneuve 1	Maisonneuve 1	September 2009	Maisonneuve 1	2
#0591F5	11	546	5	Maisonneuve 1	Maisonneuve 1	October 2009	Maisonneuve 1	2
#0591F5	11	1145	5	Maisonneuve 1	Maisonneuve 1	November 2009	Maisonneuve 1	2
#0591F5	11	77	5	Maisonneuve 1	Maisonneuve 1	December 2009	Maisonneuve 1	2
#0591F5	11	125	5	Maisonneuve 1	Maisonneuve 1	January 2010	Maisonneuve 1	2
#0591F5	11	233	5	Maisonneuve 1	Maisonneuve 1	February 2010	Maisonneuve 1	2
#0591F5	11	789	5	Maisonneuve 1	Maisonneuve 1	March 2010	Maisonneuve 1	2
#0591F5	11	722	5	Maisonneuve 1	Maisonneuve 1	April 2010	Maisonneuve 1	2
#0591F5	11	2936	5	Maisonneuve 1	Maisonneuve 1	May 2010	Maisonneuve 1	2
#0591F5	11	3945	5	Maisonneuve 1	Maisonneuve 1	June 2010	Maisonneuve 1	2
#0591F5	11	1855	5	Maisonneuve 1	Maisonneuve 1	July 2010	Maisonneuve 1	2
#0591F5	11	3790	5	Maisonneuve 1	Maisonneuve 1	August 2010	Maisonneuve 1	2
#0591F5	11	983	5	Maisonneuve 1	Maisonneuve 1	October 2010	Maisonneuve 1	2
#0591F5	11	1597	5	Maisonneuve 1	Maisonneuve 1	November 2010	Maisonneuve 1	2
#0591F5	11	79	5	Maisonneuve 1	Maisonneuve 1	December 2010	Maisonneuve 1	2
#0591F5	11	190	5	Maisonneuve 1	Maisonneuve 1	January 2011	Maisonneuve 1	2
#0591F5	11	138	5	Maisonneuve 1	Maisonneuve 1	February 2011	Maisonneuve 1	2
#0591F5	11	91	5	Maisonneuve 1	Maisonneuve 1	March 2011	Maisonneuve 1	2
#0591F5	11	693	5	Maisonneuve 1	Maisonneuve 1	April 2011	Maisonneuve 1	2
#0591F5	11	3215	5	Maisonneuve 1	Maisonneuve 1	May 2011	Maisonneuve 1	2
#0591F5	11	2112	5	Maisonneuve 1	Maisonneuve 1	June 2011	Maisonneuve 1	2
#0591F5	11	3236	5	Maisonneuve 1	Maisonneuve 1	July 2011	Maisonneuve 1	2
#0591F5	11	3420	5	Maisonneuve 1	Maisonneuve 1	August 2011	Maisonneuve 1	2
#0591F5	11	2172	5	Maisonneuve 1	Maisonneuve 1	September 2011	Maisonneuve 1	2
#0591F5	11	3376	5	Maisonneuve 1	Maisonneuve 1	October 2011	Maisonneuve 1	2
#0591F5	11	182	5	Maisonneuve 1	Maisonneuve 1	January 2012	Maisonneuve 1	2
#0591F5	11	63	5	Maisonneuve 1	Maisonneuve 1	February 2012	Maisonneuve 1	2
#0591F5	11	253	5	Maisonneuve 1	Maisonneuve 1	March 2012	Maisonneuve 1	2
#0591F5	11	1765	5	Maisonneuve 1	Maisonneuve 1	April 2012	Maisonneuve 1	2
#0591F5	11	3663	5	Maisonneuve 1	Maisonneuve 1	May 2012	Maisonneuve 1	2
#0591F5	11	4333	5	Maisonneuve 1	Maisonneuve 1	June 2012	Maisonneuve 1	2
#0591F5	11	3921	5	Maisonneuve 1	Maisonneuve 1	July 2012	Maisonneuve 1	2
#0591F5	11	1589	5	Maisonneuve 1	Maisonneuve 1	August 2012	Maisonneuve 1	2
#0591F5	11	4081	5	Maisonneuve 1	Maisonneuve 1	September 2012	Maisonneuve 1	2
#0591F5	11	2569	5	Maisonneuve 1	Maisonneuve 1	October 2012	Maisonneuve 1	2
#0591F5	11	199	5	Maisonneuve 1	Maisonneuve 1	January 2013	Maisonneuve 1	2
#0591F5	11	135	5	Maisonneuve 1	Maisonneuve 1	February 2013	Maisonneuve 1	2
#0591F5	11	430	5	Maisonneuve 1	Maisonneuve 1	March 2013	Maisonneuve 1	2
#0591F5	11	1183	5	Maisonneuve 1	Maisonneuve 1	April 2013	Maisonneuve 1	2
#0591F5	11	1108	5	Maisonneuve 1	Maisonneuve 1	May 2013	Maisonneuve 1	2
#0591F5	11	725	5	Maisonneuve 1	Maisonneuve 1	June 2013	Maisonneuve 1	2
#0591F5	11	3524	5	Maisonneuve 1	Maisonneuve 1	July 2013	Maisonneuve 1	2
#0591F5	11	1855	5	Maisonneuve 1	Maisonneuve 1	August 2013	Maisonneuve 1	2
#0591F5	11	3552	5	Maisonneuve 1	Maisonneuve 1	September 2013	Maisonneuve 1	2
#0591F5	12	2100	5	Maisonneuve 1	Maisonneuve 1	June 2009	Maisonneuve 1	2
#0591F5	12	2368	5	Maisonneuve 1	Maisonneuve 1	August 2009	Maisonneuve 1	2
#0591F5	12	1759	5	Maisonneuve 1	Maisonneuve 1	September 2009	Maisonneuve 1	2
#0591F5	12	573	5	Maisonneuve 1	Maisonneuve 1	October 2009	Maisonneuve 1	2
#0591F5	12	1137	5	Maisonneuve 1	Maisonneuve 1	November 2009	Maisonneuve 1	2
#0591F5	12	84	5	Maisonneuve 1	Maisonneuve 1	December 2009	Maisonneuve 1	2
#0591F5	12	151	5	Maisonneuve 1	Maisonneuve 1	January 2010	Maisonneuve 1	2
#0591F5	12	218	5	Maisonneuve 1	Maisonneuve 1	February 2010	Maisonneuve 1	2
#0591F5	12	671	5	Maisonneuve 1	Maisonneuve 1	March 2010	Maisonneuve 1	2
#0591F5	12	1606	5	Maisonneuve 1	Maisonneuve 1	April 2010	Maisonneuve 1	2
#0591F5	12	3163	5	Maisonneuve 1	Maisonneuve 1	May 2010	Maisonneuve 1	2
#0591F5	12	2823	5	Maisonneuve 1	Maisonneuve 1	June 2010	Maisonneuve 1	2
#0591F5	12	3300	5	Maisonneuve 1	Maisonneuve 1	July 2010	Maisonneuve 1	2
#0591F5	12	3698	5	Maisonneuve 1	Maisonneuve 1	August 2010	Maisonneuve 1	2
#0591F5	12	2617	5	Maisonneuve 1	Maisonneuve 1	October 2010	Maisonneuve 1	2
#0591F5	12	1751	5	Maisonneuve 1	Maisonneuve 1	November 2010	Maisonneuve 1	2
#0591F5	12	29	5	Maisonneuve 1	Maisonneuve 1	December 2010	Maisonneuve 1	2
#0591F5	12	199	5	Maisonneuve 1	Maisonneuve 1	January 2011	Maisonneuve 1	2
#0591F5	12	48	5	Maisonneuve 1	Maisonneuve 1	February 2011	Maisonneuve 1	2
#0591F5	12	72	5	Maisonneuve 1	Maisonneuve 1	March 2011	Maisonneuve 1	2
#0591F5	12	1846	5	Maisonneuve 1	Maisonneuve 1	April 2011	Maisonneuve 1	2
#0591F5	12	3918	5	Maisonneuve 1	Maisonneuve 1	May 2011	Maisonneuve 1	2
#0591F5	12	774	5	Maisonneuve 1	Maisonneuve 1	June 2011	Maisonneuve 1	2
#0591F5	12	3898	5	Maisonneuve 1	Maisonneuve 1	July 2011	Maisonneuve 1	2
#0591F5	12	3504	5	Maisonneuve 1	Maisonneuve 1	August 2011	Maisonneuve 1	2
#0591F5	12	3533	5	Maisonneuve 1	Maisonneuve 1	September 2011	Maisonneuve 1	2
#0591F5	12	2986	5	Maisonneuve 1	Maisonneuve 1	October 2011	Maisonneuve 1	2
#0591F5	12	134	5	Maisonneuve 1	Maisonneuve 1	January 2012	Maisonneuve 1	2
#0591F5	12	36	5	Maisonneuve 1	Maisonneuve 1	February 2012	Maisonneuve 1	2
#0591F5	12	618	5	Maisonneuve 1	Maisonneuve 1	March 2012	Maisonneuve 1	2
#0591F5	12	2306	5	Maisonneuve 1	Maisonneuve 1	April 2012	Maisonneuve 1	2
#0591F5	12	2429	5	Maisonneuve 1	Maisonneuve 1	May 2012	Maisonneuve 1	2
#0591F5	12	2362	5	Maisonneuve 1	Maisonneuve 1	June 2012	Maisonneuve 1	2
#0591F5	12	3772	5	Maisonneuve 1	Maisonneuve 1	July 2012	Maisonneuve 1	2
#0591F5	12	1937	5	Maisonneuve 1	Maisonneuve 1	August 2012	Maisonneuve 1	2
#0591F5	12	4209	5	Maisonneuve 1	Maisonneuve 1	September 2012	Maisonneuve 1	2
#0591F5	12	2261	5	Maisonneuve 1	Maisonneuve 1	October 2012	Maisonneuve 1	2
#0591F5	12	138	5	Maisonneuve 1	Maisonneuve 1	January 2013	Maisonneuve 1	2
#0591F5	12	181	5	Maisonneuve 1	Maisonneuve 1	February 2013	Maisonneuve 1	2
#0591F5	12	327	5	Maisonneuve 1	Maisonneuve 1	March 2013	Maisonneuve 1	2
#0591F5	12	270	5	Maisonneuve 1	Maisonneuve 1	April 2013	Maisonneuve 1	2
#0591F5	12	1110	5	Maisonneuve 1	Maisonneuve 1	May 2013	Maisonneuve 1	2
#0591F5	12	3457	5	Maisonneuve 1	Maisonneuve 1	June 2013	Maisonneuve 1	2
#0591F5	12	3661	5	Maisonneuve 1	Maisonneuve 1	July 2013	Maisonneuve 1	2
#0591F5	12	3289	5	Maisonneuve 1	Maisonneuve 1	August 2013	Maisonneuve 1	2
#0591F5	12	2088	5	Maisonneuve 1	Maisonneuve 1	September 2013	Maisonneuve 1	2
#0591F5	13	1830	5	Maisonneuve 1	Maisonneuve 1	June 2009	Maisonneuve 1	2
#0591F5	13	2364	5	Maisonneuve 1	Maisonneuve 1	August 2009	Maisonneuve 1	2
#0591F5	13	1194	5	Maisonneuve 1	Maisonneuve 1	September 2009	Maisonneuve 1	2
#0591F5	13	911	5	Maisonneuve 1	Maisonneuve 1	October 2009	Maisonneuve 1	2
#0591F5	13	1115	5	Maisonneuve 1	Maisonneuve 1	November 2009	Maisonneuve 1	2
#0591F5	13	49	5	Maisonneuve 1	Maisonneuve 1	December 2009	Maisonneuve 1	2
#0591F5	13	113	5	Maisonneuve 1	Maisonneuve 1	January 2010	Maisonneuve 1	2
#0591F5	13	90	5	Maisonneuve 1	Maisonneuve 1	February 2010	Maisonneuve 1	2
#0591F5	13	454	5	Maisonneuve 1	Maisonneuve 1	March 2010	Maisonneuve 1	2
#0591F5	13	1897	5	Maisonneuve 1	Maisonneuve 1	April 2010	Maisonneuve 1	2
#0591F5	13	3273	5	Maisonneuve 1	Maisonneuve 1	May 2010	Maisonneuve 1	2
#0591F5	13	2799	5	Maisonneuve 1	Maisonneuve 1	June 2010	Maisonneuve 1	2
#0591F5	13	2330	5	Maisonneuve 1	Maisonneuve 1	July 2010	Maisonneuve 1	2
#0591F5	13	2841	5	Maisonneuve 1	Maisonneuve 1	August 2010	Maisonneuve 1	2
#0591F5	13	2630	5	Maisonneuve 1	Maisonneuve 1	October 2010	Maisonneuve 1	2
#0591F5	13	1063	5	Maisonneuve 1	Maisonneuve 1	November 2010	Maisonneuve 1	2
#0591F5	13	119	5	Maisonneuve 1	Maisonneuve 1	December 2010	Maisonneuve 1	2
#0591F5	13	191	5	Maisonneuve 1	Maisonneuve 1	January 2011	Maisonneuve 1	2
#0591F5	13	38	5	Maisonneuve 1	Maisonneuve 1	February 2011	Maisonneuve 1	2
#0591F5	13	63	5	Maisonneuve 1	Maisonneuve 1	March 2011	Maisonneuve 1	2
#0591F5	13	706	5	Maisonneuve 1	Maisonneuve 1	April 2011	Maisonneuve 1	2
#0591F5	13	3499	5	Maisonneuve 1	Maisonneuve 1	May 2011	Maisonneuve 1	2
#0591F5	13	1968	5	Maisonneuve 1	Maisonneuve 1	June 2011	Maisonneuve 1	2
#0591F5	13	4483	5	Maisonneuve 1	Maisonneuve 1	July 2011	Maisonneuve 1	2
#0591F5	13	2738	5	Maisonneuve 1	Maisonneuve 1	August 2011	Maisonneuve 1	2
#0591F5	13	3222	5	Maisonneuve 1	Maisonneuve 1	September 2011	Maisonneuve 1	2
#0591F5	13	2582	5	Maisonneuve 1	Maisonneuve 1	October 2011	Maisonneuve 1	2
#0591F5	13	41	5	Maisonneuve 1	Maisonneuve 1	January 2012	Maisonneuve 1	2
#0591F5	13	175	5	Maisonneuve 1	Maisonneuve 1	February 2012	Maisonneuve 1	2
#0591F5	13	321	5	Maisonneuve 1	Maisonneuve 1	March 2012	Maisonneuve 1	2
#0591F5	13	2565	5	Maisonneuve 1	Maisonneuve 1	April 2012	Maisonneuve 1	2
#0591F5	13	1703	5	Maisonneuve 1	Maisonneuve 1	May 2012	Maisonneuve 1	2
#0591F5	13	4374	5	Maisonneuve 1	Maisonneuve 1	June 2012	Maisonneuve 1	2
#0591F5	13	3525	5	Maisonneuve 1	Maisonneuve 1	July 2012	Maisonneuve 1	2
#0591F5	13	3124	5	Maisonneuve 1	Maisonneuve 1	August 2012	Maisonneuve 1	2
#0591F5	13	4369	5	Maisonneuve 1	Maisonneuve 1	September 2012	Maisonneuve 1	2
#0591F5	13	1205	5	Maisonneuve 1	Maisonneuve 1	October 2012	Maisonneuve 1	2
#0591F5	13	74	5	Maisonneuve 1	Maisonneuve 1	January 2013	Maisonneuve 1	2
#0591F5	13	239	5	Maisonneuve 1	Maisonneuve 1	February 2013	Maisonneuve 1	2
#0591F5	13	547	5	Maisonneuve 1	Maisonneuve 1	March 2013	Maisonneuve 1	2
#0591F5	13	172	5	Maisonneuve 1	Maisonneuve 1	April 2013	Maisonneuve 1	2
#0591F5	13	1879	5	Maisonneuve 1	Maisonneuve 1	May 2013	Maisonneuve 1	2
#0591F5	13	4265	5	Maisonneuve 1	Maisonneuve 1	June 2013	Maisonneuve 1	2
#0591F5	13	2434	5	Maisonneuve 1	Maisonneuve 1	July 2013	Maisonneuve 1	2
#0591F5	13	2469	5	Maisonneuve 1	Maisonneuve 1	August 2013	Maisonneuve 1	2
#0591F5	13	2886	5	Maisonneuve 1	Maisonneuve 1	September 2013	Maisonneuve 1	2
#0591F5	14	1706	5	Maisonneuve 1	Maisonneuve 1	June 2009	Maisonneuve 1	2
#0591F5	14	2125	5	Maisonneuve 1	Maisonneuve 1	August 2009	Maisonneuve 1	2
#0591F5	14	2097	5	Maisonneuve 1	Maisonneuve 1	September 2009	Maisonneuve 1	2
#0591F5	14	1358	5	Maisonneuve 1	Maisonneuve 1	October 2009	Maisonneuve 1	2
#0591F5	14	269	5	Maisonneuve 1	Maisonneuve 1	November 2009	Maisonneuve 1	2
#0591F5	14	123	5	Maisonneuve 1	Maisonneuve 1	December 2009	Maisonneuve 1	2
#0591F5	14	161	5	Maisonneuve 1	Maisonneuve 1	January 2010	Maisonneuve 1	2
#0591F5	14	66	5	Maisonneuve 1	Maisonneuve 1	February 2010	Maisonneuve 1	2
#0591F5	14	96	5	Maisonneuve 1	Maisonneuve 1	March 2010	Maisonneuve 1	2
#0591F5	14	1991	5	Maisonneuve 1	Maisonneuve 1	April 2010	Maisonneuve 1	2
#0591F5	14	2114	5	Maisonneuve 1	Maisonneuve 1	May 2010	Maisonneuve 1	2
#0591F5	14	2730	5	Maisonneuve 1	Maisonneuve 1	June 2010	Maisonneuve 1	2
#0591F5	14	3939	5	Maisonneuve 1	Maisonneuve 1	July 2010	Maisonneuve 1	2
#0591F5	14	1141	5	Maisonneuve 1	Maisonneuve 1	August 2010	Maisonneuve 1	2
#0591F5	14	2301	5	Maisonneuve 1	Maisonneuve 1	October 2010	Maisonneuve 1	2
#0591F5	14	765	5	Maisonneuve 1	Maisonneuve 1	November 2010	Maisonneuve 1	2
#0591F5	14	66	5	Maisonneuve 1	Maisonneuve 1	December 2010	Maisonneuve 1	2
#0591F5	14	175	5	Maisonneuve 1	Maisonneuve 1	January 2011	Maisonneuve 1	2
#0591F5	14	44	5	Maisonneuve 1	Maisonneuve 1	February 2011	Maisonneuve 1	2
#0591F5	14	200	5	Maisonneuve 1	Maisonneuve 1	March 2011	Maisonneuve 1	2
#0591F5	14	1357	5	Maisonneuve 1	Maisonneuve 1	April 2011	Maisonneuve 1	2
#0591F5	14	419	5	Maisonneuve 1	Maisonneuve 1	May 2011	Maisonneuve 1	2
#0591F5	14	4743	5	Maisonneuve 1	Maisonneuve 1	June 2011	Maisonneuve 1	2
#0591F5	14	4655	5	Maisonneuve 1	Maisonneuve 1	July 2011	Maisonneuve 1	2
#0591F5	14	2265	5	Maisonneuve 1	Maisonneuve 1	August 2011	Maisonneuve 1	2
#0591F5	14	4078	5	Maisonneuve 1	Maisonneuve 1	September 2011	Maisonneuve 1	2
#0591F5	14	1008	5	Maisonneuve 1	Maisonneuve 1	October 2011	Maisonneuve 1	2
#0591F5	14	54	5	Maisonneuve 1	Maisonneuve 1	January 2012	Maisonneuve 1	2
#0591F5	14	186	5	Maisonneuve 1	Maisonneuve 1	February 2012	Maisonneuve 1	2
#0591F5	14	313	5	Maisonneuve 1	Maisonneuve 1	March 2012	Maisonneuve 1	2
#0591F5	14	1639	5	Maisonneuve 1	Maisonneuve 1	April 2012	Maisonneuve 1	2
#0591F5	14	4402	5	Maisonneuve 1	Maisonneuve 1	May 2012	Maisonneuve 1	2
#0591F5	14	4809	5	Maisonneuve 1	Maisonneuve 1	June 2012	Maisonneuve 1	2
#0591F5	14	2441	5	Maisonneuve 1	Maisonneuve 1	July 2012	Maisonneuve 1	2
#0591F5	14	3571	5	Maisonneuve 1	Maisonneuve 1	August 2012	Maisonneuve 1	2
#0591F5	14	3480	5	Maisonneuve 1	Maisonneuve 1	September 2012	Maisonneuve 1	2
#0591F5	14	443	5	Maisonneuve 1	Maisonneuve 1	October 2012	Maisonneuve 1	2
#0591F5	14	349	5	Maisonneuve 1	Maisonneuve 1	January 2013	Maisonneuve 1	2
#0591F5	14	290	5	Maisonneuve 1	Maisonneuve 1	February 2013	Maisonneuve 1	2
#0591F5	14	320	5	Maisonneuve 1	Maisonneuve 1	March 2013	Maisonneuve 1	2
#0591F5	14	495	5	Maisonneuve 1	Maisonneuve 1	April 2013	Maisonneuve 1	2
#0591F5	14	3437	5	Maisonneuve 1	Maisonneuve 1	May 2013	Maisonneuve 1	2
#0591F5	14	4190	5	Maisonneuve 1	Maisonneuve 1	June 2013	Maisonneuve 1	2
#0591F5	14	1878	5	Maisonneuve 1	Maisonneuve 1	July 2013	Maisonneuve 1	2
#0591F5	14	2304	5	Maisonneuve 1	Maisonneuve 1	August 2013	Maisonneuve 1	2
#0591F5	14	1706	5	Maisonneuve 1	Maisonneuve 1	September 2013	Maisonneuve 1	2
#0591F5	15	1922	5	Maisonneuve 1	Maisonneuve 1	June 2009	Maisonneuve 1	2
#0591F5	15	1573	5	Maisonneuve 1	Maisonneuve 1	August 2009	Maisonneuve 1	2
#0591F5	15	2513	5	Maisonneuve 1	Maisonneuve 1	September 2009	Maisonneuve 1	2
#0591F5	15	1304	5	Maisonneuve 1	Maisonneuve 1	October 2009	Maisonneuve 1	2
#0591F5	15	425	5	Maisonneuve 1	Maisonneuve 1	November 2009	Maisonneuve 1	2
#0591F5	15	143	5	Maisonneuve 1	Maisonneuve 1	December 2009	Maisonneuve 1	2
#0591F5	15	174	5	Maisonneuve 1	Maisonneuve 1	January 2010	Maisonneuve 1	2
#0591F5	15	169	5	Maisonneuve 1	Maisonneuve 1	February 2010	Maisonneuve 1	2
#0591F5	15	742	5	Maisonneuve 1	Maisonneuve 1	March 2010	Maisonneuve 1	2
#0591F5	15	1769	5	Maisonneuve 1	Maisonneuve 1	April 2010	Maisonneuve 1	2
#0591F5	15	1063	5	Maisonneuve 1	Maisonneuve 1	May 2010	Maisonneuve 1	2
#0591F5	15	5077	5	Maisonneuve 1	Maisonneuve 1	June 2010	Maisonneuve 1	2
#0591F5	15	4040	5	Maisonneuve 1	Maisonneuve 1	July 2010	Maisonneuve 1	2
#0591F5	15	5	5	Maisonneuve 1	Maisonneuve 1	August 2010	Maisonneuve 1	2
#0591F5	15	481	5	Maisonneuve 1	Maisonneuve 1	October 2010	Maisonneuve 1	2
#0591F5	15	1389	5	Maisonneuve 1	Maisonneuve 1	November 2010	Maisonneuve 1	2
#0591F5	15	105	5	Maisonneuve 1	Maisonneuve 1	December 2010	Maisonneuve 1	2
#0591F5	15	47	5	Maisonneuve 1	Maisonneuve 1	January 2011	Maisonneuve 1	2
#0591F5	15	96	5	Maisonneuve 1	Maisonneuve 1	February 2011	Maisonneuve 1	2
#0591F5	15	310	5	Maisonneuve 1	Maisonneuve 1	March 2011	Maisonneuve 1	2
#0591F5	15	1447	5	Maisonneuve 1	Maisonneuve 1	April 2011	Maisonneuve 1	2
#0591F5	15	531	5	Maisonneuve 1	Maisonneuve 1	May 2011	Maisonneuve 1	2
#0591F5	15	5092	5	Maisonneuve 1	Maisonneuve 1	June 2011	Maisonneuve 1	2
#0591F5	15	4401	5	Maisonneuve 1	Maisonneuve 1	July 2011	Maisonneuve 1	2
#0591F5	15	3003	5	Maisonneuve 1	Maisonneuve 1	August 2011	Maisonneuve 1	2
#0591F5	15	1752	5	Maisonneuve 1	Maisonneuve 1	September 2011	Maisonneuve 1	2
#0591F5	15	1025	5	Maisonneuve 1	Maisonneuve 1	October 2011	Maisonneuve 1	2
#0591F5	15	33	5	Maisonneuve 1	Maisonneuve 1	January 2012	Maisonneuve 1	2
#0591F5	15	180	5	Maisonneuve 1	Maisonneuve 1	February 2012	Maisonneuve 1	2
#0591F5	15	562	5	Maisonneuve 1	Maisonneuve 1	March 2012	Maisonneuve 1	2
#0591F5	15	1637	5	Maisonneuve 1	Maisonneuve 1	April 2012	Maisonneuve 1	2
#0591F5	15	3144	5	Maisonneuve 1	Maisonneuve 1	May 2012	Maisonneuve 1	2
#0591F5	15	4999	5	Maisonneuve 1	Maisonneuve 1	June 2012	Maisonneuve 1	2
#0591F5	15	1798	5	Maisonneuve 1	Maisonneuve 1	July 2012	Maisonneuve 1	2
#0591F5	15	2936	5	Maisonneuve 1	Maisonneuve 1	August 2012	Maisonneuve 1	2
#0591F5	15	1900	5	Maisonneuve 1	Maisonneuve 1	September 2012	Maisonneuve 1	2
#0591F5	15	2165	5	Maisonneuve 1	Maisonneuve 1	October 2012	Maisonneuve 1	2
#0591F5	15	365	5	Maisonneuve 1	Maisonneuve 1	January 2013	Maisonneuve 1	2
#0591F5	15	208	5	Maisonneuve 1	Maisonneuve 1	February 2013	Maisonneuve 1	2
#0591F5	15	415	5	Maisonneuve 1	Maisonneuve 1	March 2013	Maisonneuve 1	2
#0591F5	15	1810	5	Maisonneuve 1	Maisonneuve 1	April 2013	Maisonneuve 1	2
#0591F5	15	2404	5	Maisonneuve 1	Maisonneuve 1	May 2013	Maisonneuve 1	2
#0591F5	15	3007	5	Maisonneuve 1	Maisonneuve 1	June 2013	Maisonneuve 1	2
#0591F5	15	2948	5	Maisonneuve 1	Maisonneuve 1	July 2013	Maisonneuve 1	2
#0591F5	15	3604	5	Maisonneuve 1	Maisonneuve 1	August 2013	Maisonneuve 1	2
#0591F5	15	1417	5	Maisonneuve 1	Maisonneuve 1	September 2013	Maisonneuve 1	2
#0591F5	16	3499	5	Maisonneuve 1	Maisonneuve 1	June 2009	Maisonneuve 1	2
#0591F5	16	1313	5	Maisonneuve 1	Maisonneuve 1	August 2009	Maisonneuve 1	2
#0591F5	16	2589	5	Maisonneuve 1	Maisonneuve 1	September 2009	Maisonneuve 1	2
#0591F5	16	1254	5	Maisonneuve 1	Maisonneuve 1	October 2009	Maisonneuve 1	2
#0591F5	16	1003	5	Maisonneuve 1	Maisonneuve 1	November 2009	Maisonneuve 1	2
#0591F5	16	155	5	Maisonneuve 1	Maisonneuve 1	December 2009	Maisonneuve 1	2
#0591F5	16	68	5	Maisonneuve 1	Maisonneuve 1	January 2010	Maisonneuve 1	2
#0591F5	16	220	5	Maisonneuve 1	Maisonneuve 1	February 2010	Maisonneuve 1	2
#0591F5	16	1115	5	Maisonneuve 1	Maisonneuve 1	March 2010	Maisonneuve 1	2
#0591F5	16	562	5	Maisonneuve 1	Maisonneuve 1	April 2010	Maisonneuve 1	2
#0591F5	16	1904	5	Maisonneuve 1	Maisonneuve 1	May 2010	Maisonneuve 1	2
#0591F5	16	2363	5	Maisonneuve 1	Maisonneuve 1	June 2010	Maisonneuve 1	2
#0591F5	16	2853	5	Maisonneuve 1	Maisonneuve 1	July 2010	Maisonneuve 1	2
#0591F5	16	1115	5	Maisonneuve 1	Maisonneuve 1	October 2010	Maisonneuve 1	2
#0591F5	16	1682	5	Maisonneuve 1	Maisonneuve 1	November 2010	Maisonneuve 1	2
#0591F5	16	63	5	Maisonneuve 1	Maisonneuve 1	December 2010	Maisonneuve 1	2
#0591F5	16	49	5	Maisonneuve 1	Maisonneuve 1	January 2011	Maisonneuve 1	2
#0591F5	16	117	5	Maisonneuve 1	Maisonneuve 1	February 2011	Maisonneuve 1	2
#0591F5	16	204	5	Maisonneuve 1	Maisonneuve 1	March 2011	Maisonneuve 1	2
#0591F5	16	387	5	Maisonneuve 1	Maisonneuve 1	April 2011	Maisonneuve 1	2
#0591F5	16	516	5	Maisonneuve 1	Maisonneuve 1	May 2011	Maisonneuve 1	2
#0591F5	16	5186	5	Maisonneuve 1	Maisonneuve 1	June 2011	Maisonneuve 1	2
#0591F5	16	3207	5	Maisonneuve 1	Maisonneuve 1	July 2011	Maisonneuve 1	2
#0591F5	16	3861	5	Maisonneuve 1	Maisonneuve 1	August 2011	Maisonneuve 1	2
#0591F5	16	3311	5	Maisonneuve 1	Maisonneuve 1	September 2011	Maisonneuve 1	2
#0591F5	16	968	5	Maisonneuve 1	Maisonneuve 1	October 2011	Maisonneuve 1	2
#0591F5	16	136	5	Maisonneuve 1	Maisonneuve 1	January 2012	Maisonneuve 1	2
#0591F5	16	212	5	Maisonneuve 1	Maisonneuve 1	February 2012	Maisonneuve 1	2
#0591F5	16	305	5	Maisonneuve 1	Maisonneuve 1	March 2012	Maisonneuve 1	2
#0591F5	16	2723	5	Maisonneuve 1	Maisonneuve 1	April 2012	Maisonneuve 1	2
#0591F5	16	3681	5	Maisonneuve 1	Maisonneuve 1	May 2012	Maisonneuve 1	2
#0591F5	16	3099	5	Maisonneuve 1	Maisonneuve 1	June 2012	Maisonneuve 1	2
#0591F5	16	3141	5	Maisonneuve 1	Maisonneuve 1	July 2012	Maisonneuve 1	2
#0591F5	16	3898	5	Maisonneuve 1	Maisonneuve 1	August 2012	Maisonneuve 1	2
#0591F5	16	1614	5	Maisonneuve 1	Maisonneuve 1	September 2012	Maisonneuve 1	2
#0591F5	16	2684	5	Maisonneuve 1	Maisonneuve 1	October 2012	Maisonneuve 1	2
#0591F5	16	360	5	Maisonneuve 1	Maisonneuve 1	January 2013	Maisonneuve 1	2
#0591F5	16	120	5	Maisonneuve 1	Maisonneuve 1	February 2013	Maisonneuve 1	2
#0591F5	16	175	5	Maisonneuve 1	Maisonneuve 1	March 2013	Maisonneuve 1	2
#0591F5	16	934	5	Maisonneuve 1	Maisonneuve 1	April 2013	Maisonneuve 1	2
#0591F5	16	3458	5	Maisonneuve 1	Maisonneuve 1	May 2013	Maisonneuve 1	2
#0591F5	16	755	5	Maisonneuve 1	Maisonneuve 1	June 2013	Maisonneuve 1	2
#0591F5	16	3349	5	Maisonneuve 1	Maisonneuve 1	July 2013	Maisonneuve 1	2
#0591F5	16	3166	5	Maisonneuve 1	Maisonneuve 1	August 2013	Maisonneuve 1	2
#0591F5	16	2799	5	Maisonneuve 1	Maisonneuve 1	September 2013	Maisonneuve 1	2
#0591F5	17	3388	5	Maisonneuve 1	Maisonneuve 1	June 2009	Maisonneuve 1	2
#0591F5	17	1773	5	Maisonneuve 1	Maisonneuve 1	August 2009	Maisonneuve 1	2
#0591F5	17	2647	5	Maisonneuve 1	Maisonneuve 1	September 2009	Maisonneuve 1	2
#0591F5	17	727	5	Maisonneuve 1	Maisonneuve 1	October 2009	Maisonneuve 1	2
#0591F5	17	1006	5	Maisonneuve 1	Maisonneuve 1	November 2009	Maisonneuve 1	2
#0591F5	17	118	5	Maisonneuve 1	Maisonneuve 1	December 2009	Maisonneuve 1	2
#0591F5	17	62	5	Maisonneuve 1	Maisonneuve 1	January 2010	Maisonneuve 1	2
#0591F5	17	225	5	Maisonneuve 1	Maisonneuve 1	February 2010	Maisonneuve 1	2
#0591F5	17	1129	5	Maisonneuve 1	Maisonneuve 1	March 2010	Maisonneuve 1	2
#0591F5	17	504	5	Maisonneuve 1	Maisonneuve 1	April 2010	Maisonneuve 1	2
#0591F5	17	3442	5	Maisonneuve 1	Maisonneuve 1	May 2010	Maisonneuve 1	2
#0591F5	17	3472	5	Maisonneuve 1	Maisonneuve 1	June 2010	Maisonneuve 1	2
#0591F5	17	1746	5	Maisonneuve 1	Maisonneuve 1	July 2010	Maisonneuve 1	2
#0591F5	17	1052	5	Maisonneuve 1	Maisonneuve 1	October 2010	Maisonneuve 1	2
#0591F5	17	641	5	Maisonneuve 1	Maisonneuve 1	November 2010	Maisonneuve 1	2
#0591F5	17	143	5	Maisonneuve 1	Maisonneuve 1	December 2010	Maisonneuve 1	2
#0591F5	17	109	5	Maisonneuve 1	Maisonneuve 1	January 2011	Maisonneuve 1	2
#0591F5	17	152	5	Maisonneuve 1	Maisonneuve 1	February 2011	Maisonneuve 1	2
#0591F5	17	377	5	Maisonneuve 1	Maisonneuve 1	March 2011	Maisonneuve 1	2
#0591F5	17	443	5	Maisonneuve 1	Maisonneuve 1	April 2011	Maisonneuve 1	2
#0591F5	17	1677	5	Maisonneuve 1	Maisonneuve 1	May 2011	Maisonneuve 1	2
#0591F5	17	5355	5	Maisonneuve 1	Maisonneuve 1	June 2011	Maisonneuve 1	2
#0591F5	17	2099	5	Maisonneuve 1	Maisonneuve 1	July 2011	Maisonneuve 1	2
#0591F5	17	4164	5	Maisonneuve 1	Maisonneuve 1	August 2011	Maisonneuve 1	2
#0591F5	17	2030	5	Maisonneuve 1	Maisonneuve 1	September 2011	Maisonneuve 1	2
#0591F5	17	2095	5	Maisonneuve 1	Maisonneuve 1	October 2011	Maisonneuve 1	2
#0591F5	17	86	5	Maisonneuve 1	Maisonneuve 1	January 2012	Maisonneuve 1	2
#0591F5	17	237	5	Maisonneuve 1	Maisonneuve 1	February 2012	Maisonneuve 1	2
#0591F5	17	422	5	Maisonneuve 1	Maisonneuve 1	March 2012	Maisonneuve 1	2
#0591F5	17	2636	5	Maisonneuve 1	Maisonneuve 1	April 2012	Maisonneuve 1	2
#0591F5	17	4182	5	Maisonneuve 1	Maisonneuve 1	May 2012	Maisonneuve 1	2
#0591F5	17	2082	5	Maisonneuve 1	Maisonneuve 1	June 2012	Maisonneuve 1	2
#0591F5	17	2001	5	Maisonneuve 1	Maisonneuve 1	July 2012	Maisonneuve 1	2
#0591F5	17	3099	5	Maisonneuve 1	Maisonneuve 1	August 2012	Maisonneuve 1	2
#0591F5	17	3670	5	Maisonneuve 1	Maisonneuve 1	September 2012	Maisonneuve 1	2
#0591F5	17	2645	5	Maisonneuve 1	Maisonneuve 1	October 2012	Maisonneuve 1	2
#0591F5	17	187	5	Maisonneuve 1	Maisonneuve 1	January 2013	Maisonneuve 1	2
#0591F5	17	65	5	Maisonneuve 1	Maisonneuve 1	February 2013	Maisonneuve 1	2
#0591F5	17	193	5	Maisonneuve 1	Maisonneuve 1	March 2013	Maisonneuve 1	2
#0591F5	17	2415	5	Maisonneuve 1	Maisonneuve 1	April 2013	Maisonneuve 1	2
#0591F5	17	4009	5	Maisonneuve 1	Maisonneuve 1	May 2013	Maisonneuve 1	2
#0591F5	17	3232	5	Maisonneuve 1	Maisonneuve 1	June 2013	Maisonneuve 1	2
#0591F5	17	2745	5	Maisonneuve 1	Maisonneuve 1	July 2013	Maisonneuve 1	2
#0591F5	17	2582	5	Maisonneuve 1	Maisonneuve 1	August 2013	Maisonneuve 1	2
#0591F5	17	3563	5	Maisonneuve 1	Maisonneuve 1	September 2013	Maisonneuve 1	2
#0591F5	18	1324	5	Maisonneuve 1	Maisonneuve 1	June 2009	Maisonneuve 1	2
#0591F5	18	2121	5	Maisonneuve 1	Maisonneuve 1	August 2009	Maisonneuve 1	2
#0591F5	18	1553	5	Maisonneuve 1	Maisonneuve 1	September 2009	Maisonneuve 1	2
#0591F5	18	625	5	Maisonneuve 1	Maisonneuve 1	October 2009	Maisonneuve 1	2
#0591F5	18	1046	5	Maisonneuve 1	Maisonneuve 1	November 2009	Maisonneuve 1	2
#0591F5	18	119	5	Maisonneuve 1	Maisonneuve 1	December 2009	Maisonneuve 1	2
#0591F5	18	152	5	Maisonneuve 1	Maisonneuve 1	January 2010	Maisonneuve 1	2
#0591F5	18	239	5	Maisonneuve 1	Maisonneuve 1	February 2010	Maisonneuve 1	2
#0591F5	18	1070	5	Maisonneuve 1	Maisonneuve 1	March 2010	Maisonneuve 1	2
#0591F5	18	355	5	Maisonneuve 1	Maisonneuve 1	April 2010	Maisonneuve 1	2
#0591F5	18	3776	5	Maisonneuve 1	Maisonneuve 1	May 2010	Maisonneuve 1	2
#0591F5	18	4909	5	Maisonneuve 1	Maisonneuve 1	June 2010	Maisonneuve 1	2
#0591F5	18	2377	5	Maisonneuve 1	Maisonneuve 1	July 2010	Maisonneuve 1	2
#0591F5	18	2223	5	Maisonneuve 1	Maisonneuve 1	October 2010	Maisonneuve 1	2
#0591F5	18	1433	5	Maisonneuve 1	Maisonneuve 1	November 2010	Maisonneuve 1	2
#0591F5	18	61	5	Maisonneuve 1	Maisonneuve 1	December 2010	Maisonneuve 1	2
#0591F5	18	181	5	Maisonneuve 1	Maisonneuve 1	January 2011	Maisonneuve 1	2
#0591F5	18	179	5	Maisonneuve 1	Maisonneuve 1	February 2011	Maisonneuve 1	2
#0591F5	18	349	5	Maisonneuve 1	Maisonneuve 1	March 2011	Maisonneuve 1	2
#0591F5	18	1129	5	Maisonneuve 1	Maisonneuve 1	April 2011	Maisonneuve 1	2
#0591F5	18	2385	5	Maisonneuve 1	Maisonneuve 1	May 2011	Maisonneuve 1	2
#0591F5	18	3566	5	Maisonneuve 1	Maisonneuve 1	June 2011	Maisonneuve 1	2
#0591F5	18	3057	5	Maisonneuve 1	Maisonneuve 1	July 2011	Maisonneuve 1	2
#0591F5	18	3325	5	Maisonneuve 1	Maisonneuve 1	August 2011	Maisonneuve 1	2
#0591F5	18	1815	5	Maisonneuve 1	Maisonneuve 1	September 2011	Maisonneuve 1	2
#0591F5	18	2553	5	Maisonneuve 1	Maisonneuve 1	October 2011	Maisonneuve 1	2
#0591F5	18	66	5	Maisonneuve 1	Maisonneuve 1	January 2012	Maisonneuve 1	2
#0591F5	18	159	5	Maisonneuve 1	Maisonneuve 1	February 2012	Maisonneuve 1	2
#0591F5	18	1036	5	Maisonneuve 1	Maisonneuve 1	March 2012	Maisonneuve 1	2
#0591F5	18	2759	5	Maisonneuve 1	Maisonneuve 1	April 2012	Maisonneuve 1	2
#0591F5	18	4415	5	Maisonneuve 1	Maisonneuve 1	May 2012	Maisonneuve 1	2
#0591F5	18	3582	5	Maisonneuve 1	Maisonneuve 1	June 2012	Maisonneuve 1	2
#0591F5	18	3750	5	Maisonneuve 1	Maisonneuve 1	July 2012	Maisonneuve 1	2
#0591F5	18	2505	5	Maisonneuve 1	Maisonneuve 1	August 2012	Maisonneuve 1	2
#0591F5	18	1695	5	Maisonneuve 1	Maisonneuve 1	September 2012	Maisonneuve 1	2
#0591F5	18	3129	5	Maisonneuve 1	Maisonneuve 1	October 2012	Maisonneuve 1	2
#0591F5	18	189	5	Maisonneuve 1	Maisonneuve 1	January 2013	Maisonneuve 1	2
#0591F5	18	177	5	Maisonneuve 1	Maisonneuve 1	February 2013	Maisonneuve 1	2
#0591F5	18	366	5	Maisonneuve 1	Maisonneuve 1	March 2013	Maisonneuve 1	2
#0591F5	18	1653	5	Maisonneuve 1	Maisonneuve 1	April 2013	Maisonneuve 1	2
#0591F5	18	2447	5	Maisonneuve 1	Maisonneuve 1	May 2013	Maisonneuve 1	2
#0591F5	18	4140	5	Maisonneuve 1	Maisonneuve 1	June 2013	Maisonneuve 1	2
#0591F5	18	3163	5	Maisonneuve 1	Maisonneuve 1	July 2013	Maisonneuve 1	2
#0591F5	18	2475	5	Maisonneuve 1	Maisonneuve 1	August 2013	Maisonneuve 1	2
#0591F5	18	1154	5	Maisonneuve 1	Maisonneuve 1	September 2013	Maisonneuve 1	2
#0591F5	19	1798	5	Maisonneuve 1	Maisonneuve 1	June 2009	Maisonneuve 1	2
#0591F5	19	2362	5	Maisonneuve 1	Maisonneuve 1	August 2009	Maisonneuve 1	2
#0591F5	19	1361	5	Maisonneuve 1	Maisonneuve 1	September 2009	Maisonneuve 1	2
#0591F5	19	1377	5	Maisonneuve 1	Maisonneuve 1	October 2009	Maisonneuve 1	2
#0591F5	19	1045	5	Maisonneuve 1	Maisonneuve 1	November 2009	Maisonneuve 1	2
#0591F5	19	73	5	Maisonneuve 1	Maisonneuve 1	December 2009	Maisonneuve 1	2
#0591F5	19	173	5	Maisonneuve 1	Maisonneuve 1	January 2010	Maisonneuve 1	2
#0591F5	19	170	5	Maisonneuve 1	Maisonneuve 1	February 2010	Maisonneuve 1	2
#0591F5	19	1188	5	Maisonneuve 1	Maisonneuve 1	March 2010	Maisonneuve 1	2
#0591F5	19	1727	5	Maisonneuve 1	Maisonneuve 1	April 2010	Maisonneuve 1	2
#0591F5	19	3525	5	Maisonneuve 1	Maisonneuve 1	May 2010	Maisonneuve 1	2
#0591F5	19	2308	5	Maisonneuve 1	Maisonneuve 1	June 2010	Maisonneuve 1	2
#0591F5	19	1618	5	Maisonneuve 1	Maisonneuve 1	July 2010	Maisonneuve 1	2
#0591F5	19	2386	5	Maisonneuve 1	Maisonneuve 1	October 2010	Maisonneuve 1	2
#0591F5	19	1253	5	Maisonneuve 1	Maisonneuve 1	November 2010	Maisonneuve 1	2
#0591F5	19	46	5	Maisonneuve 1	Maisonneuve 1	December 2010	Maisonneuve 1	2
#0591F5	19	107	5	Maisonneuve 1	Maisonneuve 1	January 2011	Maisonneuve 1	2
#0591F5	19	85	5	Maisonneuve 1	Maisonneuve 1	February 2011	Maisonneuve 1	2
#0591F5	19	220	5	Maisonneuve 1	Maisonneuve 1	March 2011	Maisonneuve 1	2
#0591F5	19	1850	5	Maisonneuve 1	Maisonneuve 1	April 2011	Maisonneuve 1	2
#0591F5	19	2743	5	Maisonneuve 1	Maisonneuve 1	May 2011	Maisonneuve 1	2
#0591F5	19	2317	5	Maisonneuve 1	Maisonneuve 1	June 2011	Maisonneuve 1	2
#0591F5	19	4281	5	Maisonneuve 1	Maisonneuve 1	July 2011	Maisonneuve 1	2
#0591F5	19	3523	5	Maisonneuve 1	Maisonneuve 1	August 2011	Maisonneuve 1	2
#0591F5	19	3538	5	Maisonneuve 1	Maisonneuve 1	September 2011	Maisonneuve 1	2
#0591F5	19	2700	5	Maisonneuve 1	Maisonneuve 1	October 2011	Maisonneuve 1	2
#0591F5	19	104	5	Maisonneuve 1	Maisonneuve 1	January 2012	Maisonneuve 1	2
#0591F5	19	110	5	Maisonneuve 1	Maisonneuve 1	February 2012	Maisonneuve 1	2
#0591F5	19	1278	5	Maisonneuve 1	Maisonneuve 1	March 2012	Maisonneuve 1	2
#0591F5	19	3235	5	Maisonneuve 1	Maisonneuve 1	April 2012	Maisonneuve 1	2
#0591F5	19	2807	5	Maisonneuve 1	Maisonneuve 1	May 2012	Maisonneuve 1	2
#0591F5	19	3447	5	Maisonneuve 1	Maisonneuve 1	June 2012	Maisonneuve 1	2
#0591F5	19	3996	5	Maisonneuve 1	Maisonneuve 1	July 2012	Maisonneuve 1	2
#0591F5	19	2605	5	Maisonneuve 1	Maisonneuve 1	August 2012	Maisonneuve 1	2
#0591F5	19	3176	5	Maisonneuve 1	Maisonneuve 1	September 2012	Maisonneuve 1	2
#0591F5	19	885	5	Maisonneuve 1	Maisonneuve 1	October 2012	Maisonneuve 1	2
#0591F5	19	26	5	Maisonneuve 1	Maisonneuve 1	January 2013	Maisonneuve 1	2
#0591F5	19	236	5	Maisonneuve 1	Maisonneuve 1	February 2013	Maisonneuve 1	2
#0591F5	19	69	5	Maisonneuve 1	Maisonneuve 1	March 2013	Maisonneuve 1	2
#0591F5	19	2170	5	Maisonneuve 1	Maisonneuve 1	April 2013	Maisonneuve 1	2
#0591F5	19	1581	5	Maisonneuve 1	Maisonneuve 1	May 2013	Maisonneuve 1	2
#0591F5	19	4199	5	Maisonneuve 1	Maisonneuve 1	June 2013	Maisonneuve 1	2
#0591F5	19	1761	5	Maisonneuve 1	Maisonneuve 1	July 2013	Maisonneuve 1	2
#0591F5	19	3386	5	Maisonneuve 1	Maisonneuve 1	August 2013	Maisonneuve 1	2
#0591F5	20	1505	5	Maisonneuve 1	Maisonneuve 1	June 2009	Maisonneuve 1	2
#0591F5	20	1790	5	Maisonneuve 1	Maisonneuve 1	August 2009	Maisonneuve 1	2
#0591F5	20	1219	5	Maisonneuve 1	Maisonneuve 1	September 2009	Maisonneuve 1	2
#0591F5	20	1403	5	Maisonneuve 1	Maisonneuve 1	October 2009	Maisonneuve 1	2
#0591F5	20	596	5	Maisonneuve 1	Maisonneuve 1	November 2009	Maisonneuve 1	2
#0591F5	20	62	5	Maisonneuve 1	Maisonneuve 1	December 2009	Maisonneuve 1	2
#0591F5	20	177	5	Maisonneuve 1	Maisonneuve 1	January 2010	Maisonneuve 1	2
#0591F5	20	74	5	Maisonneuve 1	Maisonneuve 1	February 2010	Maisonneuve 1	2
#0591F5	20	460	5	Maisonneuve 1	Maisonneuve 1	March 2010	Maisonneuve 1	2
#0591F5	20	2219	5	Maisonneuve 1	Maisonneuve 1	April 2010	Maisonneuve 1	2
#0591F5	20	3482	5	Maisonneuve 1	Maisonneuve 1	May 2010	Maisonneuve 1	2
#0591F5	20	1719	5	Maisonneuve 1	Maisonneuve 1	June 2010	Maisonneuve 1	2
#0591F5	20	4105	5	Maisonneuve 1	Maisonneuve 1	July 2010	Maisonneuve 1	2
#0591F5	20	2542	5	Maisonneuve 1	Maisonneuve 1	October 2010	Maisonneuve 1	2
#0591F5	20	599	5	Maisonneuve 1	Maisonneuve 1	November 2010	Maisonneuve 1	2
#0591F5	20	122	5	Maisonneuve 1	Maisonneuve 1	December 2010	Maisonneuve 1	2
#0591F5	20	109	5	Maisonneuve 1	Maisonneuve 1	January 2011	Maisonneuve 1	2
#0591F5	20	78	5	Maisonneuve 1	Maisonneuve 1	February 2011	Maisonneuve 1	2
#0591F5	20	289	5	Maisonneuve 1	Maisonneuve 1	March 2011	Maisonneuve 1	2
#0591F5	20	318	5	Maisonneuve 1	Maisonneuve 1	April 2011	Maisonneuve 1	2
#0591F5	20	3052	5	Maisonneuve 1	Maisonneuve 1	May 2011	Maisonneuve 1	2
#0591F5	20	4418	5	Maisonneuve 1	Maisonneuve 1	June 2011	Maisonneuve 1	2
#0591F5	20	4139	5	Maisonneuve 1	Maisonneuve 1	July 2011	Maisonneuve 1	2
#0591F5	20	2334	5	Maisonneuve 1	Maisonneuve 1	August 2011	Maisonneuve 1	2
#0591F5	20	2432	5	Maisonneuve 1	Maisonneuve 1	September 2011	Maisonneuve 1	2
#0591F5	20	1536	5	Maisonneuve 1	Maisonneuve 1	October 2011	Maisonneuve 1	2
#0591F5	20	96	5	Maisonneuve 1	Maisonneuve 1	January 2012	Maisonneuve 1	2
#0591F5	20	224	5	Maisonneuve 1	Maisonneuve 1	February 2012	Maisonneuve 1	2
#0591F5	20	1709	5	Maisonneuve 1	Maisonneuve 1	March 2012	Maisonneuve 1	2
#0591F5	20	1529	5	Maisonneuve 1	Maisonneuve 1	April 2012	Maisonneuve 1	2
#0591F5	20	2730	5	Maisonneuve 1	Maisonneuve 1	May 2012	Maisonneuve 1	2
#0591F5	20	3524	5	Maisonneuve 1	Maisonneuve 1	June 2012	Maisonneuve 1	2
#0591F5	20	3744	5	Maisonneuve 1	Maisonneuve 1	July 2012	Maisonneuve 1	2
#0591F5	20	3521	5	Maisonneuve 1	Maisonneuve 1	August 2012	Maisonneuve 1	2
#0591F5	20	3615	5	Maisonneuve 1	Maisonneuve 1	September 2012	Maisonneuve 1	2
#0591F5	20	1323	5	Maisonneuve 1	Maisonneuve 1	October 2012	Maisonneuve 1	2
#0591F5	20	39	5	Maisonneuve 1	Maisonneuve 1	January 2013	Maisonneuve 1	2
#0591F5	20	73	5	Maisonneuve 1	Maisonneuve 1	February 2013	Maisonneuve 1	2
#0591F5	20	128	5	Maisonneuve 1	Maisonneuve 1	March 2013	Maisonneuve 1	2
#0591F5	20	635	5	Maisonneuve 1	Maisonneuve 1	April 2013	Maisonneuve 1	2
#0591F5	20	1763	5	Maisonneuve 1	Maisonneuve 1	May 2013	Maisonneuve 1	2
#0591F5	20	4452	5	Maisonneuve 1	Maisonneuve 1	June 2013	Maisonneuve 1	2
#0591F5	20	2391	5	Maisonneuve 1	Maisonneuve 1	July 2013	Maisonneuve 1	2
#0591F5	20	3745	5	Maisonneuve 1	Maisonneuve 1	August 2013	Maisonneuve 1	2
#0591F5	21	1332	5	Maisonneuve 1	Maisonneuve 1	June 2009	Maisonneuve 1	2
#0591F5	21	1434	5	Maisonneuve 1	Maisonneuve 1	August 2009	Maisonneuve 1	2
#0591F5	21	243	5	Maisonneuve 1	Maisonneuve 1	September 2009	Maisonneuve 1	2
#0591F5	21	1478	5	Maisonneuve 1	Maisonneuve 1	October 2009	Maisonneuve 1	2
#0591F5	21	614	5	Maisonneuve 1	Maisonneuve 1	November 2009	Maisonneuve 1	2
#0591F5	21	125	5	Maisonneuve 1	Maisonneuve 1	December 2009	Maisonneuve 1	2
#0591F5	21	197	5	Maisonneuve 1	Maisonneuve 1	January 2010	Maisonneuve 1	2
#0591F5	21	75	5	Maisonneuve 1	Maisonneuve 1	February 2010	Maisonneuve 1	2
#0591F5	21	225	5	Maisonneuve 1	Maisonneuve 1	March 2010	Maisonneuve 1	2
#0591F5	21	2429	5	Maisonneuve 1	Maisonneuve 1	April 2010	Maisonneuve 1	2
#0591F5	21	3547	5	Maisonneuve 1	Maisonneuve 1	May 2010	Maisonneuve 1	2
#0591F5	21	3892	5	Maisonneuve 1	Maisonneuve 1	June 2010	Maisonneuve 1	2
#0591F5	21	3144	5	Maisonneuve 1	Maisonneuve 1	July 2010	Maisonneuve 1	2
#0591F5	21	1003	5	Maisonneuve 1	Maisonneuve 1	October 2010	Maisonneuve 1	2
#0591F5	21	429	5	Maisonneuve 1	Maisonneuve 1	November 2010	Maisonneuve 1	2
#0591F5	21	157	5	Maisonneuve 1	Maisonneuve 1	December 2010	Maisonneuve 1	2
#0591F5	21	103	5	Maisonneuve 1	Maisonneuve 1	January 2011	Maisonneuve 1	2
#0591F5	21	130	5	Maisonneuve 1	Maisonneuve 1	February 2011	Maisonneuve 1	2
#0591F5	21	159	5	Maisonneuve 1	Maisonneuve 1	March 2011	Maisonneuve 1	2
#0591F5	21	1197	5	Maisonneuve 1	Maisonneuve 1	April 2011	Maisonneuve 1	2
#0591F5	21	2664	5	Maisonneuve 1	Maisonneuve 1	May 2011	Maisonneuve 1	2
#0591F5	21	4840	5	Maisonneuve 1	Maisonneuve 1	June 2011	Maisonneuve 1	2
#0591F5	21	3165	5	Maisonneuve 1	Maisonneuve 1	July 2011	Maisonneuve 1	2
#0591F5	21	776	5	Maisonneuve 1	Maisonneuve 1	August 2011	Maisonneuve 1	2
#0591F5	21	3890	5	Maisonneuve 1	Maisonneuve 1	September 2011	Maisonneuve 1	2
#0591F5	21	1761	5	Maisonneuve 1	Maisonneuve 1	October 2011	Maisonneuve 1	2
#0591F5	21	47	5	Maisonneuve 1	Maisonneuve 1	January 2012	Maisonneuve 1	2
#0591F5	21	292	5	Maisonneuve 1	Maisonneuve 1	February 2012	Maisonneuve 1	2
#0591F5	21	1893	5	Maisonneuve 1	Maisonneuve 1	March 2012	Maisonneuve 1	2
#0591F5	21	398	5	Maisonneuve 1	Maisonneuve 1	April 2012	Maisonneuve 1	2
#0591F5	21	2672	5	Maisonneuve 1	Maisonneuve 1	May 2012	Maisonneuve 1	2
#0591F5	21	3297	5	Maisonneuve 1	Maisonneuve 1	June 2012	Maisonneuve 1	2
#0591F5	21	2957	5	Maisonneuve 1	Maisonneuve 1	July 2012	Maisonneuve 1	2
#0591F5	21	4063	5	Maisonneuve 1	Maisonneuve 1	August 2012	Maisonneuve 1	2
#0591F5	21	2911	5	Maisonneuve 1	Maisonneuve 1	September 2012	Maisonneuve 1	2
#0591F5	21	869	5	Maisonneuve 1	Maisonneuve 1	October 2012	Maisonneuve 1	2
#0591F5	21	77	5	Maisonneuve 1	Maisonneuve 1	January 2013	Maisonneuve 1	2
#0591F5	21	94	5	Maisonneuve 1	Maisonneuve 1	February 2013	Maisonneuve 1	2
#0591F5	21	193	5	Maisonneuve 1	Maisonneuve 1	March 2013	Maisonneuve 1	2
#0591F5	21	1271	5	Maisonneuve 1	Maisonneuve 1	April 2013	Maisonneuve 1	2
#0591F5	21	2268	5	Maisonneuve 1	Maisonneuve 1	May 2013	Maisonneuve 1	2
#0591F5	21	4209	5	Maisonneuve 1	Maisonneuve 1	June 2013	Maisonneuve 1	2
#0591F5	21	2285	5	Maisonneuve 1	Maisonneuve 1	July 2013	Maisonneuve 1	2
#0591F5	21	3768	5	Maisonneuve 1	Maisonneuve 1	August 2013	Maisonneuve 1	2
#0591F5	22	2742	5	Maisonneuve 1	Maisonneuve 1	June 2009	Maisonneuve 1	2
#0591F5	22	1448	5	Maisonneuve 1	Maisonneuve 1	August 2009	Maisonneuve 1	2
#0591F5	22	107	5	Maisonneuve 1	Maisonneuve 1	September 2009	Maisonneuve 1	2
#0591F5	22	665	5	Maisonneuve 1	Maisonneuve 1	October 2009	Maisonneuve 1	2
#0591F5	22	396	5	Maisonneuve 1	Maisonneuve 1	November 2009	Maisonneuve 1	2
#0591F5	22	107	5	Maisonneuve 1	Maisonneuve 1	December 2009	Maisonneuve 1	2
#0591F5	22	202	5	Maisonneuve 1	Maisonneuve 1	January 2010	Maisonneuve 1	2
#0591F5	22	195	5	Maisonneuve 1	Maisonneuve 1	February 2010	Maisonneuve 1	2
#0591F5	22	684	5	Maisonneuve 1	Maisonneuve 1	March 2010	Maisonneuve 1	2
#0591F5	22	2162	5	Maisonneuve 1	Maisonneuve 1	April 2010	Maisonneuve 1	2
#0591F5	22	1859	5	Maisonneuve 1	Maisonneuve 1	May 2010	Maisonneuve 1	2
#0591F5	22	3876	5	Maisonneuve 1	Maisonneuve 1	June 2010	Maisonneuve 1	2
#0591F5	22	3828	5	Maisonneuve 1	Maisonneuve 1	July 2010	Maisonneuve 1	2
#0591F5	22	1789	5	Maisonneuve 1	Maisonneuve 1	October 2010	Maisonneuve 1	2
#0591F5	22	632	5	Maisonneuve 1	Maisonneuve 1	November 2010	Maisonneuve 1	2
#0591F5	22	129	5	Maisonneuve 1	Maisonneuve 1	December 2010	Maisonneuve 1	2
#0591F5	22	44	5	Maisonneuve 1	Maisonneuve 1	January 2011	Maisonneuve 1	2
#0591F5	22	159	5	Maisonneuve 1	Maisonneuve 1	February 2011	Maisonneuve 1	2
#0591F5	22	233	5	Maisonneuve 1	Maisonneuve 1	March 2011	Maisonneuve 1	2
#0591F5	22	1456	5	Maisonneuve 1	Maisonneuve 1	April 2011	Maisonneuve 1	2
#0591F5	22	1758	5	Maisonneuve 1	Maisonneuve 1	May 2011	Maisonneuve 1	2
#0591F5	22	4441	5	Maisonneuve 1	Maisonneuve 1	June 2011	Maisonneuve 1	2
#0591F5	22	3782	5	Maisonneuve 1	Maisonneuve 1	July 2011	Maisonneuve 1	2
#0591F5	22	3145	5	Maisonneuve 1	Maisonneuve 1	August 2011	Maisonneuve 1	2
#0591F5	22	3991	5	Maisonneuve 1	Maisonneuve 1	September 2011	Maisonneuve 1	2
#0591F5	22	1303	5	Maisonneuve 1	Maisonneuve 1	October 2011	Maisonneuve 1	2
#0591F5	22	41	5	Maisonneuve 1	Maisonneuve 1	January 2012	Maisonneuve 1	2
#0591F5	22	263	5	Maisonneuve 1	Maisonneuve 1	February 2012	Maisonneuve 1	2
#0591F5	22	1640	5	Maisonneuve 1	Maisonneuve 1	March 2012	Maisonneuve 1	2
#0591F5	22	1224	5	Maisonneuve 1	Maisonneuve 1	April 2012	Maisonneuve 1	2
#0591F5	22	1847	5	Maisonneuve 1	Maisonneuve 1	May 2012	Maisonneuve 1	2
#0591F5	22	3612	5	Maisonneuve 1	Maisonneuve 1	June 2012	Maisonneuve 1	2
#0591F5	22	2683	5	Maisonneuve 1	Maisonneuve 1	July 2012	Maisonneuve 1	2
#0591F5	22	4513	5	Maisonneuve 1	Maisonneuve 1	August 2012	Maisonneuve 1	2
#0591F5	22	1073	5	Maisonneuve 1	Maisonneuve 1	September 2012	Maisonneuve 1	2
#0591F5	22	2495	5	Maisonneuve 1	Maisonneuve 1	October 2012	Maisonneuve 1	2
#0591F5	22	108	5	Maisonneuve 1	Maisonneuve 1	January 2013	Maisonneuve 1	2
#0591F5	22	162	5	Maisonneuve 1	Maisonneuve 1	February 2013	Maisonneuve 1	2
#0591F5	22	256	5	Maisonneuve 1	Maisonneuve 1	March 2013	Maisonneuve 1	2
#0591F5	22	2221	5	Maisonneuve 1	Maisonneuve 1	April 2013	Maisonneuve 1	2
#0591F5	22	3292	5	Maisonneuve 1	Maisonneuve 1	May 2013	Maisonneuve 1	2
#0591F5	22	1027	5	Maisonneuve 1	Maisonneuve 1	June 2013	Maisonneuve 1	2
#0591F5	22	3341	5	Maisonneuve 1	Maisonneuve 1	July 2013	Maisonneuve 1	2
#0591F5	22	1788	5	Maisonneuve 1	Maisonneuve 1	August 2013	Maisonneuve 1	2
#0591F5	23	3114	5	Maisonneuve 1	Maisonneuve 1	June 2009	Maisonneuve 1	2
#0591F5	23	1111	5	Maisonneuve 1	Maisonneuve 1	August 2009	Maisonneuve 1	2
#0591F5	23	130	5	Maisonneuve 1	Maisonneuve 1	September 2009	Maisonneuve 1	2
#0591F5	23	1040	5	Maisonneuve 1	Maisonneuve 1	October 2009	Maisonneuve 1	2
#0591F5	23	864	5	Maisonneuve 1	Maisonneuve 1	November 2009	Maisonneuve 1	2
#0591F5	23	84	5	Maisonneuve 1	Maisonneuve 1	December 2009	Maisonneuve 1	2
#0591F5	23	90	5	Maisonneuve 1	Maisonneuve 1	January 2010	Maisonneuve 1	2
#0591F5	23	151	5	Maisonneuve 1	Maisonneuve 1	February 2010	Maisonneuve 1	2
#0591F5	23	199	5	Maisonneuve 1	Maisonneuve 1	March 2010	Maisonneuve 1	2
#0591F5	23	2374	5	Maisonneuve 1	Maisonneuve 1	April 2010	Maisonneuve 1	2
#0591F5	23	2088	5	Maisonneuve 1	Maisonneuve 1	May 2010	Maisonneuve 1	2
#0591F5	23	3353	5	Maisonneuve 1	Maisonneuve 1	June 2010	Maisonneuve 1	2
#0591F5	23	3182	5	Maisonneuve 1	Maisonneuve 1	July 2010	Maisonneuve 1	2
#0591F5	23	1124	5	Maisonneuve 1	Maisonneuve 1	October 2010	Maisonneuve 1	2
#0591F5	23	799	5	Maisonneuve 1	Maisonneuve 1	November 2010	Maisonneuve 1	2
#0591F5	23	96	5	Maisonneuve 1	Maisonneuve 1	December 2010	Maisonneuve 1	2
#0591F5	23	31	5	Maisonneuve 1	Maisonneuve 1	January 2011	Maisonneuve 1	2
#0591F5	23	174	5	Maisonneuve 1	Maisonneuve 1	February 2011	Maisonneuve 1	2
#0591F5	23	316	5	Maisonneuve 1	Maisonneuve 1	March 2011	Maisonneuve 1	2
#0591F5	23	358	5	Maisonneuve 1	Maisonneuve 1	April 2011	Maisonneuve 1	2
#0591F5	23	1698	5	Maisonneuve 1	Maisonneuve 1	May 2011	Maisonneuve 1	2
#0591F5	23	2068	5	Maisonneuve 1	Maisonneuve 1	June 2011	Maisonneuve 1	2
#0591F5	23	2436	5	Maisonneuve 1	Maisonneuve 1	July 2011	Maisonneuve 1	2
#0591F5	23	4039	5	Maisonneuve 1	Maisonneuve 1	August 2011	Maisonneuve 1	2
#0591F5	23	3635	5	Maisonneuve 1	Maisonneuve 1	September 2011	Maisonneuve 1	2
#0591F5	23	1068	5	Maisonneuve 1	Maisonneuve 1	October 2011	Maisonneuve 1	2
#0591F5	23	114	5	Maisonneuve 1	Maisonneuve 1	January 2012	Maisonneuve 1	2
#0591F5	23	293	5	Maisonneuve 1	Maisonneuve 1	February 2012	Maisonneuve 1	2
#0591F5	23	1512	5	Maisonneuve 1	Maisonneuve 1	March 2012	Maisonneuve 1	2
#0591F5	23	544	5	Maisonneuve 1	Maisonneuve 1	April 2012	Maisonneuve 1	2
#0591F5	23	4407	5	Maisonneuve 1	Maisonneuve 1	May 2012	Maisonneuve 1	2
#0591F5	23	1842	5	Maisonneuve 1	Maisonneuve 1	June 2012	Maisonneuve 1	2
#0591F5	23	2420	5	Maisonneuve 1	Maisonneuve 1	July 2012	Maisonneuve 1	2
#0591F5	23	3807	5	Maisonneuve 1	Maisonneuve 1	August 2012	Maisonneuve 1	2
#0591F5	23	1496	5	Maisonneuve 1	Maisonneuve 1	September 2012	Maisonneuve 1	2
#0591F5	23	2795	5	Maisonneuve 1	Maisonneuve 1	October 2012	Maisonneuve 1	2
#0591F5	23	67	5	Maisonneuve 1	Maisonneuve 1	January 2013	Maisonneuve 1	2
#0591F5	23	81	5	Maisonneuve 1	Maisonneuve 1	February 2013	Maisonneuve 1	2
#0591F5	23	161	5	Maisonneuve 1	Maisonneuve 1	March 2013	Maisonneuve 1	2
#0591F5	23	2442	5	Maisonneuve 1	Maisonneuve 1	April 2013	Maisonneuve 1	2
#0591F5	23	2421	5	Maisonneuve 1	Maisonneuve 1	May 2013	Maisonneuve 1	2
#0591F5	23	1453	5	Maisonneuve 1	Maisonneuve 1	June 2013	Maisonneuve 1	2
#0591F5	23	2377	5	Maisonneuve 1	Maisonneuve 1	July 2013	Maisonneuve 1	2
#0591F5	23	3410	5	Maisonneuve 1	Maisonneuve 1	August 2013	Maisonneuve 1	2
#0591F5	24	1615	5	Maisonneuve 1	Maisonneuve 1	June 2009	Maisonneuve 1	2
#0591F5	24	1966	5	Maisonneuve 1	Maisonneuve 1	August 2009	Maisonneuve 1	2
#0591F5	24	174	5	Maisonneuve 1	Maisonneuve 1	September 2009	Maisonneuve 1	2
#0591F5	24	277	5	Maisonneuve 1	Maisonneuve 1	October 2009	Maisonneuve 1	2
#0591F5	24	1027	5	Maisonneuve 1	Maisonneuve 1	November 2009	Maisonneuve 1	2
#0591F5	24	59	5	Maisonneuve 1	Maisonneuve 1	December 2009	Maisonneuve 1	2
#0591F5	24	75	5	Maisonneuve 1	Maisonneuve 1	January 2010	Maisonneuve 1	2
#0591F5	24	123	5	Maisonneuve 1	Maisonneuve 1	February 2010	Maisonneuve 1	2
#0591F5	24	680	5	Maisonneuve 1	Maisonneuve 1	March 2010	Maisonneuve 1	2
#0591F5	24	1742	5	Maisonneuve 1	Maisonneuve 1	April 2010	Maisonneuve 1	2
#0591F5	24	1997	5	Maisonneuve 1	Maisonneuve 1	May 2010	Maisonneuve 1	2
#0591F5	24	1231	5	Maisonneuve 1	Maisonneuve 1	June 2010	Maisonneuve 1	2
#0591F5	24	2447	5	Maisonneuve 1	Maisonneuve 1	July 2010	Maisonneuve 1	2
#0591F5	24	617	5	Maisonneuve 1	Maisonneuve 1	October 2010	Maisonneuve 1	2
#0591F5	24	1074	5	Maisonneuve 1	Maisonneuve 1	November 2010	Maisonneuve 1	2
#0591F5	24	52	5	Maisonneuve 1	Maisonneuve 1	December 2010	Maisonneuve 1	2
#0591F5	24	69	5	Maisonneuve 1	Maisonneuve 1	January 2011	Maisonneuve 1	2
#0591F5	24	207	5	Maisonneuve 1	Maisonneuve 1	February 2011	Maisonneuve 1	2
#0591F5	24	253	5	Maisonneuve 1	Maisonneuve 1	March 2011	Maisonneuve 1	2
#0591F5	24	819	5	Maisonneuve 1	Maisonneuve 1	April 2011	Maisonneuve 1	2
#0591F5	24	3256	5	Maisonneuve 1	Maisonneuve 1	May 2011	Maisonneuve 1	2
#0591F5	24	681	5	Maisonneuve 1	Maisonneuve 1	June 2011	Maisonneuve 1	2
#0591F5	24	2358	5	Maisonneuve 1	Maisonneuve 1	July 2011	Maisonneuve 1	2
#0591F5	24	3926	5	Maisonneuve 1	Maisonneuve 1	August 2011	Maisonneuve 1	2
#0591F5	24	2052	5	Maisonneuve 1	Maisonneuve 1	September 2011	Maisonneuve 1	2
#0591F5	24	2150	5	Maisonneuve 1	Maisonneuve 1	October 2011	Maisonneuve 1	2
#0591F5	24	189	5	Maisonneuve 1	Maisonneuve 1	January 2012	Maisonneuve 1	2
#0591F5	24	187	5	Maisonneuve 1	Maisonneuve 1	February 2012	Maisonneuve 1	2
#0591F5	24	517	5	Maisonneuve 1	Maisonneuve 1	March 2012	Maisonneuve 1	2
#0591F5	24	1355	5	Maisonneuve 1	Maisonneuve 1	April 2012	Maisonneuve 1	2
#0591F5	24	4600	5	Maisonneuve 1	Maisonneuve 1	May 2012	Maisonneuve 1	2
#0591F5	24	1423	5	Maisonneuve 1	Maisonneuve 1	June 2012	Maisonneuve 1	2
#0591F5	24	3465	5	Maisonneuve 1	Maisonneuve 1	July 2012	Maisonneuve 1	2
#0591F5	24	3778	5	Maisonneuve 1	Maisonneuve 1	August 2012	Maisonneuve 1	2
#0591F5	24	3117	5	Maisonneuve 1	Maisonneuve 1	September 2012	Maisonneuve 1	2
#0591F5	24	2625	5	Maisonneuve 1	Maisonneuve 1	October 2012	Maisonneuve 1	2
#0591F5	24	76	5	Maisonneuve 1	Maisonneuve 1	January 2013	Maisonneuve 1	2
#0591F5	24	85	5	Maisonneuve 1	Maisonneuve 1	February 2013	Maisonneuve 1	2
#0591F5	24	219	5	Maisonneuve 1	Maisonneuve 1	March 2013	Maisonneuve 1	2
#0591F5	24	2579	5	Maisonneuve 1	Maisonneuve 1	April 2013	Maisonneuve 1	2
#0591F5	24	1603	5	Maisonneuve 1	Maisonneuve 1	May 2013	Maisonneuve 1	2
#0591F5	24	1137	5	Maisonneuve 1	Maisonneuve 1	June 2013	Maisonneuve 1	2
#0591F5	24	3292	5	Maisonneuve 1	Maisonneuve 1	July 2013	Maisonneuve 1	2
#0591F5	24	2170	5	Maisonneuve 1	Maisonneuve 1	August 2013	Maisonneuve 1	2
#0591F5	25	2449	5	Maisonneuve 1	Maisonneuve 1	June 2009	Maisonneuve 1	2
#0591F5	25	2671	5	Maisonneuve 1	Maisonneuve 1	August 2009	Maisonneuve 1	2
#0591F5	25	61	5	Maisonneuve 1	Maisonneuve 1	September 2009	Maisonneuve 1	2
#0591F5	25	617	5	Maisonneuve 1	Maisonneuve 1	October 2009	Maisonneuve 1	2
#0591F5	25	833	5	Maisonneuve 1	Maisonneuve 1	November 2009	Maisonneuve 1	2
#0591F5	25	21	5	Maisonneuve 1	Maisonneuve 1	December 2009	Maisonneuve 1	2
#0591F5	25	97	5	Maisonneuve 1	Maisonneuve 1	January 2010	Maisonneuve 1	2
#0591F5	25	149	5	Maisonneuve 1	Maisonneuve 1	February 2010	Maisonneuve 1	2
#0591F5	25	955	5	Maisonneuve 1	Maisonneuve 1	March 2010	Maisonneuve 1	2
#0591F5	25	1356	5	Maisonneuve 1	Maisonneuve 1	April 2010	Maisonneuve 1	2
#0591F5	25	3778	5	Maisonneuve 1	Maisonneuve 1	May 2010	Maisonneuve 1	2
#0591F5	25	3705	5	Maisonneuve 1	Maisonneuve 1	June 2010	Maisonneuve 1	2
#0591F5	25	2401	5	Maisonneuve 1	Maisonneuve 1	July 2010	Maisonneuve 1	2
#0591F5	25	887	5	Maisonneuve 1	Maisonneuve 1	October 2010	Maisonneuve 1	2
#0591F5	25	896	5	Maisonneuve 1	Maisonneuve 1	November 2010	Maisonneuve 1	2
#0591F5	25	35	5	Maisonneuve 1	Maisonneuve 1	December 2010	Maisonneuve 1	2
#0591F5	25	101	5	Maisonneuve 1	Maisonneuve 1	January 2011	Maisonneuve 1	2
#0591F5	25	121	5	Maisonneuve 1	Maisonneuve 1	February 2011	Maisonneuve 1	2
#0591F5	25	338	5	Maisonneuve 1	Maisonneuve 1	March 2011	Maisonneuve 1	2
#0591F5	25	1546	5	Maisonneuve 1	Maisonneuve 1	April 2011	Maisonneuve 1	2
#0591F5	25	4080	5	Maisonneuve 1	Maisonneuve 1	May 2011	Maisonneuve 1	2
#0591F5	25	1414	5	Maisonneuve 1	Maisonneuve 1	June 2011	Maisonneuve 1	2
#0591F5	25	2981	5	Maisonneuve 1	Maisonneuve 1	July 2011	Maisonneuve 1	2
#0591F5	25	2491	5	Maisonneuve 1	Maisonneuve 1	August 2011	Maisonneuve 1	2
#0591F5	25	1862	5	Maisonneuve 1	Maisonneuve 1	September 2011	Maisonneuve 1	2
#0591F5	25	2337	5	Maisonneuve 1	Maisonneuve 1	October 2011	Maisonneuve 1	2
#0591F5	25	217	5	Maisonneuve 1	Maisonneuve 1	January 2012	Maisonneuve 1	2
#0591F5	25	48	5	Maisonneuve 1	Maisonneuve 1	February 2012	Maisonneuve 1	2
#0591F5	25	309	5	Maisonneuve 1	Maisonneuve 1	March 2012	Maisonneuve 1	2
#0591F5	25	2228	5	Maisonneuve 1	Maisonneuve 1	April 2012	Maisonneuve 1	2
#0591F5	25	4096	5	Maisonneuve 1	Maisonneuve 1	May 2012	Maisonneuve 1	2
#0591F5	25	1374	5	Maisonneuve 1	Maisonneuve 1	June 2012	Maisonneuve 1	2
#0591F5	25	3786	5	Maisonneuve 1	Maisonneuve 1	July 2012	Maisonneuve 1	2
#0591F5	25	2358	5	Maisonneuve 1	Maisonneuve 1	August 2012	Maisonneuve 1	2
#0591F5	25	3273	5	Maisonneuve 1	Maisonneuve 1	September 2012	Maisonneuve 1	2
#0591F5	25	2528	5	Maisonneuve 1	Maisonneuve 1	October 2012	Maisonneuve 1	2
#0591F5	25	81	5	Maisonneuve 1	Maisonneuve 1	January 2013	Maisonneuve 1	2
#0591F5	25	212	5	Maisonneuve 1	Maisonneuve 1	February 2013	Maisonneuve 1	2
#0591F5	25	452	5	Maisonneuve 1	Maisonneuve 1	March 2013	Maisonneuve 1	2
#0591F5	25	2182	5	Maisonneuve 1	Maisonneuve 1	April 2013	Maisonneuve 1	2
#0591F5	25	543	5	Maisonneuve 1	Maisonneuve 1	May 2013	Maisonneuve 1	2
#0591F5	25	2694	5	Maisonneuve 1	Maisonneuve 1	June 2013	Maisonneuve 1	2
#0591F5	25	3558	5	Maisonneuve 1	Maisonneuve 1	July 2013	Maisonneuve 1	2
#0591F5	25	2030	5	Maisonneuve 1	Maisonneuve 1	August 2013	Maisonneuve 1	2
#0591F5	26	2156	5	Maisonneuve 1	Maisonneuve 1	June 2009	Maisonneuve 1	2
#0591F5	26	2416	5	Maisonneuve 1	Maisonneuve 1	August 2009	Maisonneuve 1	2
#0591F5	26	1171	5	Maisonneuve 1	Maisonneuve 1	October 2009	Maisonneuve 1	2
#0591F5	26	916	5	Maisonneuve 1	Maisonneuve 1	November 2009	Maisonneuve 1	2
#0591F5	26	21	5	Maisonneuve 1	Maisonneuve 1	December 2009	Maisonneuve 1	2
#0591F5	26	186	5	Maisonneuve 1	Maisonneuve 1	January 2010	Maisonneuve 1	2
#0591F5	26	127	5	Maisonneuve 1	Maisonneuve 1	February 2010	Maisonneuve 1	2
#0591F5	26	593	5	Maisonneuve 1	Maisonneuve 1	March 2010	Maisonneuve 1	2
#0591F5	26	2339	5	Maisonneuve 1	Maisonneuve 1	April 2010	Maisonneuve 1	2
#0591F5	26	3570	5	Maisonneuve 1	Maisonneuve 1	May 2010	Maisonneuve 1	2
#0591F5	26	2857	5	Maisonneuve 1	Maisonneuve 1	June 2010	Maisonneuve 1	2
#0591F5	26	3555	5	Maisonneuve 1	Maisonneuve 1	July 2010	Maisonneuve 1	2
#0591F5	26	1764	5	Maisonneuve 1	Maisonneuve 1	October 2010	Maisonneuve 1	2
#0591F5	26	408	5	Maisonneuve 1	Maisonneuve 1	November 2010	Maisonneuve 1	2
#0591F5	26	35	5	Maisonneuve 1	Maisonneuve 1	December 2010	Maisonneuve 1	2
#0591F5	26	143	5	Maisonneuve 1	Maisonneuve 1	January 2011	Maisonneuve 1	2
#0591F5	26	78	5	Maisonneuve 1	Maisonneuve 1	February 2011	Maisonneuve 1	2
#0591F5	26	222	5	Maisonneuve 1	Maisonneuve 1	March 2011	Maisonneuve 1	2
#0591F5	26	929	5	Maisonneuve 1	Maisonneuve 1	April 2011	Maisonneuve 1	2
#0591F5	26	2518	5	Maisonneuve 1	Maisonneuve 1	May 2011	Maisonneuve 1	2
#0591F5	26	2386	5	Maisonneuve 1	Maisonneuve 1	June 2011	Maisonneuve 1	2
#0591F5	26	2719	5	Maisonneuve 1	Maisonneuve 1	July 2011	Maisonneuve 1	2
#0591F5	26	3881	5	Maisonneuve 1	Maisonneuve 1	August 2011	Maisonneuve 1	2
#0591F5	26	3866	5	Maisonneuve 1	Maisonneuve 1	September 2011	Maisonneuve 1	2
#0591F5	26	2251	5	Maisonneuve 1	Maisonneuve 1	October 2011	Maisonneuve 1	2
#0591F5	26	215	5	Maisonneuve 1	Maisonneuve 1	January 2012	Maisonneuve 1	2
#0591F5	26	76	5	Maisonneuve 1	Maisonneuve 1	February 2012	Maisonneuve 1	2
#0591F5	26	729	5	Maisonneuve 1	Maisonneuve 1	March 2012	Maisonneuve 1	2
#0591F5	26	2196	5	Maisonneuve 1	Maisonneuve 1	April 2012	Maisonneuve 1	2
#0591F5	26	2936	5	Maisonneuve 1	Maisonneuve 1	May 2012	Maisonneuve 1	2
#0591F5	26	2139	5	Maisonneuve 1	Maisonneuve 1	June 2012	Maisonneuve 1	2
#0591F5	26	4174	5	Maisonneuve 1	Maisonneuve 1	July 2012	Maisonneuve 1	2
#0591F5	26	2118	5	Maisonneuve 1	Maisonneuve 1	August 2012	Maisonneuve 1	2
#0591F5	26	2720	5	Maisonneuve 1	Maisonneuve 1	September 2012	Maisonneuve 1	2
#0591F5	26	2754	5	Maisonneuve 1	Maisonneuve 1	October 2012	Maisonneuve 1	2
#0591F5	26	44	5	Maisonneuve 1	Maisonneuve 1	January 2013	Maisonneuve 1	2
#0591F5	26	290	5	Maisonneuve 1	Maisonneuve 1	February 2013	Maisonneuve 1	2
#0591F5	26	664	5	Maisonneuve 1	Maisonneuve 1	March 2013	Maisonneuve 1	2
#0591F5	26	2125	5	Maisonneuve 1	Maisonneuve 1	April 2013	Maisonneuve 1	2
#0591F5	26	689	5	Maisonneuve 1	Maisonneuve 1	May 2013	Maisonneuve 1	2
#0591F5	26	2973	5	Maisonneuve 1	Maisonneuve 1	June 2013	Maisonneuve 1	2
#0591F5	26	3225	5	Maisonneuve 1	Maisonneuve 1	July 2013	Maisonneuve 1	2
#0591F5	26	2722	5	Maisonneuve 1	Maisonneuve 1	August 2013	Maisonneuve 1	2
#0591F5	27	847	5	Maisonneuve 1	Maisonneuve 1	June 2009	Maisonneuve 1	2
#0591F5	27	2338	5	Maisonneuve 1	Maisonneuve 1	August 2009	Maisonneuve 1	2
#0591F5	27	1147	5	Maisonneuve 1	Maisonneuve 1	October 2009	Maisonneuve 1	2
#0591F5	27	525	5	Maisonneuve 1	Maisonneuve 1	November 2009	Maisonneuve 1	2
#0591F5	27	29	5	Maisonneuve 1	Maisonneuve 1	December 2009	Maisonneuve 1	2
#0591F5	27	198	5	Maisonneuve 1	Maisonneuve 1	January 2010	Maisonneuve 1	2
#0591F5	27	99	5	Maisonneuve 1	Maisonneuve 1	February 2010	Maisonneuve 1	2
#0591F5	27	358	5	Maisonneuve 1	Maisonneuve 1	March 2010	Maisonneuve 1	2
#0591F5	27	336	5	Maisonneuve 1	Maisonneuve 1	April 2010	Maisonneuve 1	2
#0591F5	27	3986	5	Maisonneuve 1	Maisonneuve 1	May 2010	Maisonneuve 1	2
#0591F5	27	2709	5	Maisonneuve 1	Maisonneuve 1	June 2010	Maisonneuve 1	2
#0591F5	27	3920	5	Maisonneuve 1	Maisonneuve 1	July 2010	Maisonneuve 1	2
#0591F5	27	2205	5	Maisonneuve 1	Maisonneuve 1	October 2010	Maisonneuve 1	2
#0591F5	27	163	5	Maisonneuve 1	Maisonneuve 1	November 2010	Maisonneuve 1	2
#0591F5	27	53	5	Maisonneuve 1	Maisonneuve 1	December 2010	Maisonneuve 1	2
#0591F5	27	158	5	Maisonneuve 1	Maisonneuve 1	January 2011	Maisonneuve 1	2
#0591F5	27	70	5	Maisonneuve 1	Maisonneuve 1	February 2011	Maisonneuve 1	2
#0591F5	27	157	5	Maisonneuve 1	Maisonneuve 1	March 2011	Maisonneuve 1	2
#0591F5	27	1507	5	Maisonneuve 1	Maisonneuve 1	April 2011	Maisonneuve 1	2
#0591F5	27	1076	5	Maisonneuve 1	Maisonneuve 1	May 2011	Maisonneuve 1	2
#0591F5	27	4750	5	Maisonneuve 1	Maisonneuve 1	June 2011	Maisonneuve 1	2
#0591F5	27	3872	5	Maisonneuve 1	Maisonneuve 1	July 2011	Maisonneuve 1	2
#0591F5	27	2597	5	Maisonneuve 1	Maisonneuve 1	August 2011	Maisonneuve 1	2
#0591F5	27	4161	5	Maisonneuve 1	Maisonneuve 1	September 2011	Maisonneuve 1	2
#0591F5	27	2013	5	Maisonneuve 1	Maisonneuve 1	October 2011	Maisonneuve 1	2
#0591F5	27	79	5	Maisonneuve 1	Maisonneuve 1	January 2012	Maisonneuve 1	2
#0591F5	27	94	5	Maisonneuve 1	Maisonneuve 1	February 2012	Maisonneuve 1	2
#0591F5	27	774	5	Maisonneuve 1	Maisonneuve 1	March 2012	Maisonneuve 1	2
#0591F5	27	1526	5	Maisonneuve 1	Maisonneuve 1	April 2012	Maisonneuve 1	2
#0591F5	27	2578	5	Maisonneuve 1	Maisonneuve 1	May 2012	Maisonneuve 1	2
#0591F5	27	2142	5	Maisonneuve 1	Maisonneuve 1	June 2012	Maisonneuve 1	2
#0591F5	27	3658	5	Maisonneuve 1	Maisonneuve 1	July 2012	Maisonneuve 1	2
#0591F5	27	3098	5	Maisonneuve 1	Maisonneuve 1	August 2012	Maisonneuve 1	2
#0591F5	27	3465	5	Maisonneuve 1	Maisonneuve 1	September 2012	Maisonneuve 1	2
#0591F5	27	1244	5	Maisonneuve 1	Maisonneuve 1	October 2012	Maisonneuve 1	2
#0591F5	27	50	5	Maisonneuve 1	Maisonneuve 1	January 2013	Maisonneuve 1	2
#0591F5	27	178	5	Maisonneuve 1	Maisonneuve 1	February 2013	Maisonneuve 1	2
#0591F5	27	626	5	Maisonneuve 1	Maisonneuve 1	March 2013	Maisonneuve 1	2
#0591F5	27	1812	5	Maisonneuve 1	Maisonneuve 1	April 2013	Maisonneuve 1	2
#0591F5	27	3988	5	Maisonneuve 1	Maisonneuve 1	May 2013	Maisonneuve 1	2
#0591F5	27	3121	5	Maisonneuve 1	Maisonneuve 1	June 2013	Maisonneuve 1	2
#0591F5	27	2401	5	Maisonneuve 1	Maisonneuve 1	July 2013	Maisonneuve 1	2
#0591F5	27	3662	5	Maisonneuve 1	Maisonneuve 1	August 2013	Maisonneuve 1	2
#0591F5	28	1437	5	Maisonneuve 1	Maisonneuve 1	June 2009	Maisonneuve 1	2
#0591F5	28	2283	5	Maisonneuve 1	Maisonneuve 1	August 2009	Maisonneuve 1	2
#0591F5	28	90	5	Maisonneuve 1	Maisonneuve 1	September 2009	Maisonneuve 1	2
#0591F5	28	1101	5	Maisonneuve 1	Maisonneuve 1	October 2009	Maisonneuve 1	2
#0591F5	28	419	5	Maisonneuve 1	Maisonneuve 1	November 2009	Maisonneuve 1	2
#0591F5	28	41	5	Maisonneuve 1	Maisonneuve 1	December 2009	Maisonneuve 1	2
#0591F5	28	154	5	Maisonneuve 1	Maisonneuve 1	January 2010	Maisonneuve 1	2
#0591F5	28	80	5	Maisonneuve 1	Maisonneuve 1	February 2010	Maisonneuve 1	2
#0591F5	28	289	5	Maisonneuve 1	Maisonneuve 1	March 2010	Maisonneuve 1	2
#0591F5	28	1033	5	Maisonneuve 1	Maisonneuve 1	April 2010	Maisonneuve 1	2
#0591F5	28	3934	5	Maisonneuve 1	Maisonneuve 1	May 2010	Maisonneuve 1	2
#0591F5	28	2040	5	Maisonneuve 1	Maisonneuve 1	June 2010	Maisonneuve 1	2
#0591F5	28	3296	5	Maisonneuve 1	Maisonneuve 1	July 2010	Maisonneuve 1	2
#0591F5	28	1952	5	Maisonneuve 1	Maisonneuve 1	October 2010	Maisonneuve 1	2
#0591F5	28	204	5	Maisonneuve 1	Maisonneuve 1	November 2010	Maisonneuve 1	2
#0591F5	28	61	5	Maisonneuve 1	Maisonneuve 1	December 2010	Maisonneuve 1	2
#0591F5	28	152	5	Maisonneuve 1	Maisonneuve 1	January 2011	Maisonneuve 1	2
#0591F5	28	60	5	Maisonneuve 1	Maisonneuve 1	February 2011	Maisonneuve 1	2
#0591F5	28	309	5	Maisonneuve 1	Maisonneuve 1	March 2011	Maisonneuve 1	2
#0591F5	28	1275	5	Maisonneuve 1	Maisonneuve 1	April 2011	Maisonneuve 1	2
#0591F5	28	1155	5	Maisonneuve 1	Maisonneuve 1	May 2011	Maisonneuve 1	2
#0591F5	28	4617	5	Maisonneuve 1	Maisonneuve 1	June 2011	Maisonneuve 1	2
#0591F5	28	3517	5	Maisonneuve 1	Maisonneuve 1	July 2011	Maisonneuve 1	2
#0591F5	28	322	5	Maisonneuve 1	Maisonneuve 1	August 2011	Maisonneuve 1	2
#0591F5	28	3523	5	Maisonneuve 1	Maisonneuve 1	September 2011	Maisonneuve 1	2
#0591F5	28	1828	5	Maisonneuve 1	Maisonneuve 1	October 2011	Maisonneuve 1	2
#0591F5	28	61	5	Maisonneuve 1	Maisonneuve 1	January 2012	Maisonneuve 1	2
#0591F5	28	158	5	Maisonneuve 1	Maisonneuve 1	February 2012	Maisonneuve 1	2
#0591F5	28	329	5	Maisonneuve 1	Maisonneuve 1	March 2012	Maisonneuve 1	2
#0591F5	28	1190	5	Maisonneuve 1	Maisonneuve 1	April 2012	Maisonneuve 1	2
#0591F5	28	3449	5	Maisonneuve 1	Maisonneuve 1	May 2012	Maisonneuve 1	2
#0591F5	28	4411	5	Maisonneuve 1	Maisonneuve 1	June 2012	Maisonneuve 1	2
#0591F5	28	2504	5	Maisonneuve 1	Maisonneuve 1	July 2012	Maisonneuve 1	2
#0591F5	28	3966	5	Maisonneuve 1	Maisonneuve 1	August 2012	Maisonneuve 1	2
#0591F5	28	3209	5	Maisonneuve 1	Maisonneuve 1	September 2012	Maisonneuve 1	2
#0591F5	28	910	5	Maisonneuve 1	Maisonneuve 1	October 2012	Maisonneuve 1	2
#0591F5	28	132	5	Maisonneuve 1	Maisonneuve 1	January 2013	Maisonneuve 1	2
#0591F5	28	138	5	Maisonneuve 1	Maisonneuve 1	February 2013	Maisonneuve 1	2
#0591F5	28	707	5	Maisonneuve 1	Maisonneuve 1	March 2013	Maisonneuve 1	2
#0591F5	28	1917	5	Maisonneuve 1	Maisonneuve 1	April 2013	Maisonneuve 1	2
#0591F5	28	4655	5	Maisonneuve 1	Maisonneuve 1	May 2013	Maisonneuve 1	2
#0591F5	28	1321	5	Maisonneuve 1	Maisonneuve 1	June 2013	Maisonneuve 1	2
#0591F5	28	1416	5	Maisonneuve 1	Maisonneuve 1	July 2013	Maisonneuve 1	2
#0591F5	28	3717	5	Maisonneuve 1	Maisonneuve 1	August 2013	Maisonneuve 1	2
#0591F5	29	596	5	Maisonneuve 1	Maisonneuve 1	June 2009	Maisonneuve 1	2
#0591F5	29	1637	5	Maisonneuve 1	Maisonneuve 1	July 2009	Maisonneuve 1	2
#0591F5	29	590	5	Maisonneuve 1	Maisonneuve 1	August 2009	Maisonneuve 1	2
#0591F5	29	11	5	Maisonneuve 1	Maisonneuve 1	September 2009	Maisonneuve 1	2
#0591F5	29	1185	5	Maisonneuve 1	Maisonneuve 1	October 2009	Maisonneuve 1	2
#0591F5	29	315	5	Maisonneuve 1	Maisonneuve 1	November 2009	Maisonneuve 1	2
#0591F5	29	52	5	Maisonneuve 1	Maisonneuve 1	December 2009	Maisonneuve 1	2
#0591F5	29	92	5	Maisonneuve 1	Maisonneuve 1	January 2010	Maisonneuve 1	2
#0591F5	29	319	5	Maisonneuve 1	Maisonneuve 1	March 2010	Maisonneuve 1	2
#0591F5	29	2283	5	Maisonneuve 1	Maisonneuve 1	April 2010	Maisonneuve 1	2
#0591F5	29	2430	5	Maisonneuve 1	Maisonneuve 1	May 2010	Maisonneuve 1	2
#0591F5	29	3463	5	Maisonneuve 1	Maisonneuve 1	June 2010	Maisonneuve 1	2
#0591F5	29	3863	5	Maisonneuve 1	Maisonneuve 1	July 2010	Maisonneuve 1	2
#0591F5	29	1477	5	Maisonneuve 1	Maisonneuve 1	October 2010	Maisonneuve 1	2
#0591F5	29	741	5	Maisonneuve 1	Maisonneuve 1	November 2010	Maisonneuve 1	2
#0591F5	29	90	5	Maisonneuve 1	Maisonneuve 1	December 2010	Maisonneuve 1	2
#0591F5	29	36	5	Maisonneuve 1	Maisonneuve 1	January 2011	Maisonneuve 1	2
#0591F5	29	502	5	Maisonneuve 1	Maisonneuve 1	March 2011	Maisonneuve 1	2
#0591F5	29	2012	5	Maisonneuve 1	Maisonneuve 1	April 2011	Maisonneuve 1	2
#0591F5	29	1493	5	Maisonneuve 1	Maisonneuve 1	May 2011	Maisonneuve 1	2
#0591F5	29	3066	5	Maisonneuve 1	Maisonneuve 1	June 2011	Maisonneuve 1	2
#0591F5	29	2818	5	Maisonneuve 1	Maisonneuve 1	July 2011	Maisonneuve 1	2
#0591F5	29	3374	5	Maisonneuve 1	Maisonneuve 1	August 2011	Maisonneuve 1	2
#0591F5	29	1857	5	Maisonneuve 1	Maisonneuve 1	September 2011	Maisonneuve 1	2
#0591F5	29	922	5	Maisonneuve 1	Maisonneuve 1	October 2011	Maisonneuve 1	2
#0591F5	29	65	5	Maisonneuve 1	Maisonneuve 1	January 2012	Maisonneuve 1	2
#0591F5	29	164	5	Maisonneuve 1	Maisonneuve 1	February 2012	Maisonneuve 1	2
#0591F5	29	646	5	Maisonneuve 1	Maisonneuve 1	March 2012	Maisonneuve 1	2
#0591F5	29	1212	5	Maisonneuve 1	Maisonneuve 1	April 2012	Maisonneuve 1	2
#0591F5	29	2325	5	Maisonneuve 1	Maisonneuve 1	May 2012	Maisonneuve 1	2
#0591F5	29	4004	5	Maisonneuve 1	Maisonneuve 1	June 2012	Maisonneuve 1	2
#0591F5	29	1791	5	Maisonneuve 1	Maisonneuve 1	July 2012	Maisonneuve 1	2
#0591F5	29	4370	5	Maisonneuve 1	Maisonneuve 1	August 2012	Maisonneuve 1	2
#0591F5	29	1206	5	Maisonneuve 1	Maisonneuve 1	September 2012	Maisonneuve 1	2
#0591F5	29	2071	5	Maisonneuve 1	Maisonneuve 1	October 2012	Maisonneuve 1	2
#0591F5	29	135	5	Maisonneuve 1	Maisonneuve 1	January 2013	Maisonneuve 1	2
#0591F5	29	503	5	Maisonneuve 1	Maisonneuve 1	March 2013	Maisonneuve 1	2
#0591F5	29	2742	5	Maisonneuve 1	Maisonneuve 1	April 2013	Maisonneuve 1	2
#0591F5	29	2061	5	Maisonneuve 1	Maisonneuve 1	May 2013	Maisonneuve 1	2
#0591F5	29	2367	5	Maisonneuve 1	Maisonneuve 1	June 2013	Maisonneuve 1	2
#0591F5	29	2512	5	Maisonneuve 1	Maisonneuve 1	July 2013	Maisonneuve 1	2
#0591F5	29	3902	5	Maisonneuve 1	Maisonneuve 1	August 2013	Maisonneuve 1	2
#0591F5	30	2945	5	Maisonneuve 1	Maisonneuve 1	June 2009	Maisonneuve 1	2
#0591F5	30	2527	5	Maisonneuve 1	Maisonneuve 1	July 2009	Maisonneuve 1	2
#0591F5	30	1037	5	Maisonneuve 1	Maisonneuve 1	August 2009	Maisonneuve 1	2
#0591F5	30	22	5	Maisonneuve 1	Maisonneuve 1	September 2009	Maisonneuve 1	2
#0591F5	30	979	5	Maisonneuve 1	Maisonneuve 1	October 2009	Maisonneuve 1	2
#0591F5	30	412	5	Maisonneuve 1	Maisonneuve 1	November 2009	Maisonneuve 1	2
#0591F5	30	43	5	Maisonneuve 1	Maisonneuve 1	December 2009	Maisonneuve 1	2
#0591F5	30	37	5	Maisonneuve 1	Maisonneuve 1	January 2010	Maisonneuve 1	2
#0591F5	30	729	5	Maisonneuve 1	Maisonneuve 1	March 2010	Maisonneuve 1	2
#0591F5	30	2606	5	Maisonneuve 1	Maisonneuve 1	April 2010	Maisonneuve 1	2
#0591F5	30	2003	5	Maisonneuve 1	Maisonneuve 1	May 2010	Maisonneuve 1	2
#0591F5	30	3002	5	Maisonneuve 1	Maisonneuve 1	June 2010	Maisonneuve 1	2
#0591F5	30	3623	5	Maisonneuve 1	Maisonneuve 1	July 2010	Maisonneuve 1	2
#0591F5	30	540	5	Maisonneuve 1	Maisonneuve 1	October 2010	Maisonneuve 1	2
#0591F5	30	628	5	Maisonneuve 1	Maisonneuve 1	November 2010	Maisonneuve 1	2
#0591F5	30	122	5	Maisonneuve 1	Maisonneuve 1	December 2010	Maisonneuve 1	2
#0591F5	30	50	5	Maisonneuve 1	Maisonneuve 1	January 2011	Maisonneuve 1	2
#0591F5	30	676	5	Maisonneuve 1	Maisonneuve 1	March 2011	Maisonneuve 1	2
#0591F5	30	1948	5	Maisonneuve 1	Maisonneuve 1	April 2011	Maisonneuve 1	2
#0591F5	30	4201	5	Maisonneuve 1	Maisonneuve 1	May 2011	Maisonneuve 1	2
#0591F5	30	3054	5	Maisonneuve 1	Maisonneuve 1	June 2011	Maisonneuve 1	2
#0591F5	30	2383	5	Maisonneuve 1	Maisonneuve 1	July 2011	Maisonneuve 1	2
#0591F5	30	3646	5	Maisonneuve 1	Maisonneuve 1	August 2011	Maisonneuve 1	2
#0591F5	30	3042	5	Maisonneuve 1	Maisonneuve 1	September 2011	Maisonneuve 1	2
#0591F5	30	805	5	Maisonneuve 1	Maisonneuve 1	October 2011	Maisonneuve 1	2
#0591F5	30	146	5	Maisonneuve 1	Maisonneuve 1	January 2012	Maisonneuve 1	2
#0591F5	30	910	5	Maisonneuve 1	Maisonneuve 1	March 2012	Maisonneuve 1	2
#0591F5	30	2825	5	Maisonneuve 1	Maisonneuve 1	April 2012	Maisonneuve 1	2
#0591F5	30	4806	5	Maisonneuve 1	Maisonneuve 1	May 2012	Maisonneuve 1	2
#0591F5	30	3007	5	Maisonneuve 1	Maisonneuve 1	June 2012	Maisonneuve 1	2
#0591F5	30	2975	5	Maisonneuve 1	Maisonneuve 1	July 2012	Maisonneuve 1	2
#0591F5	30	4199	5	Maisonneuve 1	Maisonneuve 1	August 2012	Maisonneuve 1	2
#0591F5	30	513	5	Maisonneuve 1	Maisonneuve 1	September 2012	Maisonneuve 1	2
#0591F5	30	2007	5	Maisonneuve 1	Maisonneuve 1	October 2012	Maisonneuve 1	2
#0591F5	30	202	5	Maisonneuve 1	Maisonneuve 1	January 2013	Maisonneuve 1	2
#0591F5	30	509	5	Maisonneuve 1	Maisonneuve 1	March 2013	Maisonneuve 1	2
#0591F5	30	3163	5	Maisonneuve 1	Maisonneuve 1	April 2013	Maisonneuve 1	2
#0591F5	30	4663	5	Maisonneuve 1	Maisonneuve 1	May 2013	Maisonneuve 1	2
#0591F5	30	2906	5	Maisonneuve 1	Maisonneuve 1	June 2013	Maisonneuve 1	2
#0591F5	30	3288	5	Maisonneuve 1	Maisonneuve 1	July 2013	Maisonneuve 1	2
#0591F5	30	3019	5	Maisonneuve 1	Maisonneuve 1	August 2013	Maisonneuve 1	2
#0591F5	31	2265	5	Maisonneuve 1	Maisonneuve 1	July 2009	Maisonneuve 1	2
#0591F5	31	2439	5	Maisonneuve 1	Maisonneuve 1	August 2009	Maisonneuve 1	2
#0591F5	31	278	5	Maisonneuve 1	Maisonneuve 1	October 2009	Maisonneuve 1	2
#0591F5	31	46	5	Maisonneuve 1	Maisonneuve 1	December 2009	Maisonneuve 1	2
#0591F5	31	53	5	Maisonneuve 1	Maisonneuve 1	January 2010	Maisonneuve 1	2
#0591F5	31	821	5	Maisonneuve 1	Maisonneuve 1	March 2010	Maisonneuve 1	2
#0591F5	31	3345	5	Maisonneuve 1	Maisonneuve 1	May 2010	Maisonneuve 1	2
#0591F5	31	766	5	Maisonneuve 1	Maisonneuve 1	July 2010	Maisonneuve 1	2
#0591F5	31	495	5	Maisonneuve 1	Maisonneuve 1	October 2010	Maisonneuve 1	2
#0591F5	31	78	5	Maisonneuve 1	Maisonneuve 1	December 2010	Maisonneuve 1	2
#0591F5	31	97	5	Maisonneuve 1	Maisonneuve 1	January 2011	Maisonneuve 1	2
#0591F5	31	757	5	Maisonneuve 1	Maisonneuve 1	March 2011	Maisonneuve 1	2
#0591F5	31	4920	5	Maisonneuve 1	Maisonneuve 1	May 2011	Maisonneuve 1	2
#0591F5	31	1754	5	Maisonneuve 1	Maisonneuve 1	July 2011	Maisonneuve 1	2
#0591F5	31	4061	5	Maisonneuve 1	Maisonneuve 1	August 2011	Maisonneuve 1	2
#0591F5	31	2012	5	Maisonneuve 1	Maisonneuve 1	October 2011	Maisonneuve 1	2
#0591F5	31	109	5	Maisonneuve 1	Maisonneuve 1	January 2012	Maisonneuve 1	2
#0591F5	31	587	5	Maisonneuve 1	Maisonneuve 1	March 2012	Maisonneuve 1	2
#0591F5	31	3985	5	Maisonneuve 1	Maisonneuve 1	May 2012	Maisonneuve 1	2
#0591F5	31	3145	5	Maisonneuve 1	Maisonneuve 1	July 2012	Maisonneuve 1	2
#0591F5	31	2999	5	Maisonneuve 1	Maisonneuve 1	August 2012	Maisonneuve 1	2
#0591F5	31	1835	5	Maisonneuve 1	Maisonneuve 1	October 2012	Maisonneuve 1	2
#0591F5	31	152	5	Maisonneuve 1	Maisonneuve 1	January 2013	Maisonneuve 1	2
#0591F5	31	311	5	Maisonneuve 1	Maisonneuve 1	March 2013	Maisonneuve 1	2
#0591F5	31	4716	5	Maisonneuve 1	Maisonneuve 1	May 2013	Maisonneuve 1	2
#0591F5	31	3236	5	Maisonneuve 1	Maisonneuve 1	July 2013	Maisonneuve 1	2
#0591F5	31	1701	5	Maisonneuve 1	Maisonneuve 1	August 2013	Maisonneuve 1	2
#FC9D31	1	3051	6	Maisonneuve 2	Maisonneuve 2	July 2009	Maisonneuve 2	2
#FC9D31	1	3351	6	Maisonneuve 2	Maisonneuve 2	August 2009	Maisonneuve 2	2
#FC9D31	1	5765	6	Maisonneuve 2	Maisonneuve 2	September 2009	Maisonneuve 2	2
#FC9D31	1	3528	6	Maisonneuve 2	Maisonneuve 2	October 2009	Maisonneuve 2	2
#FC9D31	1	1273	6	Maisonneuve 2	Maisonneuve 2	November 2009	Maisonneuve 2	2
#FC9D31	1	1473	6	Maisonneuve 2	Maisonneuve 2	December 2009	Maisonneuve 2	2
#FC9D31	1	37	6	Maisonneuve 2	Maisonneuve 2	January 2010	Maisonneuve 2	2
#FC9D31	1	348	6	Maisonneuve 2	Maisonneuve 2	February 2010	Maisonneuve 2	2
#FC9D31	1	647	6	Maisonneuve 2	Maisonneuve 2	March 2010	Maisonneuve 2	2
#FC9D31	1	2767	6	Maisonneuve 2	Maisonneuve 2	April 2010	Maisonneuve 2	2
#FC9D31	1	2391	6	Maisonneuve 2	Maisonneuve 2	May 2010	Maisonneuve 2	2
#FC9D31	1	3255	6	Maisonneuve 2	Maisonneuve 2	June 2010	Maisonneuve 2	2
#FC9D31	1	3380	6	Maisonneuve 2	Maisonneuve 2	July 2010	Maisonneuve 2	2
#FC9D31	1	3768	6	Maisonneuve 2	Maisonneuve 2	August 2010	Maisonneuve 2	2
#FC9D31	1	6290	6	Maisonneuve 2	Maisonneuve 2	September 2010	Maisonneuve 2	2
#FC9D31	1	3296	6	Maisonneuve 2	Maisonneuve 2	October 2010	Maisonneuve 2	2
#FC9D31	1	3121	6	Maisonneuve 2	Maisonneuve 2	November 2010	Maisonneuve 2	2
#FC9D31	1	834	6	Maisonneuve 2	Maisonneuve 2	December 2010	Maisonneuve 2	2
#FC9D31	1	110	6	Maisonneuve 2	Maisonneuve 2	January 2011	Maisonneuve 2	2
#FC9D31	1	398	6	Maisonneuve 2	Maisonneuve 2	February 2011	Maisonneuve 2	2
#FC9D31	1	333	6	Maisonneuve 2	Maisonneuve 2	March 2011	Maisonneuve 2	2
#FC9D31	1	1185	6	Maisonneuve 2	Maisonneuve 2	April 2011	Maisonneuve 2	2
#FC9D31	1	3964	6	Maisonneuve 2	Maisonneuve 2	May 2011	Maisonneuve 2	2
#FC9D31	1	7410	6	Maisonneuve 2	Maisonneuve 2	June 2011	Maisonneuve 2	2
#FC9D31	1	4512	6	Maisonneuve 2	Maisonneuve 2	July 2011	Maisonneuve 2	2
#FC9D31	1	4954	6	Maisonneuve 2	Maisonneuve 2	August 2011	Maisonneuve 2	2
#FC9D31	1	7267	6	Maisonneuve 2	Maisonneuve 2	September 2011	Maisonneuve 2	2
#FC9D31	1	1598	6	Maisonneuve 2	Maisonneuve 2	October 2011	Maisonneuve 2	2
#FC9D31	1	4410	6	Maisonneuve 2	Maisonneuve 2	November 2011	Maisonneuve 2	2
#FC9D31	1	51	6	Maisonneuve 2	Maisonneuve 2	January 2012	Maisonneuve 2	2
#FC9D31	1	271	6	Maisonneuve 2	Maisonneuve 2	February 2012	Maisonneuve 2	2
#FC9D31	1	199	6	Maisonneuve 2	Maisonneuve 2	March 2012	Maisonneuve 2	2
#FC9D31	1	824	6	Maisonneuve 2	Maisonneuve 2	April 2012	Maisonneuve 2	2
#FC9D31	1	2766	6	Maisonneuve 2	Maisonneuve 2	May 2012	Maisonneuve 2	2
#FC9D31	1	7175	6	Maisonneuve 2	Maisonneuve 2	June 2012	Maisonneuve 2	2
#FC9D31	1	3935	6	Maisonneuve 2	Maisonneuve 2	July 2012	Maisonneuve 2	2
#FC9D31	1	5846	6	Maisonneuve 2	Maisonneuve 2	August 2012	Maisonneuve 2	2
#FC9D31	1	3917	6	Maisonneuve 2	Maisonneuve 2	September 2012	Maisonneuve 2	2
#FC9D31	1	3830	6	Maisonneuve 2	Maisonneuve 2	October 2012	Maisonneuve 2	2
#FC9D31	1	3082	6	Maisonneuve 2	Maisonneuve 2	November 2012	Maisonneuve 2	2
#FC9D31	1	325	6	Maisonneuve 2	Maisonneuve 2	February 2013	Maisonneuve 2	2
#FC9D31	1	442	6	Maisonneuve 2	Maisonneuve 2	March 2013	Maisonneuve 2	2
#FC9D31	1	608	6	Maisonneuve 2	Maisonneuve 2	April 2013	Maisonneuve 2	2
#FC9D31	1	6797	6	Maisonneuve 2	Maisonneuve 2	May 2013	Maisonneuve 2	2
#FC9D31	1	4256	6	Maisonneuve 2	Maisonneuve 2	June 2013	Maisonneuve 2	2
#FC9D31	1	3628	6	Maisonneuve 2	Maisonneuve 2	July 2013	Maisonneuve 2	2
#FC9D31	1	4769	6	Maisonneuve 2	Maisonneuve 2	August 2013	Maisonneuve 2	2
#FC9D31	1	3991	6	Maisonneuve 2	Maisonneuve 2	September 2013	Maisonneuve 2	2
#FC9D31	2	4525	6	Maisonneuve 2	Maisonneuve 2	July 2009	Maisonneuve 2	2
#FC9D31	2	1293	6	Maisonneuve 2	Maisonneuve 2	August 2009	Maisonneuve 2	2
#FC9D31	2	5517	6	Maisonneuve 2	Maisonneuve 2	September 2009	Maisonneuve 2	2
#FC9D31	2	3735	6	Maisonneuve 2	Maisonneuve 2	October 2009	Maisonneuve 2	2
#FC9D31	2	3006	6	Maisonneuve 2	Maisonneuve 2	November 2009	Maisonneuve 2	2
#FC9D31	2	1867	6	Maisonneuve 2	Maisonneuve 2	December 2009	Maisonneuve 2	2
#FC9D31	2	47	6	Maisonneuve 2	Maisonneuve 2	January 2010	Maisonneuve 2	2
#FC9D31	2	366	6	Maisonneuve 2	Maisonneuve 2	February 2010	Maisonneuve 2	2
#FC9D31	2	945	6	Maisonneuve 2	Maisonneuve 2	March 2010	Maisonneuve 2	2
#FC9D31	2	2387	6	Maisonneuve 2	Maisonneuve 2	April 2010	Maisonneuve 2	2
#FC9D31	2	2647	6	Maisonneuve 2	Maisonneuve 2	May 2010	Maisonneuve 2	2
#FC9D31	2	7204	6	Maisonneuve 2	Maisonneuve 2	June 2010	Maisonneuve 2	2
#FC9D31	2	5622	6	Maisonneuve 2	Maisonneuve 2	July 2010	Maisonneuve 2	2
#FC9D31	2	5189	6	Maisonneuve 2	Maisonneuve 2	August 2010	Maisonneuve 2	2
#FC9D31	2	6019	6	Maisonneuve 2	Maisonneuve 2	September 2010	Maisonneuve 2	2
#FC9D31	2	2738	6	Maisonneuve 2	Maisonneuve 2	October 2010	Maisonneuve 2	2
#FC9D31	2	3513	6	Maisonneuve 2	Maisonneuve 2	November 2010	Maisonneuve 2	2
#FC9D31	2	1485	6	Maisonneuve 2	Maisonneuve 2	December 2010	Maisonneuve 2	2
#FC9D31	2	169	6	Maisonneuve 2	Maisonneuve 2	January 2011	Maisonneuve 2	2
#FC9D31	2	89	6	Maisonneuve 2	Maisonneuve 2	February 2011	Maisonneuve 2	2
#FC9D31	2	378	6	Maisonneuve 2	Maisonneuve 2	March 2011	Maisonneuve 2	2
#FC9D31	2	1164	6	Maisonneuve 2	Maisonneuve 2	April 2011	Maisonneuve 2	2
#FC9D31	2	3675	6	Maisonneuve 2	Maisonneuve 2	May 2011	Maisonneuve 2	2
#FC9D31	2	5903	6	Maisonneuve 2	Maisonneuve 2	June 2011	Maisonneuve 2	2
#FC9D31	2	4974	6	Maisonneuve 2	Maisonneuve 2	July 2011	Maisonneuve 2	2
#FC9D31	2	6606	6	Maisonneuve 2	Maisonneuve 2	August 2011	Maisonneuve 2	2
#FC9D31	2	6885	6	Maisonneuve 2	Maisonneuve 2	September 2011	Maisonneuve 2	2
#FC9D31	2	754	6	Maisonneuve 2	Maisonneuve 2	October 2011	Maisonneuve 2	2
#FC9D31	2	4658	6	Maisonneuve 2	Maisonneuve 2	November 2011	Maisonneuve 2	2
#FC9D31	2	153	6	Maisonneuve 2	Maisonneuve 2	January 2012	Maisonneuve 2	2
#FC9D31	2	345	6	Maisonneuve 2	Maisonneuve 2	February 2012	Maisonneuve 2	2
#FC9D31	2	283	6	Maisonneuve 2	Maisonneuve 2	March 2012	Maisonneuve 2	2
#FC9D31	2	2853	6	Maisonneuve 2	Maisonneuve 2	April 2012	Maisonneuve 2	2
#FC9D31	2	4731	6	Maisonneuve 2	Maisonneuve 2	May 2012	Maisonneuve 2	2
#FC9D31	2	1289	6	Maisonneuve 2	Maisonneuve 2	June 2012	Maisonneuve 2	2
#FC9D31	2	3998	6	Maisonneuve 2	Maisonneuve 2	July 2012	Maisonneuve 2	2
#FC9D31	2	6956	6	Maisonneuve 2	Maisonneuve 2	August 2012	Maisonneuve 2	2
#FC9D31	2	3827	6	Maisonneuve 2	Maisonneuve 2	September 2012	Maisonneuve 2	2
#FC9D31	2	5845	6	Maisonneuve 2	Maisonneuve 2	October 2012	Maisonneuve 2	2
#FC9D31	2	2277	6	Maisonneuve 2	Maisonneuve 2	November 2012	Maisonneuve 2	2
#FC9D31	2	103	6	Maisonneuve 2	Maisonneuve 2	February 2013	Maisonneuve 2	2
#FC9D31	2	184	6	Maisonneuve 2	Maisonneuve 2	March 2013	Maisonneuve 2	2
#FC9D31	2	1316	6	Maisonneuve 2	Maisonneuve 2	April 2013	Maisonneuve 2	2
#FC9D31	2	7176	6	Maisonneuve 2	Maisonneuve 2	May 2013	Maisonneuve 2	2
#FC9D31	2	3380	6	Maisonneuve 2	Maisonneuve 2	June 2013	Maisonneuve 2	2
#FC9D31	2	5855	6	Maisonneuve 2	Maisonneuve 2	July 2013	Maisonneuve 2	2
#FC9D31	2	5463	6	Maisonneuve 2	Maisonneuve 2	August 2013	Maisonneuve 2	2
#FC9D31	2	2073	6	Maisonneuve 2	Maisonneuve 2	September 2013	Maisonneuve 2	2
#FC9D31	3	3069	6	Maisonneuve 2	Maisonneuve 2	July 2009	Maisonneuve 2	2
#FC9D31	3	4853	6	Maisonneuve 2	Maisonneuve 2	August 2009	Maisonneuve 2	2
#FC9D31	3	5762	6	Maisonneuve 2	Maisonneuve 2	September 2009	Maisonneuve 2	2
#FC9D31	3	1362	6	Maisonneuve 2	Maisonneuve 2	October 2009	Maisonneuve 2	2
#FC9D31	3	2246	6	Maisonneuve 2	Maisonneuve 2	November 2009	Maisonneuve 2	2
#FC9D31	3	921	6	Maisonneuve 2	Maisonneuve 2	December 2009	Maisonneuve 2	2
#FC9D31	3	56	6	Maisonneuve 2	Maisonneuve 2	January 2010	Maisonneuve 2	2
#FC9D31	3	444	6	Maisonneuve 2	Maisonneuve 2	February 2010	Maisonneuve 2	2
#FC9D31	3	983	6	Maisonneuve 2	Maisonneuve 2	March 2010	Maisonneuve 2	2
#FC9D31	3	2282	6	Maisonneuve 2	Maisonneuve 2	April 2010	Maisonneuve 2	2
#FC9D31	3	3480	6	Maisonneuve 2	Maisonneuve 2	May 2010	Maisonneuve 2	2
#FC9D31	3	4649	6	Maisonneuve 2	Maisonneuve 2	June 2010	Maisonneuve 2	2
#FC9D31	3	4387	6	Maisonneuve 2	Maisonneuve 2	July 2010	Maisonneuve 2	2
#FC9D31	3	2305	6	Maisonneuve 2	Maisonneuve 2	August 2010	Maisonneuve 2	2
#FC9D31	3	6228	6	Maisonneuve 2	Maisonneuve 2	September 2010	Maisonneuve 2	2
#FC9D31	3	2221	6	Maisonneuve 2	Maisonneuve 2	October 2010	Maisonneuve 2	2
#FC9D31	3	3761	6	Maisonneuve 2	Maisonneuve 2	November 2010	Maisonneuve 2	2
#FC9D31	3	1440	6	Maisonneuve 2	Maisonneuve 2	December 2010	Maisonneuve 2	2
#FC9D31	3	329	6	Maisonneuve 2	Maisonneuve 2	January 2011	Maisonneuve 2	2
#FC9D31	3	276	6	Maisonneuve 2	Maisonneuve 2	February 2011	Maisonneuve 2	2
#FC9D31	3	373	6	Maisonneuve 2	Maisonneuve 2	March 2011	Maisonneuve 2	2
#FC9D31	3	1213	6	Maisonneuve 2	Maisonneuve 2	April 2011	Maisonneuve 2	2
#FC9D31	3	2418	6	Maisonneuve 2	Maisonneuve 2	May 2011	Maisonneuve 2	2
#FC9D31	3	7502	6	Maisonneuve 2	Maisonneuve 2	June 2011	Maisonneuve 2	2
#FC9D31	3	4201	6	Maisonneuve 2	Maisonneuve 2	July 2011	Maisonneuve 2	2
#FC9D31	3	7374	6	Maisonneuve 2	Maisonneuve 2	August 2011	Maisonneuve 2	2
#FC9D31	3	4130	6	Maisonneuve 2	Maisonneuve 2	September 2011	Maisonneuve 2	2
#FC9D31	3	3039	6	Maisonneuve 2	Maisonneuve 2	October 2011	Maisonneuve 2	2
#FC9D31	3	3513	6	Maisonneuve 2	Maisonneuve 2	November 2011	Maisonneuve 2	2
#FC9D31	3	248	6	Maisonneuve 2	Maisonneuve 2	January 2012	Maisonneuve 2	2
#FC9D31	3	301	6	Maisonneuve 2	Maisonneuve 2	February 2012	Maisonneuve 2	2
#FC9D31	3	133	6	Maisonneuve 2	Maisonneuve 2	March 2012	Maisonneuve 2	2
#FC9D31	3	3556	6	Maisonneuve 2	Maisonneuve 2	April 2012	Maisonneuve 2	2
#FC9D31	3	4943	6	Maisonneuve 2	Maisonneuve 2	May 2012	Maisonneuve 2	2
#FC9D31	3	3768	6	Maisonneuve 2	Maisonneuve 2	June 2012	Maisonneuve 2	2
#FC9D31	3	7416	6	Maisonneuve 2	Maisonneuve 2	July 2012	Maisonneuve 2	2
#FC9D31	3	6427	6	Maisonneuve 2	Maisonneuve 2	August 2012	Maisonneuve 2	2
#FC9D31	3	3718	6	Maisonneuve 2	Maisonneuve 2	September 2012	Maisonneuve 2	2
#FC9D31	3	5475	6	Maisonneuve 2	Maisonneuve 2	October 2012	Maisonneuve 2	2
#FC9D31	3	1137	6	Maisonneuve 2	Maisonneuve 2	November 2012	Maisonneuve 2	2
#FC9D31	3	6	6	Maisonneuve 2	Maisonneuve 2	January 2013	Maisonneuve 2	2
#FC9D31	3	91	6	Maisonneuve 2	Maisonneuve 2	February 2013	Maisonneuve 2	2
#FC9D31	3	101	6	Maisonneuve 2	Maisonneuve 2	March 2013	Maisonneuve 2	2
#FC9D31	3	1470	6	Maisonneuve 2	Maisonneuve 2	April 2013	Maisonneuve 2	2
#FC9D31	3	7000	6	Maisonneuve 2	Maisonneuve 2	May 2013	Maisonneuve 2	2
#FC9D31	3	6291	6	Maisonneuve 2	Maisonneuve 2	June 2013	Maisonneuve 2	2
#FC9D31	3	7486	6	Maisonneuve 2	Maisonneuve 2	July 2013	Maisonneuve 2	2
#FC9D31	3	3712	6	Maisonneuve 2	Maisonneuve 2	August 2013	Maisonneuve 2	2
#FC9D31	3	7127	6	Maisonneuve 2	Maisonneuve 2	September 2013	Maisonneuve 2	2
#FC9D31	4	2325	6	Maisonneuve 2	Maisonneuve 2	July 2009	Maisonneuve 2	2
#FC9D31	4	4350	6	Maisonneuve 2	Maisonneuve 2	August 2009	Maisonneuve 2	2
#FC9D31	4	5327	6	Maisonneuve 2	Maisonneuve 2	September 2009	Maisonneuve 2	2
#FC9D31	4	1620	6	Maisonneuve 2	Maisonneuve 2	October 2009	Maisonneuve 2	2
#FC9D31	4	2693	6	Maisonneuve 2	Maisonneuve 2	November 2009	Maisonneuve 2	2
#FC9D31	4	1472	6	Maisonneuve 2	Maisonneuve 2	December 2009	Maisonneuve 2	2
#FC9D31	4	237	6	Maisonneuve 2	Maisonneuve 2	January 2010	Maisonneuve 2	2
#FC9D31	4	389	6	Maisonneuve 2	Maisonneuve 2	February 2010	Maisonneuve 2	2
#FC9D31	4	1009	6	Maisonneuve 2	Maisonneuve 2	March 2010	Maisonneuve 2	2
#FC9D31	4	1676	6	Maisonneuve 2	Maisonneuve 2	April 2010	Maisonneuve 2	2
#FC9D31	4	4524	6	Maisonneuve 2	Maisonneuve 2	May 2010	Maisonneuve 2	2
#FC9D31	4	6939	6	Maisonneuve 2	Maisonneuve 2	June 2010	Maisonneuve 2	2
#FC9D31	4	3620	6	Maisonneuve 2	Maisonneuve 2	July 2010	Maisonneuve 2	2
#FC9D31	4	4281	6	Maisonneuve 2	Maisonneuve 2	August 2010	Maisonneuve 2	2
#FC9D31	4	2741	6	Maisonneuve 2	Maisonneuve 2	September 2010	Maisonneuve 2	2
#FC9D31	4	5323	6	Maisonneuve 2	Maisonneuve 2	October 2010	Maisonneuve 2	2
#FC9D31	4	2170	6	Maisonneuve 2	Maisonneuve 2	November 2010	Maisonneuve 2	2
#FC9D31	4	374	6	Maisonneuve 2	Maisonneuve 2	December 2010	Maisonneuve 2	2
#FC9D31	4	441	6	Maisonneuve 2	Maisonneuve 2	January 2011	Maisonneuve 2	2
#FC9D31	4	356	6	Maisonneuve 2	Maisonneuve 2	February 2011	Maisonneuve 2	2
#FC9D31	4	417	6	Maisonneuve 2	Maisonneuve 2	March 2011	Maisonneuve 2	2
#FC9D31	4	905	6	Maisonneuve 2	Maisonneuve 2	April 2011	Maisonneuve 2	2
#FC9D31	4	1791	6	Maisonneuve 2	Maisonneuve 2	May 2011	Maisonneuve 2	2
#FC9D31	4	5120	6	Maisonneuve 2	Maisonneuve 2	June 2011	Maisonneuve 2	2
#FC9D31	4	7804	6	Maisonneuve 2	Maisonneuve 2	July 2011	Maisonneuve 2	2
#FC9D31	4	7262	6	Maisonneuve 2	Maisonneuve 2	August 2011	Maisonneuve 2	2
#FC9D31	4	2697	6	Maisonneuve 2	Maisonneuve 2	September 2011	Maisonneuve 2	2
#FC9D31	4	4689	6	Maisonneuve 2	Maisonneuve 2	October 2011	Maisonneuve 2	2
#FC9D31	4	318	6	Maisonneuve 2	Maisonneuve 2	January 2012	Maisonneuve 2	2
#FC9D31	4	119	6	Maisonneuve 2	Maisonneuve 2	February 2012	Maisonneuve 2	2
#FC9D31	4	138	6	Maisonneuve 2	Maisonneuve 2	March 2012	Maisonneuve 2	2
#FC9D31	4	2956	6	Maisonneuve 2	Maisonneuve 2	April 2012	Maisonneuve 2	2
#FC9D31	4	3717	6	Maisonneuve 2	Maisonneuve 2	May 2012	Maisonneuve 2	2
#FC9D31	4	4276	6	Maisonneuve 2	Maisonneuve 2	June 2012	Maisonneuve 2	2
#FC9D31	4	5814	6	Maisonneuve 2	Maisonneuve 2	July 2012	Maisonneuve 2	2
#FC9D31	4	4425	6	Maisonneuve 2	Maisonneuve 2	August 2012	Maisonneuve 2	2
#FC9D31	4	5275	6	Maisonneuve 2	Maisonneuve 2	September 2012	Maisonneuve 2	2
#FC9D31	4	4850	6	Maisonneuve 2	Maisonneuve 2	October 2012	Maisonneuve 2	2
#FC9D31	4	1277	6	Maisonneuve 2	Maisonneuve 2	November 2012	Maisonneuve 2	2
#FC9D31	4	4	6	Maisonneuve 2	Maisonneuve 2	January 2013	Maisonneuve 2	2
#FC9D31	4	389	6	Maisonneuve 2	Maisonneuve 2	February 2013	Maisonneuve 2	2
#FC9D31	4	420	6	Maisonneuve 2	Maisonneuve 2	March 2013	Maisonneuve 2	2
#FC9D31	4	2022	6	Maisonneuve 2	Maisonneuve 2	April 2013	Maisonneuve 2	2
#FC9D31	4	4795	6	Maisonneuve 2	Maisonneuve 2	May 2013	Maisonneuve 2	2
#FC9D31	4	6998	6	Maisonneuve 2	Maisonneuve 2	June 2013	Maisonneuve 2	2
#FC9D31	4	7423	6	Maisonneuve 2	Maisonneuve 2	July 2013	Maisonneuve 2	2
#FC9D31	4	2857	6	Maisonneuve 2	Maisonneuve 2	August 2013	Maisonneuve 2	2
#FC9D31	4	7005	6	Maisonneuve 2	Maisonneuve 2	September 2013	Maisonneuve 2	2
#FC9D31	5	3310	6	Maisonneuve 2	Maisonneuve 2	July 2009	Maisonneuve 2	2
#FC9D31	5	5201	6	Maisonneuve 2	Maisonneuve 2	August 2009	Maisonneuve 2	2
#FC9D31	5	3059	6	Maisonneuve 2	Maisonneuve 2	September 2009	Maisonneuve 2	2
#FC9D31	5	3801	6	Maisonneuve 2	Maisonneuve 2	October 2009	Maisonneuve 2	2
#FC9D31	5	2469	6	Maisonneuve 2	Maisonneuve 2	November 2009	Maisonneuve 2	2
#FC9D31	5	746	6	Maisonneuve 2	Maisonneuve 2	December 2009	Maisonneuve 2	2
#FC9D31	5	309	6	Maisonneuve 2	Maisonneuve 2	January 2010	Maisonneuve 2	2
#FC9D31	5	397	6	Maisonneuve 2	Maisonneuve 2	February 2010	Maisonneuve 2	2
#FC9D31	5	995	6	Maisonneuve 2	Maisonneuve 2	March 2010	Maisonneuve 2	2
#FC9D31	5	1594	6	Maisonneuve 2	Maisonneuve 2	April 2010	Maisonneuve 2	2
#FC9D31	5	5595	6	Maisonneuve 2	Maisonneuve 2	May 2010	Maisonneuve 2	2
#FC9D31	5	2816	6	Maisonneuve 2	Maisonneuve 2	June 2010	Maisonneuve 2	2
#FC9D31	5	6720	6	Maisonneuve 2	Maisonneuve 2	July 2010	Maisonneuve 2	2
#FC9D31	5	5540	6	Maisonneuve 2	Maisonneuve 2	August 2010	Maisonneuve 2	2
#FC9D31	5	2665	6	Maisonneuve 2	Maisonneuve 2	September 2010	Maisonneuve 2	2
#FC9D31	5	5959	6	Maisonneuve 2	Maisonneuve 2	October 2010	Maisonneuve 2	2
#FC9D31	5	1492	6	Maisonneuve 2	Maisonneuve 2	November 2010	Maisonneuve 2	2
#FC9D31	5	335	6	Maisonneuve 2	Maisonneuve 2	December 2010	Maisonneuve 2	2
#FC9D31	5	415	6	Maisonneuve 2	Maisonneuve 2	January 2011	Maisonneuve 2	2
#FC9D31	5	178	6	Maisonneuve 2	Maisonneuve 2	February 2011	Maisonneuve 2	2
#FC9D31	5	100	6	Maisonneuve 2	Maisonneuve 2	March 2011	Maisonneuve 2	2
#FC9D31	5	1109	6	Maisonneuve 2	Maisonneuve 2	April 2011	Maisonneuve 2	2
#FC9D31	5	1626	6	Maisonneuve 2	Maisonneuve 2	May 2011	Maisonneuve 2	2
#FC9D31	5	4933	6	Maisonneuve 2	Maisonneuve 2	June 2011	Maisonneuve 2	2
#FC9D31	5	7970	6	Maisonneuve 2	Maisonneuve 2	July 2011	Maisonneuve 2	2
#FC9D31	5	6903	6	Maisonneuve 2	Maisonneuve 2	August 2011	Maisonneuve 2	2
#FC9D31	5	1373	6	Maisonneuve 2	Maisonneuve 2	September 2011	Maisonneuve 2	2
#FC9D31	5	6030	6	Maisonneuve 2	Maisonneuve 2	October 2011	Maisonneuve 2	2
#FC9D31	5	330	6	Maisonneuve 2	Maisonneuve 2	January 2012	Maisonneuve 2	2
#FC9D31	5	133	6	Maisonneuve 2	Maisonneuve 2	February 2012	Maisonneuve 2	2
#FC9D31	5	363	6	Maisonneuve 2	Maisonneuve 2	March 2012	Maisonneuve 2	2
#FC9D31	5	3273	6	Maisonneuve 2	Maisonneuve 2	April 2012	Maisonneuve 2	2
#FC9D31	5	3696	6	Maisonneuve 2	Maisonneuve 2	May 2012	Maisonneuve 2	2
#FC9D31	5	7302	6	Maisonneuve 2	Maisonneuve 2	June 2012	Maisonneuve 2	2
#FC9D31	5	7764	6	Maisonneuve 2	Maisonneuve 2	July 2012	Maisonneuve 2	2
#FC9D31	5	2327	6	Maisonneuve 2	Maisonneuve 2	August 2012	Maisonneuve 2	2
#FC9D31	5	7110	6	Maisonneuve 2	Maisonneuve 2	September 2012	Maisonneuve 2	2
#FC9D31	5	4688	6	Maisonneuve 2	Maisonneuve 2	October 2012	Maisonneuve 2	2
#FC9D31	5	3221	6	Maisonneuve 2	Maisonneuve 2	November 2012	Maisonneuve 2	2
#FC9D31	5	3	6	Maisonneuve 2	Maisonneuve 2	January 2013	Maisonneuve 2	2
#FC9D31	5	407	6	Maisonneuve 2	Maisonneuve 2	February 2013	Maisonneuve 2	2
#FC9D31	5	577	6	Maisonneuve 2	Maisonneuve 2	March 2013	Maisonneuve 2	2
#FC9D31	5	1384	6	Maisonneuve 2	Maisonneuve 2	April 2013	Maisonneuve 2	2
#FC9D31	5	4724	6	Maisonneuve 2	Maisonneuve 2	May 2013	Maisonneuve 2	2
#FC9D31	5	7431	6	Maisonneuve 2	Maisonneuve 2	June 2013	Maisonneuve 2	2
#FC9D31	5	6677	6	Maisonneuve 2	Maisonneuve 2	July 2013	Maisonneuve 2	2
#FC9D31	5	6407	6	Maisonneuve 2	Maisonneuve 2	August 2013	Maisonneuve 2	2
#FC9D31	5	7109	6	Maisonneuve 2	Maisonneuve 2	September 2013	Maisonneuve 2	2
#FC9D31	6	4249	6	Maisonneuve 2	Maisonneuve 2	July 2009	Maisonneuve 2	2
#FC9D31	6	4298	6	Maisonneuve 2	Maisonneuve 2	August 2009	Maisonneuve 2	2
#FC9D31	6	2794	6	Maisonneuve 2	Maisonneuve 2	September 2009	Maisonneuve 2	2
#FC9D31	6	4610	6	Maisonneuve 2	Maisonneuve 2	October 2009	Maisonneuve 2	2
#FC9D31	6	2317	6	Maisonneuve 2	Maisonneuve 2	November 2009	Maisonneuve 2	2
#FC9D31	6	679	6	Maisonneuve 2	Maisonneuve 2	December 2009	Maisonneuve 2	2
#FC9D31	6	339	6	Maisonneuve 2	Maisonneuve 2	January 2010	Maisonneuve 2	2
#FC9D31	6	149	6	Maisonneuve 2	Maisonneuve 2	February 2010	Maisonneuve 2	2
#FC9D31	6	820	6	Maisonneuve 2	Maisonneuve 2	March 2010	Maisonneuve 2	2
#FC9D31	6	3105	6	Maisonneuve 2	Maisonneuve 2	April 2010	Maisonneuve 2	2
#FC9D31	6	4349	6	Maisonneuve 2	Maisonneuve 2	May 2010	Maisonneuve 2	2
#FC9D31	6	1234	6	Maisonneuve 2	Maisonneuve 2	June 2010	Maisonneuve 2	2
#FC9D31	6	6698	6	Maisonneuve 2	Maisonneuve 2	July 2010	Maisonneuve 2	2
#FC9D31	6	5500	6	Maisonneuve 2	Maisonneuve 2	August 2010	Maisonneuve 2	2
#FC9D31	6	2367	6	Maisonneuve 2	Maisonneuve 2	September 2010	Maisonneuve 2	2
#FC9D31	6	3359	6	Maisonneuve 2	Maisonneuve 2	October 2010	Maisonneuve 2	2
#FC9D31	6	1512	6	Maisonneuve 2	Maisonneuve 2	November 2010	Maisonneuve 2	2
#FC9D31	6	580	6	Maisonneuve 2	Maisonneuve 2	December 2010	Maisonneuve 2	2
#FC9D31	6	429	6	Maisonneuve 2	Maisonneuve 2	January 2011	Maisonneuve 2	2
#FC9D31	6	76	6	Maisonneuve 2	Maisonneuve 2	February 2011	Maisonneuve 2	2
#FC9D31	6	26	6	Maisonneuve 2	Maisonneuve 2	March 2011	Maisonneuve 2	2
#FC9D31	6	2196	6	Maisonneuve 2	Maisonneuve 2	April 2011	Maisonneuve 2	2
#FC9D31	6	4163	6	Maisonneuve 2	Maisonneuve 2	May 2011	Maisonneuve 2	2
#FC9D31	6	7668	6	Maisonneuve 2	Maisonneuve 2	June 2011	Maisonneuve 2	2
#FC9D31	6	5938	6	Maisonneuve 2	Maisonneuve 2	July 2011	Maisonneuve 2	2
#FC9D31	6	4629	6	Maisonneuve 2	Maisonneuve 2	August 2011	Maisonneuve 2	2
#FC9D31	6	7062	6	Maisonneuve 2	Maisonneuve 2	September 2011	Maisonneuve 2	2
#FC9D31	6	5682	6	Maisonneuve 2	Maisonneuve 2	October 2011	Maisonneuve 2	2
#FC9D31	6	244	6	Maisonneuve 2	Maisonneuve 2	January 2012	Maisonneuve 2	2
#FC9D31	6	425	6	Maisonneuve 2	Maisonneuve 2	February 2012	Maisonneuve 2	2
#FC9D31	6	437	6	Maisonneuve 2	Maisonneuve 2	March 2012	Maisonneuve 2	2
#FC9D31	6	1913	6	Maisonneuve 2	Maisonneuve 2	April 2012	Maisonneuve 2	2
#FC9D31	6	3346	6	Maisonneuve 2	Maisonneuve 2	May 2012	Maisonneuve 2	2
#FC9D31	6	7822	6	Maisonneuve 2	Maisonneuve 2	June 2012	Maisonneuve 2	2
#FC9D31	6	6942	6	Maisonneuve 2	Maisonneuve 2	July 2012	Maisonneuve 2	2
#FC9D31	6	6375	6	Maisonneuve 2	Maisonneuve 2	August 2012	Maisonneuve 2	2
#FC9D31	6	7511	6	Maisonneuve 2	Maisonneuve 2	September 2012	Maisonneuve 2	2
#FC9D31	6	1589	6	Maisonneuve 2	Maisonneuve 2	October 2012	Maisonneuve 2	2
#FC9D31	6	46	6	Maisonneuve 2	Maisonneuve 2	January 2013	Maisonneuve 2	2
#FC9D31	6	447	6	Maisonneuve 2	Maisonneuve 2	February 2013	Maisonneuve 2	2
#FC9D31	6	636	6	Maisonneuve 2	Maisonneuve 2	March 2013	Maisonneuve 2	2
#FC9D31	6	1015	6	Maisonneuve 2	Maisonneuve 2	April 2013	Maisonneuve 2	2
#FC9D31	6	6945	6	Maisonneuve 2	Maisonneuve 2	May 2013	Maisonneuve 2	2
#FC9D31	6	4515	6	Maisonneuve 2	Maisonneuve 2	June 2013	Maisonneuve 2	2
#FC9D31	6	4733	6	Maisonneuve 2	Maisonneuve 2	July 2013	Maisonneuve 2	2
#FC9D31	6	7124	6	Maisonneuve 2	Maisonneuve 2	August 2013	Maisonneuve 2	2
#FC9D31	6	6797	6	Maisonneuve 2	Maisonneuve 2	September 2013	Maisonneuve 2	2
#FC9D31	7	3518	6	Maisonneuve 2	Maisonneuve 2	July 2009	Maisonneuve 2	2
#FC9D31	7	4303	6	Maisonneuve 2	Maisonneuve 2	August 2009	Maisonneuve 2	2
#FC9D31	7	2628	6	Maisonneuve 2	Maisonneuve 2	September 2009	Maisonneuve 2	2
#FC9D31	7	2825	6	Maisonneuve 2	Maisonneuve 2	October 2009	Maisonneuve 2	2
#FC9D31	7	1118	6	Maisonneuve 2	Maisonneuve 2	November 2009	Maisonneuve 2	2
#FC9D31	7	1039	6	Maisonneuve 2	Maisonneuve 2	December 2009	Maisonneuve 2	2
#FC9D31	7	307	6	Maisonneuve 2	Maisonneuve 2	January 2010	Maisonneuve 2	2
#FC9D31	7	143	6	Maisonneuve 2	Maisonneuve 2	February 2010	Maisonneuve 2	2
#FC9D31	7	648	6	Maisonneuve 2	Maisonneuve 2	March 2010	Maisonneuve 2	2
#FC9D31	7	2049	6	Maisonneuve 2	Maisonneuve 2	April 2010	Maisonneuve 2	2
#FC9D31	7	4920	6	Maisonneuve 2	Maisonneuve 2	May 2010	Maisonneuve 2	2
#FC9D31	7	5755	6	Maisonneuve 2	Maisonneuve 2	June 2010	Maisonneuve 2	2
#FC9D31	7	6089	6	Maisonneuve 2	Maisonneuve 2	July 2010	Maisonneuve 2	2
#FC9D31	7	3878	6	Maisonneuve 2	Maisonneuve 2	August 2010	Maisonneuve 2	2
#FC9D31	7	5665	6	Maisonneuve 2	Maisonneuve 2	September 2010	Maisonneuve 2	2
#FC9D31	7	3398	6	Maisonneuve 2	Maisonneuve 2	October 2010	Maisonneuve 2	2
#FC9D31	7	1511	6	Maisonneuve 2	Maisonneuve 2	November 2010	Maisonneuve 2	2
#FC9D31	7	102	6	Maisonneuve 2	Maisonneuve 2	December 2010	Maisonneuve 2	2
#FC9D31	7	390	6	Maisonneuve 2	Maisonneuve 2	January 2011	Maisonneuve 2	2
#FC9D31	7	350	6	Maisonneuve 2	Maisonneuve 2	February 2011	Maisonneuve 2	2
#FC9D31	7	51	6	Maisonneuve 2	Maisonneuve 2	March 2011	Maisonneuve 2	2
#FC9D31	7	2448	6	Maisonneuve 2	Maisonneuve 2	April 2011	Maisonneuve 2	2
#FC9D31	7	3389	6	Maisonneuve 2	Maisonneuve 2	May 2011	Maisonneuve 2	2
#FC9D31	7	8332	6	Maisonneuve 2	Maisonneuve 2	June 2011	Maisonneuve 2	2
#FC9D31	7	7917	6	Maisonneuve 2	Maisonneuve 2	July 2011	Maisonneuve 2	2
#FC9D31	7	3125	6	Maisonneuve 2	Maisonneuve 2	August 2011	Maisonneuve 2	2
#FC9D31	7	6525	6	Maisonneuve 2	Maisonneuve 2	September 2011	Maisonneuve 2	2
#FC9D31	7	5257	6	Maisonneuve 2	Maisonneuve 2	October 2011	Maisonneuve 2	2
#FC9D31	7	108	6	Maisonneuve 2	Maisonneuve 2	January 2012	Maisonneuve 2	2
#FC9D31	7	516	6	Maisonneuve 2	Maisonneuve 2	February 2012	Maisonneuve 2	2
#FC9D31	7	715	6	Maisonneuve 2	Maisonneuve 2	March 2012	Maisonneuve 2	2
#FC9D31	7	1445	6	Maisonneuve 2	Maisonneuve 2	April 2012	Maisonneuve 2	2
#FC9D31	7	6355	6	Maisonneuve 2	Maisonneuve 2	May 2012	Maisonneuve 2	2
#FC9D31	7	8222	6	Maisonneuve 2	Maisonneuve 2	June 2012	Maisonneuve 2	2
#FC9D31	7	4978	6	Maisonneuve 2	Maisonneuve 2	July 2012	Maisonneuve 2	2
#FC9D31	7	6840	6	Maisonneuve 2	Maisonneuve 2	August 2012	Maisonneuve 2	2
#FC9D31	7	7323	6	Maisonneuve 2	Maisonneuve 2	September 2012	Maisonneuve 2	2
#FC9D31	7	1629	6	Maisonneuve 2	Maisonneuve 2	October 2012	Maisonneuve 2	2
#FC9D31	7	211	6	Maisonneuve 2	Maisonneuve 2	January 2013	Maisonneuve 2	2
#FC9D31	7	403	6	Maisonneuve 2	Maisonneuve 2	February 2013	Maisonneuve 2	2
#FC9D31	7	572	6	Maisonneuve 2	Maisonneuve 2	March 2013	Maisonneuve 2	2
#FC9D31	7	749	6	Maisonneuve 2	Maisonneuve 2	April 2013	Maisonneuve 2	2
#FC9D31	7	7608	6	Maisonneuve 2	Maisonneuve 2	May 2013	Maisonneuve 2	2
#FC9D31	7	3204	6	Maisonneuve 2	Maisonneuve 2	June 2013	Maisonneuve 2	2
#FC9D31	7	3438	6	Maisonneuve 2	Maisonneuve 2	July 2013	Maisonneuve 2	2
#FC9D31	7	6081	6	Maisonneuve 2	Maisonneuve 2	August 2013	Maisonneuve 2	2
#FC9D31	7	2899	6	Maisonneuve 2	Maisonneuve 2	September 2013	Maisonneuve 2	2
#FC9D31	8	3742	6	Maisonneuve 2	Maisonneuve 2	June 2009	Maisonneuve 2	2
#FC9D31	8	3886	6	Maisonneuve 2	Maisonneuve 2	July 2009	Maisonneuve 2	2
#FC9D31	8	3200	6	Maisonneuve 2	Maisonneuve 2	August 2009	Maisonneuve 2	2
#FC9D31	8	6379	6	Maisonneuve 2	Maisonneuve 2	September 2009	Maisonneuve 2	2
#FC9D31	8	4146	6	Maisonneuve 2	Maisonneuve 2	October 2009	Maisonneuve 2	2
#FC9D31	8	1545	6	Maisonneuve 2	Maisonneuve 2	November 2009	Maisonneuve 2	2
#FC9D31	8	807	6	Maisonneuve 2	Maisonneuve 2	December 2009	Maisonneuve 2	2
#FC9D31	8	333	6	Maisonneuve 2	Maisonneuve 2	January 2010	Maisonneuve 2	2
#FC9D31	8	382	6	Maisonneuve 2	Maisonneuve 2	February 2010	Maisonneuve 2	2
#FC9D31	8	1402	6	Maisonneuve 2	Maisonneuve 2	March 2010	Maisonneuve 2	2
#FC9D31	8	2229	6	Maisonneuve 2	Maisonneuve 2	April 2010	Maisonneuve 2	2
#FC9D31	8	962	6	Maisonneuve 2	Maisonneuve 2	May 2010	Maisonneuve 2	2
#FC9D31	8	6631	6	Maisonneuve 2	Maisonneuve 2	June 2010	Maisonneuve 2	2
#FC9D31	8	6233	6	Maisonneuve 2	Maisonneuve 2	July 2010	Maisonneuve 2	2
#FC9D31	8	1994	6	Maisonneuve 2	Maisonneuve 2	August 2010	Maisonneuve 2	2
#FC9D31	8	5518	6	Maisonneuve 2	Maisonneuve 2	September 2010	Maisonneuve 2	2
#FC9D31	8	3215	6	Maisonneuve 2	Maisonneuve 2	October 2010	Maisonneuve 2	2
#FC9D31	8	2053	6	Maisonneuve 2	Maisonneuve 2	November 2010	Maisonneuve 2	2
#FC9D31	8	228	6	Maisonneuve 2	Maisonneuve 2	December 2010	Maisonneuve 2	2
#FC9D31	8	145	6	Maisonneuve 2	Maisonneuve 2	January 2011	Maisonneuve 2	2
#FC9D31	8	284	6	Maisonneuve 2	Maisonneuve 2	February 2011	Maisonneuve 2	2
#FC9D31	8	307	6	Maisonneuve 2	Maisonneuve 2	March 2011	Maisonneuve 2	2
#FC9D31	8	2679	6	Maisonneuve 2	Maisonneuve 2	April 2011	Maisonneuve 2	2
#FC9D31	8	3584	6	Maisonneuve 2	Maisonneuve 2	May 2011	Maisonneuve 2	2
#FC9D31	8	6950	6	Maisonneuve 2	Maisonneuve 2	June 2011	Maisonneuve 2	2
#FC9D31	8	7166	6	Maisonneuve 2	Maisonneuve 2	July 2011	Maisonneuve 2	2
#FC9D31	8	6369	6	Maisonneuve 2	Maisonneuve 2	August 2011	Maisonneuve 2	2
#FC9D31	8	8183	6	Maisonneuve 2	Maisonneuve 2	September 2011	Maisonneuve 2	2
#FC9D31	8	3122	6	Maisonneuve 2	Maisonneuve 2	October 2011	Maisonneuve 2	2
#FC9D31	8	98	6	Maisonneuve 2	Maisonneuve 2	January 2012	Maisonneuve 2	2
#FC9D31	8	503	6	Maisonneuve 2	Maisonneuve 2	February 2012	Maisonneuve 2	2
#FC9D31	8	530	6	Maisonneuve 2	Maisonneuve 2	March 2012	Maisonneuve 2	2
#FC9D31	8	1333	6	Maisonneuve 2	Maisonneuve 2	April 2012	Maisonneuve 2	2
#FC9D31	8	1729	6	Maisonneuve 2	Maisonneuve 2	May 2012	Maisonneuve 2	2
#FC9D31	8	5881	6	Maisonneuve 2	Maisonneuve 2	June 2012	Maisonneuve 2	2
#FC9D31	8	4495	6	Maisonneuve 2	Maisonneuve 2	July 2012	Maisonneuve 2	2
#FC9D31	8	6862	6	Maisonneuve 2	Maisonneuve 2	August 2012	Maisonneuve 2	2
#FC9D31	8	2739	6	Maisonneuve 2	Maisonneuve 2	September 2012	Maisonneuve 2	2
#FC9D31	8	1818	6	Maisonneuve 2	Maisonneuve 2	October 2012	Maisonneuve 2	2
#FC9D31	8	393	6	Maisonneuve 2	Maisonneuve 2	January 2013	Maisonneuve 2	2
#FC9D31	8	212	6	Maisonneuve 2	Maisonneuve 2	February 2013	Maisonneuve 2	2
#FC9D31	8	772	6	Maisonneuve 2	Maisonneuve 2	March 2013	Maisonneuve 2	2
#FC9D31	8	2414	6	Maisonneuve 2	Maisonneuve 2	April 2013	Maisonneuve 2	2
#FC9D31	8	7657	6	Maisonneuve 2	Maisonneuve 2	May 2013	Maisonneuve 2	2
#FC9D31	8	1991	6	Maisonneuve 2	Maisonneuve 2	June 2013	Maisonneuve 2	2
#FC9D31	8	6391	6	Maisonneuve 2	Maisonneuve 2	July 2013	Maisonneuve 2	2
#FC9D31	8	6075	6	Maisonneuve 2	Maisonneuve 2	August 2013	Maisonneuve 2	2
#FC9D31	8	3183	6	Maisonneuve 2	Maisonneuve 2	September 2013	Maisonneuve 2	2
#FC9D31	9	1312	6	Maisonneuve 2	Maisonneuve 2	June 2009	Maisonneuve 2	2
#FC9D31	9	5751	6	Maisonneuve 2	Maisonneuve 2	July 2009	Maisonneuve 2	2
#FC9D31	9	2393	6	Maisonneuve 2	Maisonneuve 2	August 2009	Maisonneuve 2	2
#FC9D31	9	6535	6	Maisonneuve 2	Maisonneuve 2	September 2009	Maisonneuve 2	2
#FC9D31	9	1686	6	Maisonneuve 2	Maisonneuve 2	October 2009	Maisonneuve 2	2
#FC9D31	9	3191	6	Maisonneuve 2	Maisonneuve 2	November 2009	Maisonneuve 2	2
#FC9D31	9	274	6	Maisonneuve 2	Maisonneuve 2	December 2009	Maisonneuve 2	2
#FC9D31	9	118	6	Maisonneuve 2	Maisonneuve 2	January 2010	Maisonneuve 2	2
#FC9D31	9	442	6	Maisonneuve 2	Maisonneuve 2	February 2010	Maisonneuve 2	2
#FC9D31	9	1464	6	Maisonneuve 2	Maisonneuve 2	March 2010	Maisonneuve 2	2
#FC9D31	9	1858	6	Maisonneuve 2	Maisonneuve 2	April 2010	Maisonneuve 2	2
#FC9D31	9	637	6	Maisonneuve 2	Maisonneuve 2	May 2010	Maisonneuve 2	2
#FC9D31	9	7120	6	Maisonneuve 2	Maisonneuve 2	June 2010	Maisonneuve 2	2
#FC9D31	9	3799	6	Maisonneuve 2	Maisonneuve 2	July 2010	Maisonneuve 2	2
#FC9D31	9	5212	6	Maisonneuve 2	Maisonneuve 2	August 2010	Maisonneuve 2	2
#FC9D31	9	5095	6	Maisonneuve 2	Maisonneuve 2	September 2010	Maisonneuve 2	2
#FC9D31	9	2123	6	Maisonneuve 2	Maisonneuve 2	October 2010	Maisonneuve 2	2
#FC9D31	9	3084	6	Maisonneuve 2	Maisonneuve 2	November 2010	Maisonneuve 2	2
#FC9D31	9	335	6	Maisonneuve 2	Maisonneuve 2	December 2010	Maisonneuve 2	2
#FC9D31	9	144	6	Maisonneuve 2	Maisonneuve 2	January 2011	Maisonneuve 2	2
#FC9D31	9	320	6	Maisonneuve 2	Maisonneuve 2	February 2011	Maisonneuve 2	2
#FC9D31	9	397	6	Maisonneuve 2	Maisonneuve 2	March 2011	Maisonneuve 2	2
#FC9D31	9	1797	6	Maisonneuve 2	Maisonneuve 2	April 2011	Maisonneuve 2	2
#FC9D31	9	6121	6	Maisonneuve 2	Maisonneuve 2	May 2011	Maisonneuve 2	2
#FC9D31	9	6661	6	Maisonneuve 2	Maisonneuve 2	June 2011	Maisonneuve 2	2
#FC9D31	9	4614	6	Maisonneuve 2	Maisonneuve 2	July 2011	Maisonneuve 2	2
#FC9D31	9	6224	6	Maisonneuve 2	Maisonneuve 2	August 2011	Maisonneuve 2	2
#FC9D31	9	7657	6	Maisonneuve 2	Maisonneuve 2	September 2011	Maisonneuve 2	2
#FC9D31	9	2974	6	Maisonneuve 2	Maisonneuve 2	October 2011	Maisonneuve 2	2
#FC9D31	9	432	6	Maisonneuve 2	Maisonneuve 2	January 2012	Maisonneuve 2	2
#FC9D31	9	471	6	Maisonneuve 2	Maisonneuve 2	February 2012	Maisonneuve 2	2
#FC9D31	9	575	6	Maisonneuve 2	Maisonneuve 2	March 2012	Maisonneuve 2	2
#FC9D31	9	1048	6	Maisonneuve 2	Maisonneuve 2	April 2012	Maisonneuve 2	2
#FC9D31	9	4343	6	Maisonneuve 2	Maisonneuve 2	May 2012	Maisonneuve 2	2
#FC9D31	9	5557	6	Maisonneuve 2	Maisonneuve 2	June 2012	Maisonneuve 2	2
#FC9D31	9	6769	6	Maisonneuve 2	Maisonneuve 2	July 2012	Maisonneuve 2	2
#FC9D31	9	5377	6	Maisonneuve 2	Maisonneuve 2	August 2012	Maisonneuve 2	2
#FC9D31	9	3458	6	Maisonneuve 2	Maisonneuve 2	September 2012	Maisonneuve 2	2
#FC9D31	9	5138	6	Maisonneuve 2	Maisonneuve 2	October 2012	Maisonneuve 2	2
#FC9D31	9	446	6	Maisonneuve 2	Maisonneuve 2	January 2013	Maisonneuve 2	2
#FC9D31	9	81	6	Maisonneuve 2	Maisonneuve 2	February 2013	Maisonneuve 2	2
#FC9D31	9	569	6	Maisonneuve 2	Maisonneuve 2	March 2013	Maisonneuve 2	2
#FC9D31	9	1734	6	Maisonneuve 2	Maisonneuve 2	April 2013	Maisonneuve 2	2
#FC9D31	9	6136	6	Maisonneuve 2	Maisonneuve 2	May 2013	Maisonneuve 2	2
#FC9D31	9	4033	6	Maisonneuve 2	Maisonneuve 2	June 2013	Maisonneuve 2	2
#FC9D31	9	7302	6	Maisonneuve 2	Maisonneuve 2	July 2013	Maisonneuve 2	2
#FC9D31	9	5333	6	Maisonneuve 2	Maisonneuve 2	August 2013	Maisonneuve 2	2
#FC9D31	9	6783	6	Maisonneuve 2	Maisonneuve 2	September 2013	Maisonneuve 2	2
#FC9D31	10	3978	6	Maisonneuve 2	Maisonneuve 2	June 2009	Maisonneuve 2	2
#FC9D31	10	5435	6	Maisonneuve 2	Maisonneuve 2	July 2009	Maisonneuve 2	2
#FC9D31	10	3185	6	Maisonneuve 2	Maisonneuve 2	August 2009	Maisonneuve 2	2
#FC9D31	10	6587	6	Maisonneuve 2	Maisonneuve 2	September 2009	Maisonneuve 2	2
#FC9D31	10	1443	6	Maisonneuve 2	Maisonneuve 2	October 2009	Maisonneuve 2	2
#FC9D31	10	3430	6	Maisonneuve 2	Maisonneuve 2	November 2009	Maisonneuve 2	2
#FC9D31	10	363	6	Maisonneuve 2	Maisonneuve 2	December 2009	Maisonneuve 2	2
#FC9D31	10	93	6	Maisonneuve 2	Maisonneuve 2	January 2010	Maisonneuve 2	2
#FC9D31	10	520	6	Maisonneuve 2	Maisonneuve 2	February 2010	Maisonneuve 2	2
#FC9D31	10	1659	6	Maisonneuve 2	Maisonneuve 2	March 2010	Maisonneuve 2	2
#FC9D31	10	1389	6	Maisonneuve 2	Maisonneuve 2	April 2010	Maisonneuve 2	2
#FC9D31	10	4012	6	Maisonneuve 2	Maisonneuve 2	May 2010	Maisonneuve 2	2
#FC9D31	10	2976	6	Maisonneuve 2	Maisonneuve 2	June 2010	Maisonneuve 2	2
#FC9D31	10	3720	6	Maisonneuve 2	Maisonneuve 2	July 2010	Maisonneuve 2	2
#FC9D31	10	5737	6	Maisonneuve 2	Maisonneuve 2	August 2010	Maisonneuve 2	2
#FC9D31	10	6501	6	Maisonneuve 2	Maisonneuve 2	September 2010	Maisonneuve 2	2
#FC9D31	10	1586	6	Maisonneuve 2	Maisonneuve 2	October 2010	Maisonneuve 2	2
#FC9D31	10	3424	6	Maisonneuve 2	Maisonneuve 2	November 2010	Maisonneuve 2	2
#FC9D31	10	376	6	Maisonneuve 2	Maisonneuve 2	December 2010	Maisonneuve 2	2
#FC9D31	10	441	6	Maisonneuve 2	Maisonneuve 2	January 2011	Maisonneuve 2	2
#FC9D31	10	374	6	Maisonneuve 2	Maisonneuve 2	February 2011	Maisonneuve 2	2
#FC9D31	10	99	6	Maisonneuve 2	Maisonneuve 2	March 2011	Maisonneuve 2	2
#FC9D31	10	1402	6	Maisonneuve 2	Maisonneuve 2	April 2011	Maisonneuve 2	2
#FC9D31	10	6480	6	Maisonneuve 2	Maisonneuve 2	May 2011	Maisonneuve 2	2
#FC9D31	10	7482	6	Maisonneuve 2	Maisonneuve 2	June 2011	Maisonneuve 2	2
#FC9D31	10	4119	6	Maisonneuve 2	Maisonneuve 2	July 2011	Maisonneuve 2	2
#FC9D31	10	4781	6	Maisonneuve 2	Maisonneuve 2	August 2011	Maisonneuve 2	2
#FC9D31	10	4637	6	Maisonneuve 2	Maisonneuve 2	September 2011	Maisonneuve 2	2
#FC9D31	10	2820	6	Maisonneuve 2	Maisonneuve 2	October 2011	Maisonneuve 2	2
#FC9D31	10	563	6	Maisonneuve 2	Maisonneuve 2	January 2012	Maisonneuve 2	2
#FC9D31	10	478	6	Maisonneuve 2	Maisonneuve 2	February 2012	Maisonneuve 2	2
#FC9D31	10	296	6	Maisonneuve 2	Maisonneuve 2	March 2012	Maisonneuve 2	2
#FC9D31	10	2932	6	Maisonneuve 2	Maisonneuve 2	April 2012	Maisonneuve 2	2
#FC9D31	10	4056	6	Maisonneuve 2	Maisonneuve 2	May 2012	Maisonneuve 2	2
#FC9D31	10	4798	6	Maisonneuve 2	Maisonneuve 2	June 2012	Maisonneuve 2	2
#FC9D31	10	7436	6	Maisonneuve 2	Maisonneuve 2	July 2012	Maisonneuve 2	2
#FC9D31	10	3323	6	Maisonneuve 2	Maisonneuve 2	August 2012	Maisonneuve 2	2
#FC9D31	10	6644	6	Maisonneuve 2	Maisonneuve 2	September 2012	Maisonneuve 2	2
#FC9D31	10	3681	6	Maisonneuve 2	Maisonneuve 2	October 2012	Maisonneuve 2	2
#FC9D31	10	516	6	Maisonneuve 2	Maisonneuve 2	January 2013	Maisonneuve 2	2
#FC9D31	10	128	6	Maisonneuve 2	Maisonneuve 2	February 2013	Maisonneuve 2	2
#FC9D31	10	463	6	Maisonneuve 2	Maisonneuve 2	March 2013	Maisonneuve 2	2
#FC9D31	10	2536	6	Maisonneuve 2	Maisonneuve 2	April 2013	Maisonneuve 2	2
#FC9D31	10	6231	6	Maisonneuve 2	Maisonneuve 2	May 2013	Maisonneuve 2	2
#FC9D31	10	7091	6	Maisonneuve 2	Maisonneuve 2	June 2013	Maisonneuve 2	2
#FC9D31	10	5268	6	Maisonneuve 2	Maisonneuve 2	July 2013	Maisonneuve 2	2
#FC9D31	10	3950	6	Maisonneuve 2	Maisonneuve 2	August 2013	Maisonneuve 2	2
#FC9D31	10	4107	6	Maisonneuve 2	Maisonneuve 2	September 2013	Maisonneuve 2	2
#FC9D31	11	4802	6	Maisonneuve 2	Maisonneuve 2	June 2009	Maisonneuve 2	2
#FC9D31	11	1944	6	Maisonneuve 2	Maisonneuve 2	July 2009	Maisonneuve 2	2
#FC9D31	11	3703	6	Maisonneuve 2	Maisonneuve 2	August 2009	Maisonneuve 2	2
#FC9D31	11	5895	6	Maisonneuve 2	Maisonneuve 2	September 2009	Maisonneuve 2	2
#FC9D31	11	1271	6	Maisonneuve 2	Maisonneuve 2	October 2009	Maisonneuve 2	2
#FC9D31	11	2952	6	Maisonneuve 2	Maisonneuve 2	November 2009	Maisonneuve 2	2
#FC9D31	11	378	6	Maisonneuve 2	Maisonneuve 2	December 2009	Maisonneuve 2	2
#FC9D31	11	394	6	Maisonneuve 2	Maisonneuve 2	January 2010	Maisonneuve 2	2
#FC9D31	11	524	6	Maisonneuve 2	Maisonneuve 2	February 2010	Maisonneuve 2	2
#FC9D31	11	1747	6	Maisonneuve 2	Maisonneuve 2	March 2010	Maisonneuve 2	2
#FC9D31	11	1437	6	Maisonneuve 2	Maisonneuve 2	April 2010	Maisonneuve 2	2
#FC9D31	11	5182	6	Maisonneuve 2	Maisonneuve 2	May 2010	Maisonneuve 2	2
#FC9D31	11	6054	6	Maisonneuve 2	Maisonneuve 2	June 2010	Maisonneuve 2	2
#FC9D31	11	3730	6	Maisonneuve 2	Maisonneuve 2	July 2010	Maisonneuve 2	2
#FC9D31	11	6692	6	Maisonneuve 2	Maisonneuve 2	August 2010	Maisonneuve 2	2
#FC9D31	11	4182	6	Maisonneuve 2	Maisonneuve 2	September 2010	Maisonneuve 2	2
#FC9D31	11	1837	6	Maisonneuve 2	Maisonneuve 2	October 2010	Maisonneuve 2	2
#FC9D31	11	3342	6	Maisonneuve 2	Maisonneuve 2	November 2010	Maisonneuve 2	2
#FC9D31	11	190	6	Maisonneuve 2	Maisonneuve 2	December 2010	Maisonneuve 2	2
#FC9D31	11	488	6	Maisonneuve 2	Maisonneuve 2	January 2011	Maisonneuve 2	2
#FC9D31	11	366	6	Maisonneuve 2	Maisonneuve 2	February 2011	Maisonneuve 2	2
#FC9D31	11	309	6	Maisonneuve 2	Maisonneuve 2	March 2011	Maisonneuve 2	2
#FC9D31	11	1533	6	Maisonneuve 2	Maisonneuve 2	April 2011	Maisonneuve 2	2
#FC9D31	11	6569	6	Maisonneuve 2	Maisonneuve 2	May 2011	Maisonneuve 2	2
#FC9D31	11	3486	6	Maisonneuve 2	Maisonneuve 2	June 2011	Maisonneuve 2	2
#FC9D31	11	6163	6	Maisonneuve 2	Maisonneuve 2	July 2011	Maisonneuve 2	2
#FC9D31	11	6264	6	Maisonneuve 2	Maisonneuve 2	August 2011	Maisonneuve 2	2
#FC9D31	11	4334	6	Maisonneuve 2	Maisonneuve 2	September 2011	Maisonneuve 2	2
#FC9D31	11	6021	6	Maisonneuve 2	Maisonneuve 2	October 2011	Maisonneuve 2	2
#FC9D31	11	443	6	Maisonneuve 2	Maisonneuve 2	January 2012	Maisonneuve 2	2
#FC9D31	11	112	6	Maisonneuve 2	Maisonneuve 2	February 2012	Maisonneuve 2	2
#FC9D31	11	540	6	Maisonneuve 2	Maisonneuve 2	March 2012	Maisonneuve 2	2
#FC9D31	11	3122	6	Maisonneuve 2	Maisonneuve 2	April 2012	Maisonneuve 2	2
#FC9D31	11	5713	6	Maisonneuve 2	Maisonneuve 2	May 2012	Maisonneuve 2	2
#FC9D31	11	7015	6	Maisonneuve 2	Maisonneuve 2	June 2012	Maisonneuve 2	2
#FC9D31	11	7374	6	Maisonneuve 2	Maisonneuve 2	July 2012	Maisonneuve 2	2
#FC9D31	11	2628	6	Maisonneuve 2	Maisonneuve 2	August 2012	Maisonneuve 2	2
#FC9D31	11	7148	6	Maisonneuve 2	Maisonneuve 2	September 2012	Maisonneuve 2	2
#FC9D31	11	4694	6	Maisonneuve 2	Maisonneuve 2	October 2012	Maisonneuve 2	2
#FC9D31	11	464	6	Maisonneuve 2	Maisonneuve 2	January 2013	Maisonneuve 2	2
#FC9D31	11	341	6	Maisonneuve 2	Maisonneuve 2	February 2013	Maisonneuve 2	2
#FC9D31	11	1092	6	Maisonneuve 2	Maisonneuve 2	March 2013	Maisonneuve 2	2
#FC9D31	11	2283	6	Maisonneuve 2	Maisonneuve 2	April 2013	Maisonneuve 2	2
#FC9D31	11	2153	6	Maisonneuve 2	Maisonneuve 2	May 2013	Maisonneuve 2	2
#FC9D31	11	1451	6	Maisonneuve 2	Maisonneuve 2	June 2013	Maisonneuve 2	2
#FC9D31	11	7332	6	Maisonneuve 2	Maisonneuve 2	July 2013	Maisonneuve 2	2
#FC9D31	11	3617	6	Maisonneuve 2	Maisonneuve 2	August 2013	Maisonneuve 2	2
#FC9D31	11	6449	6	Maisonneuve 2	Maisonneuve 2	September 2013	Maisonneuve 2	2
#FC9D31	12	3717	6	Maisonneuve 2	Maisonneuve 2	June 2009	Maisonneuve 2	2
#FC9D31	12	3148	6	Maisonneuve 2	Maisonneuve 2	July 2009	Maisonneuve 2	2
#FC9D31	12	5107	6	Maisonneuve 2	Maisonneuve 2	August 2009	Maisonneuve 2	2
#FC9D31	12	3873	6	Maisonneuve 2	Maisonneuve 2	September 2009	Maisonneuve 2	2
#FC9D31	12	1127	6	Maisonneuve 2	Maisonneuve 2	October 2009	Maisonneuve 2	2
#FC9D31	12	2929	6	Maisonneuve 2	Maisonneuve 2	November 2009	Maisonneuve 2	2
#FC9D31	12	210	6	Maisonneuve 2	Maisonneuve 2	December 2009	Maisonneuve 2	2
#FC9D31	12	428	6	Maisonneuve 2	Maisonneuve 2	January 2010	Maisonneuve 2	2
#FC9D31	12	455	6	Maisonneuve 2	Maisonneuve 2	February 2010	Maisonneuve 2	2
#FC9D31	12	1585	6	Maisonneuve 2	Maisonneuve 2	March 2010	Maisonneuve 2	2
#FC9D31	12	3223	6	Maisonneuve 2	Maisonneuve 2	April 2010	Maisonneuve 2	2
#FC9D31	12	5553	6	Maisonneuve 2	Maisonneuve 2	May 2010	Maisonneuve 2	2
#FC9D31	12	4031	6	Maisonneuve 2	Maisonneuve 2	June 2010	Maisonneuve 2	2
#FC9D31	12	6208	6	Maisonneuve 2	Maisonneuve 2	July 2010	Maisonneuve 2	2
#FC9D31	12	6491	6	Maisonneuve 2	Maisonneuve 2	August 2010	Maisonneuve 2	2
#FC9D31	12	2478	6	Maisonneuve 2	Maisonneuve 2	September 2010	Maisonneuve 2	2
#FC9D31	12	4896	6	Maisonneuve 2	Maisonneuve 2	October 2010	Maisonneuve 2	2
#FC9D31	12	3137	6	Maisonneuve 2	Maisonneuve 2	November 2010	Maisonneuve 2	2
#FC9D31	12	98	6	Maisonneuve 2	Maisonneuve 2	December 2010	Maisonneuve 2	2
#FC9D31	12	466	6	Maisonneuve 2	Maisonneuve 2	January 2011	Maisonneuve 2	2
#FC9D31	12	74	6	Maisonneuve 2	Maisonneuve 2	February 2011	Maisonneuve 2	2
#FC9D31	12	243	6	Maisonneuve 2	Maisonneuve 2	March 2011	Maisonneuve 2	2
#FC9D31	12	3346	6	Maisonneuve 2	Maisonneuve 2	April 2011	Maisonneuve 2	2
#FC9D31	12	6680	6	Maisonneuve 2	Maisonneuve 2	May 2011	Maisonneuve 2	2
#FC9D31	12	1412	6	Maisonneuve 2	Maisonneuve 2	June 2011	Maisonneuve 2	2
#FC9D31	12	7051	6	Maisonneuve 2	Maisonneuve 2	July 2011	Maisonneuve 2	2
#FC9D31	12	6249	6	Maisonneuve 2	Maisonneuve 2	August 2011	Maisonneuve 2	2
#FC9D31	12	6837	6	Maisonneuve 2	Maisonneuve 2	September 2011	Maisonneuve 2	2
#FC9D31	12	6004	6	Maisonneuve 2	Maisonneuve 2	October 2011	Maisonneuve 2	2
#FC9D31	12	261	6	Maisonneuve 2	Maisonneuve 2	January 2012	Maisonneuve 2	2
#FC9D31	12	91	6	Maisonneuve 2	Maisonneuve 2	February 2012	Maisonneuve 2	2
#FC9D31	12	1265	6	Maisonneuve 2	Maisonneuve 2	March 2012	Maisonneuve 2	2
#FC9D31	12	4076	6	Maisonneuve 2	Maisonneuve 2	April 2012	Maisonneuve 2	2
#FC9D31	12	3894	6	Maisonneuve 2	Maisonneuve 2	May 2012	Maisonneuve 2	2
#FC9D31	12	4230	6	Maisonneuve 2	Maisonneuve 2	June 2012	Maisonneuve 2	2
#FC9D31	12	7200	6	Maisonneuve 2	Maisonneuve 2	July 2012	Maisonneuve 2	2
#FC9D31	12	3427	6	Maisonneuve 2	Maisonneuve 2	August 2012	Maisonneuve 2	2
#FC9D31	12	7292	6	Maisonneuve 2	Maisonneuve 2	September 2012	Maisonneuve 2	2
#FC9D31	12	4045	6	Maisonneuve 2	Maisonneuve 2	October 2012	Maisonneuve 2	2
#FC9D31	12	229	6	Maisonneuve 2	Maisonneuve 2	January 2013	Maisonneuve 2	2
#FC9D31	12	446	6	Maisonneuve 2	Maisonneuve 2	February 2013	Maisonneuve 2	2
#FC9D31	12	663	6	Maisonneuve 2	Maisonneuve 2	March 2013	Maisonneuve 2	2
#FC9D31	12	519	6	Maisonneuve 2	Maisonneuve 2	April 2013	Maisonneuve 2	2
#FC9D31	12	2162	6	Maisonneuve 2	Maisonneuve 2	May 2013	Maisonneuve 2	2
#FC9D31	12	6622	6	Maisonneuve 2	Maisonneuve 2	June 2013	Maisonneuve 2	2
#FC9D31	12	6846	6	Maisonneuve 2	Maisonneuve 2	July 2013	Maisonneuve 2	2
#FC9D31	12	6043	6	Maisonneuve 2	Maisonneuve 2	August 2013	Maisonneuve 2	2
#FC9D31	12	3917	6	Maisonneuve 2	Maisonneuve 2	September 2013	Maisonneuve 2	2
#FC9D31	13	3357	6	Maisonneuve 2	Maisonneuve 2	June 2009	Maisonneuve 2	2
#FC9D31	13	3909	6	Maisonneuve 2	Maisonneuve 2	July 2009	Maisonneuve 2	2
#FC9D31	13	5056	6	Maisonneuve 2	Maisonneuve 2	August 2009	Maisonneuve 2	2
#FC9D31	13	2777	6	Maisonneuve 2	Maisonneuve 2	September 2009	Maisonneuve 2	2
#FC9D31	13	2211	6	Maisonneuve 2	Maisonneuve 2	October 2009	Maisonneuve 2	2
#FC9D31	13	2569	6	Maisonneuve 2	Maisonneuve 2	November 2009	Maisonneuve 2	2
#FC9D31	13	113	6	Maisonneuve 2	Maisonneuve 2	December 2009	Maisonneuve 2	2
#FC9D31	13	403	6	Maisonneuve 2	Maisonneuve 2	January 2010	Maisonneuve 2	2
#FC9D31	13	191	6	Maisonneuve 2	Maisonneuve 2	February 2010	Maisonneuve 2	2
#FC9D31	13	977	6	Maisonneuve 2	Maisonneuve 2	March 2010	Maisonneuve 2	2
#FC9D31	13	3656	6	Maisonneuve 2	Maisonneuve 2	April 2010	Maisonneuve 2	2
#FC9D31	13	5641	6	Maisonneuve 2	Maisonneuve 2	May 2010	Maisonneuve 2	2
#FC9D31	13	4531	6	Maisonneuve 2	Maisonneuve 2	June 2010	Maisonneuve 2	2
#FC9D31	13	4339	6	Maisonneuve 2	Maisonneuve 2	July 2010	Maisonneuve 2	2
#FC9D31	13	6070	6	Maisonneuve 2	Maisonneuve 2	August 2010	Maisonneuve 2	2
#FC9D31	13	5092	6	Maisonneuve 2	Maisonneuve 2	September 2010	Maisonneuve 2	2
#FC9D31	13	5219	6	Maisonneuve 2	Maisonneuve 2	October 2010	Maisonneuve 2	2
#FC9D31	13	1842	6	Maisonneuve 2	Maisonneuve 2	November 2010	Maisonneuve 2	2
#FC9D31	13	323	6	Maisonneuve 2	Maisonneuve 2	December 2010	Maisonneuve 2	2
#FC9D31	13	489	6	Maisonneuve 2	Maisonneuve 2	January 2011	Maisonneuve 2	2
#FC9D31	13	93	6	Maisonneuve 2	Maisonneuve 2	February 2011	Maisonneuve 2	2
#FC9D31	13	231	6	Maisonneuve 2	Maisonneuve 2	March 2011	Maisonneuve 2	2
#FC9D31	13	1472	6	Maisonneuve 2	Maisonneuve 2	April 2011	Maisonneuve 2	2
#FC9D31	13	5853	6	Maisonneuve 2	Maisonneuve 2	May 2011	Maisonneuve 2	2
#FC9D31	13	3863	6	Maisonneuve 2	Maisonneuve 2	June 2011	Maisonneuve 2	2
#FC9D31	13	7224	6	Maisonneuve 2	Maisonneuve 2	July 2011	Maisonneuve 2	2
#FC9D31	13	4367	6	Maisonneuve 2	Maisonneuve 2	August 2011	Maisonneuve 2	2
#FC9D31	13	5830	6	Maisonneuve 2	Maisonneuve 2	September 2011	Maisonneuve 2	2
#FC9D31	13	5057	6	Maisonneuve 2	Maisonneuve 2	October 2011	Maisonneuve 2	2
#FC9D31	13	105	6	Maisonneuve 2	Maisonneuve 2	January 2012	Maisonneuve 2	2
#FC9D31	13	408	6	Maisonneuve 2	Maisonneuve 2	February 2012	Maisonneuve 2	2
#FC9D31	13	769	6	Maisonneuve 2	Maisonneuve 2	March 2012	Maisonneuve 2	2
#FC9D31	13	4465	6	Maisonneuve 2	Maisonneuve 2	April 2012	Maisonneuve 2	2
#FC9D31	13	3086	6	Maisonneuve 2	Maisonneuve 2	May 2012	Maisonneuve 2	2
#FC9D31	13	7297	6	Maisonneuve 2	Maisonneuve 2	June 2012	Maisonneuve 2	2
#FC9D31	13	6492	6	Maisonneuve 2	Maisonneuve 2	July 2012	Maisonneuve 2	2
#FC9D31	13	5936	6	Maisonneuve 2	Maisonneuve 2	August 2012	Maisonneuve 2	2
#FC9D31	13	7514	6	Maisonneuve 2	Maisonneuve 2	September 2012	Maisonneuve 2	2
#FC9D31	13	2113	6	Maisonneuve 2	Maisonneuve 2	October 2012	Maisonneuve 2	2
#FC9D31	13	179	6	Maisonneuve 2	Maisonneuve 2	January 2013	Maisonneuve 2	2
#FC9D31	13	540	6	Maisonneuve 2	Maisonneuve 2	February 2013	Maisonneuve 2	2
#FC9D31	13	1197	6	Maisonneuve 2	Maisonneuve 2	March 2013	Maisonneuve 2	2
#FC9D31	13	328	6	Maisonneuve 2	Maisonneuve 2	April 2013	Maisonneuve 2	2
#FC9D31	13	3305	6	Maisonneuve 2	Maisonneuve 2	May 2013	Maisonneuve 2	2
#FC9D31	13	7566	6	Maisonneuve 2	Maisonneuve 2	June 2013	Maisonneuve 2	2
#FC9D31	13	4408	6	Maisonneuve 2	Maisonneuve 2	July 2013	Maisonneuve 2	2
#FC9D31	13	4829	6	Maisonneuve 2	Maisonneuve 2	August 2013	Maisonneuve 2	2
#FC9D31	13	5168	6	Maisonneuve 2	Maisonneuve 2	September 2013	Maisonneuve 2	2
#FC9D31	14	3120	6	Maisonneuve 2	Maisonneuve 2	June 2009	Maisonneuve 2	2
#FC9D31	14	4019	6	Maisonneuve 2	Maisonneuve 2	July 2009	Maisonneuve 2	2
#FC9D31	14	4663	6	Maisonneuve 2	Maisonneuve 2	August 2009	Maisonneuve 2	2
#FC9D31	14	5053	6	Maisonneuve 2	Maisonneuve 2	September 2009	Maisonneuve 2	2
#FC9D31	14	3232	6	Maisonneuve 2	Maisonneuve 2	October 2009	Maisonneuve 2	2
#FC9D31	14	635	6	Maisonneuve 2	Maisonneuve 2	November 2009	Maisonneuve 2	2
#FC9D31	14	433	6	Maisonneuve 2	Maisonneuve 2	December 2009	Maisonneuve 2	2
#FC9D31	14	413	6	Maisonneuve 2	Maisonneuve 2	January 2010	Maisonneuve 2	2
#FC9D31	14	165	6	Maisonneuve 2	Maisonneuve 2	February 2010	Maisonneuve 2	2
#FC9D31	14	249	6	Maisonneuve 2	Maisonneuve 2	March 2010	Maisonneuve 2	2
#FC9D31	14	3563	6	Maisonneuve 2	Maisonneuve 2	April 2010	Maisonneuve 2	2
#FC9D31	14	3746	6	Maisonneuve 2	Maisonneuve 2	May 2010	Maisonneuve 2	2
#FC9D31	14	3867	6	Maisonneuve 2	Maisonneuve 2	June 2010	Maisonneuve 2	2
#FC9D31	14	6900	6	Maisonneuve 2	Maisonneuve 2	July 2010	Maisonneuve 2	2
#FC9D31	14	3919	6	Maisonneuve 2	Maisonneuve 2	August 2010	Maisonneuve 2	2
#FC9D31	14	5690	6	Maisonneuve 2	Maisonneuve 2	September 2010	Maisonneuve 2	2
#FC9D31	14	4635	6	Maisonneuve 2	Maisonneuve 2	October 2010	Maisonneuve 2	2
#FC9D31	14	1446	6	Maisonneuve 2	Maisonneuve 2	November 2010	Maisonneuve 2	2
#FC9D31	14	248	6	Maisonneuve 2	Maisonneuve 2	December 2010	Maisonneuve 2	2
#FC9D31	14	464	6	Maisonneuve 2	Maisonneuve 2	January 2011	Maisonneuve 2	2
#FC9D31	14	241	6	Maisonneuve 2	Maisonneuve 2	February 2011	Maisonneuve 2	2
#FC9D31	14	661	6	Maisonneuve 2	Maisonneuve 2	March 2011	Maisonneuve 2	2
#FC9D31	14	2650	6	Maisonneuve 2	Maisonneuve 2	April 2011	Maisonneuve 2	2
#FC9D31	14	900	6	Maisonneuve 2	Maisonneuve 2	May 2011	Maisonneuve 2	2
#FC9D31	14	7448	6	Maisonneuve 2	Maisonneuve 2	June 2011	Maisonneuve 2	2
#FC9D31	14	7881	6	Maisonneuve 2	Maisonneuve 2	July 2011	Maisonneuve 2	2
#FC9D31	14	3761	6	Maisonneuve 2	Maisonneuve 2	August 2011	Maisonneuve 2	2
#FC9D31	14	7311	6	Maisonneuve 2	Maisonneuve 2	September 2011	Maisonneuve 2	2
#FC9D31	14	2090	6	Maisonneuve 2	Maisonneuve 2	October 2011	Maisonneuve 2	2
#FC9D31	14	56	6	Maisonneuve 2	Maisonneuve 2	January 2012	Maisonneuve 2	2
#FC9D31	14	504	6	Maisonneuve 2	Maisonneuve 2	February 2012	Maisonneuve 2	2
#FC9D31	14	739	6	Maisonneuve 2	Maisonneuve 2	March 2012	Maisonneuve 2	2
#FC9D31	14	2994	6	Maisonneuve 2	Maisonneuve 2	April 2012	Maisonneuve 2	2
#FC9D31	14	7006	6	Maisonneuve 2	Maisonneuve 2	May 2012	Maisonneuve 2	2
#FC9D31	14	7934	6	Maisonneuve 2	Maisonneuve 2	June 2012	Maisonneuve 2	2
#FC9D31	14	4284	6	Maisonneuve 2	Maisonneuve 2	July 2012	Maisonneuve 2	2
#FC9D31	14	6332	6	Maisonneuve 2	Maisonneuve 2	August 2012	Maisonneuve 2	2
#FC9D31	14	6104	6	Maisonneuve 2	Maisonneuve 2	September 2012	Maisonneuve 2	2
#FC9D31	14	852	6	Maisonneuve 2	Maisonneuve 2	October 2012	Maisonneuve 2	2
#FC9D31	14	752	6	Maisonneuve 2	Maisonneuve 2	January 2013	Maisonneuve 2	2
#FC9D31	14	567	6	Maisonneuve 2	Maisonneuve 2	February 2013	Maisonneuve 2	2
#FC9D31	14	722	6	Maisonneuve 2	Maisonneuve 2	March 2013	Maisonneuve 2	2
#FC9D31	14	963	6	Maisonneuve 2	Maisonneuve 2	April 2013	Maisonneuve 2	2
#FC9D31	14	6018	6	Maisonneuve 2	Maisonneuve 2	May 2013	Maisonneuve 2	2
#FC9D31	14	7117	6	Maisonneuve 2	Maisonneuve 2	June 2013	Maisonneuve 2	2
#FC9D31	14	3844	6	Maisonneuve 2	Maisonneuve 2	July 2013	Maisonneuve 2	2
#FC9D31	14	4459	6	Maisonneuve 2	Maisonneuve 2	August 2013	Maisonneuve 2	2
#FC9D31	14	2911	6	Maisonneuve 2	Maisonneuve 2	September 2013	Maisonneuve 2	2
#FC9D31	15	3538	6	Maisonneuve 2	Maisonneuve 2	June 2009	Maisonneuve 2	2
#FC9D31	15	5536	6	Maisonneuve 2	Maisonneuve 2	July 2009	Maisonneuve 2	2
#FC9D31	15	3027	6	Maisonneuve 2	Maisonneuve 2	August 2009	Maisonneuve 2	2
#FC9D31	15	5958	6	Maisonneuve 2	Maisonneuve 2	September 2009	Maisonneuve 2	2
#FC9D31	15	3282	6	Maisonneuve 2	Maisonneuve 2	October 2009	Maisonneuve 2	2
#FC9D31	15	964	6	Maisonneuve 2	Maisonneuve 2	November 2009	Maisonneuve 2	2
#FC9D31	15	395	6	Maisonneuve 2	Maisonneuve 2	December 2009	Maisonneuve 2	2
#FC9D31	15	456	6	Maisonneuve 2	Maisonneuve 2	January 2010	Maisonneuve 2	2
#FC9D31	15	513	6	Maisonneuve 2	Maisonneuve 2	February 2010	Maisonneuve 2	2
#FC9D31	15	1625	6	Maisonneuve 2	Maisonneuve 2	March 2010	Maisonneuve 2	2
#FC9D31	15	3479	6	Maisonneuve 2	Maisonneuve 2	April 2010	Maisonneuve 2	2
#FC9D31	15	1909	6	Maisonneuve 2	Maisonneuve 2	May 2010	Maisonneuve 2	2
#FC9D31	15	7129	6	Maisonneuve 2	Maisonneuve 2	June 2010	Maisonneuve 2	2
#FC9D31	15	7148	6	Maisonneuve 2	Maisonneuve 2	July 2010	Maisonneuve 2	2
#FC9D31	15	2776	6	Maisonneuve 2	Maisonneuve 2	August 2010	Maisonneuve 2	2
#FC9D31	15	6572	6	Maisonneuve 2	Maisonneuve 2	September 2010	Maisonneuve 2	2
#FC9D31	15	1047	6	Maisonneuve 2	Maisonneuve 2	October 2010	Maisonneuve 2	2
#FC9D31	15	3030	6	Maisonneuve 2	Maisonneuve 2	November 2010	Maisonneuve 2	2
#FC9D31	15	271	6	Maisonneuve 2	Maisonneuve 2	December 2010	Maisonneuve 2	2
#FC9D31	15	139	6	Maisonneuve 2	Maisonneuve 2	January 2011	Maisonneuve 2	2
#FC9D31	15	317	6	Maisonneuve 2	Maisonneuve 2	February 2011	Maisonneuve 2	2
#FC9D31	15	868	6	Maisonneuve 2	Maisonneuve 2	March 2011	Maisonneuve 2	2
#FC9D31	15	2645	6	Maisonneuve 2	Maisonneuve 2	April 2011	Maisonneuve 2	2
#FC9D31	15	1082	6	Maisonneuve 2	Maisonneuve 2	May 2011	Maisonneuve 2	2
#FC9D31	15	8044	6	Maisonneuve 2	Maisonneuve 2	June 2011	Maisonneuve 2	2
#FC9D31	15	7212	6	Maisonneuve 2	Maisonneuve 2	July 2011	Maisonneuve 2	2
#FC9D31	15	5558	6	Maisonneuve 2	Maisonneuve 2	August 2011	Maisonneuve 2	2
#FC9D31	15	3664	6	Maisonneuve 2	Maisonneuve 2	September 2011	Maisonneuve 2	2
#FC9D31	15	1795	6	Maisonneuve 2	Maisonneuve 2	October 2011	Maisonneuve 2	2
#FC9D31	15	60	6	Maisonneuve 2	Maisonneuve 2	January 2012	Maisonneuve 2	2
#FC9D31	15	491	6	Maisonneuve 2	Maisonneuve 2	February 2012	Maisonneuve 2	2
#FC9D31	15	1021	6	Maisonneuve 2	Maisonneuve 2	March 2012	Maisonneuve 2	2
#FC9D31	15	2954	6	Maisonneuve 2	Maisonneuve 2	April 2012	Maisonneuve 2	2
#FC9D31	15	5088	6	Maisonneuve 2	Maisonneuve 2	May 2012	Maisonneuve 2	2
#FC9D31	15	7663	6	Maisonneuve 2	Maisonneuve 2	June 2012	Maisonneuve 2	2
#FC9D31	15	3437	6	Maisonneuve 2	Maisonneuve 2	July 2012	Maisonneuve 2	2
#FC9D31	15	4948	6	Maisonneuve 2	Maisonneuve 2	August 2012	Maisonneuve 2	2
#FC9D31	15	3099	6	Maisonneuve 2	Maisonneuve 2	September 2012	Maisonneuve 2	2
#FC9D31	15	4197	6	Maisonneuve 2	Maisonneuve 2	October 2012	Maisonneuve 2	2
#FC9D31	15	771	6	Maisonneuve 2	Maisonneuve 2	January 2013	Maisonneuve 2	2
#FC9D31	15	480	6	Maisonneuve 2	Maisonneuve 2	February 2013	Maisonneuve 2	2
#FC9D31	15	714	6	Maisonneuve 2	Maisonneuve 2	March 2013	Maisonneuve 2	2
#FC9D31	15	3321	6	Maisonneuve 2	Maisonneuve 2	April 2013	Maisonneuve 2	2
#FC9D31	15	4438	6	Maisonneuve 2	Maisonneuve 2	May 2013	Maisonneuve 2	2
#FC9D31	15	4825	6	Maisonneuve 2	Maisonneuve 2	June 2013	Maisonneuve 2	2
#FC9D31	15	6196	6	Maisonneuve 2	Maisonneuve 2	July 2013	Maisonneuve 2	2
#FC9D31	15	6322	6	Maisonneuve 2	Maisonneuve 2	August 2013	Maisonneuve 2	2
#FC9D31	15	2933	6	Maisonneuve 2	Maisonneuve 2	September 2013	Maisonneuve 2	2
#FC9D31	16	5609	6	Maisonneuve 2	Maisonneuve 2	June 2009	Maisonneuve 2	2
#FC9D31	16	3774	6	Maisonneuve 2	Maisonneuve 2	July 2009	Maisonneuve 2	2
#FC9D31	16	2843	6	Maisonneuve 2	Maisonneuve 2	August 2009	Maisonneuve 2	2
#FC9D31	16	6146	6	Maisonneuve 2	Maisonneuve 2	September 2009	Maisonneuve 2	2
#FC9D31	16	2885	6	Maisonneuve 2	Maisonneuve 2	October 2009	Maisonneuve 2	2
#FC9D31	16	2567	6	Maisonneuve 2	Maisonneuve 2	November 2009	Maisonneuve 2	2
#FC9D31	16	350	6	Maisonneuve 2	Maisonneuve 2	December 2009	Maisonneuve 2	2
#FC9D31	16	191	6	Maisonneuve 2	Maisonneuve 2	January 2010	Maisonneuve 2	2
#FC9D31	16	558	6	Maisonneuve 2	Maisonneuve 2	February 2010	Maisonneuve 2	2
#FC9D31	16	2074	6	Maisonneuve 2	Maisonneuve 2	March 2010	Maisonneuve 2	2
#FC9D31	16	1147	6	Maisonneuve 2	Maisonneuve 2	April 2010	Maisonneuve 2	2
#FC9D31	16	3519	6	Maisonneuve 2	Maisonneuve 2	May 2010	Maisonneuve 2	2
#FC9D31	16	4062	6	Maisonneuve 2	Maisonneuve 2	June 2010	Maisonneuve 2	2
#FC9D31	16	5152	6	Maisonneuve 2	Maisonneuve 2	July 2010	Maisonneuve 2	2
#FC9D31	16	3805	6	Maisonneuve 2	Maisonneuve 2	August 2010	Maisonneuve 2	2
#FC9D31	16	4284	6	Maisonneuve 2	Maisonneuve 2	September 2010	Maisonneuve 2	2
#FC9D31	16	1931	6	Maisonneuve 2	Maisonneuve 2	October 2010	Maisonneuve 2	2
#FC9D31	16	3404	6	Maisonneuve 2	Maisonneuve 2	November 2010	Maisonneuve 2	2
#FC9D31	16	287	6	Maisonneuve 2	Maisonneuve 2	December 2010	Maisonneuve 2	2
#FC9D31	16	101	6	Maisonneuve 2	Maisonneuve 2	January 2011	Maisonneuve 2	2
#FC9D31	16	354	6	Maisonneuve 2	Maisonneuve 2	February 2011	Maisonneuve 2	2
#FC9D31	16	551	6	Maisonneuve 2	Maisonneuve 2	March 2011	Maisonneuve 2	2
#FC9D31	16	742	6	Maisonneuve 2	Maisonneuve 2	April 2011	Maisonneuve 2	2
#FC9D31	16	1034	6	Maisonneuve 2	Maisonneuve 2	May 2011	Maisonneuve 2	2
#FC9D31	16	8090	6	Maisonneuve 2	Maisonneuve 2	June 2011	Maisonneuve 2	2
#FC9D31	16	5051	6	Maisonneuve 2	Maisonneuve 2	July 2011	Maisonneuve 2	2
#FC9D31	16	6680	6	Maisonneuve 2	Maisonneuve 2	August 2011	Maisonneuve 2	2
#FC9D31	16	6141	6	Maisonneuve 2	Maisonneuve 2	September 2011	Maisonneuve 2	2
#FC9D31	16	1790	6	Maisonneuve 2	Maisonneuve 2	October 2011	Maisonneuve 2	2
#FC9D31	16	312	6	Maisonneuve 2	Maisonneuve 2	January 2012	Maisonneuve 2	2
#FC9D31	16	569	6	Maisonneuve 2	Maisonneuve 2	February 2012	Maisonneuve 2	2
#FC9D31	16	695	6	Maisonneuve 2	Maisonneuve 2	March 2012	Maisonneuve 2	2
#FC9D31	16	4830	6	Maisonneuve 2	Maisonneuve 2	April 2012	Maisonneuve 2	2
#FC9D31	16	5882	6	Maisonneuve 2	Maisonneuve 2	May 2012	Maisonneuve 2	2
#FC9D31	16	4909	6	Maisonneuve 2	Maisonneuve 2	June 2012	Maisonneuve 2	2
#FC9D31	16	6049	6	Maisonneuve 2	Maisonneuve 2	July 2012	Maisonneuve 2	2
#FC9D31	16	6549	6	Maisonneuve 2	Maisonneuve 2	August 2012	Maisonneuve 2	2
#FC9D31	16	3040	6	Maisonneuve 2	Maisonneuve 2	September 2012	Maisonneuve 2	2
#FC9D31	16	4681	6	Maisonneuve 2	Maisonneuve 2	October 2012	Maisonneuve 2	2
#FC9D31	16	778	6	Maisonneuve 2	Maisonneuve 2	January 2013	Maisonneuve 2	2
#FC9D31	16	215	6	Maisonneuve 2	Maisonneuve 2	February 2013	Maisonneuve 2	2
#FC9D31	16	355	6	Maisonneuve 2	Maisonneuve 2	March 2013	Maisonneuve 2	2
#FC9D31	16	1767	6	Maisonneuve 2	Maisonneuve 2	April 2013	Maisonneuve 2	2
#FC9D31	16	5895	6	Maisonneuve 2	Maisonneuve 2	May 2013	Maisonneuve 2	2
#FC9D31	16	1529	6	Maisonneuve 2	Maisonneuve 2	June 2013	Maisonneuve 2	2
#FC9D31	16	6753	6	Maisonneuve 2	Maisonneuve 2	July 2013	Maisonneuve 2	2
#FC9D31	16	5725	6	Maisonneuve 2	Maisonneuve 2	August 2013	Maisonneuve 2	2
#FC9D31	16	5485	6	Maisonneuve 2	Maisonneuve 2	September 2013	Maisonneuve 2	2
#FC9D31	17	6047	6	Maisonneuve 2	Maisonneuve 2	June 2009	Maisonneuve 2	2
#FC9D31	17	4323	6	Maisonneuve 2	Maisonneuve 2	July 2009	Maisonneuve 2	2
#FC9D31	17	4422	6	Maisonneuve 2	Maisonneuve 2	August 2009	Maisonneuve 2	2
#FC9D31	17	6149	6	Maisonneuve 2	Maisonneuve 2	September 2009	Maisonneuve 2	2
#FC9D31	17	1676	6	Maisonneuve 2	Maisonneuve 2	October 2009	Maisonneuve 2	2
#FC9D31	17	2728	6	Maisonneuve 2	Maisonneuve 2	November 2009	Maisonneuve 2	2
#FC9D31	17	304	6	Maisonneuve 2	Maisonneuve 2	December 2009	Maisonneuve 2	2
#FC9D31	17	171	6	Maisonneuve 2	Maisonneuve 2	January 2010	Maisonneuve 2	2
#FC9D31	17	545	6	Maisonneuve 2	Maisonneuve 2	February 2010	Maisonneuve 2	2
#FC9D31	17	2407	6	Maisonneuve 2	Maisonneuve 2	March 2010	Maisonneuve 2	2
#FC9D31	17	896	6	Maisonneuve 2	Maisonneuve 2	April 2010	Maisonneuve 2	2
#FC9D31	17	6213	6	Maisonneuve 2	Maisonneuve 2	May 2010	Maisonneuve 2	2
#FC9D31	17	5511	6	Maisonneuve 2	Maisonneuve 2	June 2010	Maisonneuve 2	2
#FC9D31	17	3134	6	Maisonneuve 2	Maisonneuve 2	July 2010	Maisonneuve 2	2
#FC9D31	17	6513	6	Maisonneuve 2	Maisonneuve 2	August 2010	Maisonneuve 2	2
#FC9D31	17	5544	6	Maisonneuve 2	Maisonneuve 2	September 2010	Maisonneuve 2	2
#FC9D31	17	2021	6	Maisonneuve 2	Maisonneuve 2	October 2010	Maisonneuve 2	2
#FC9D31	17	1345	6	Maisonneuve 2	Maisonneuve 2	November 2010	Maisonneuve 2	2
#FC9D31	17	317	6	Maisonneuve 2	Maisonneuve 2	December 2010	Maisonneuve 2	2
#FC9D31	17	322	6	Maisonneuve 2	Maisonneuve 2	January 2011	Maisonneuve 2	2
#FC9D31	17	437	6	Maisonneuve 2	Maisonneuve 2	February 2011	Maisonneuve 2	2
#FC9D31	17	1054	6	Maisonneuve 2	Maisonneuve 2	March 2011	Maisonneuve 2	2
#FC9D31	17	873	6	Maisonneuve 2	Maisonneuve 2	April 2011	Maisonneuve 2	2
#FC9D31	17	3025	6	Maisonneuve 2	Maisonneuve 2	May 2011	Maisonneuve 2	2
#FC9D31	17	7641	6	Maisonneuve 2	Maisonneuve 2	June 2011	Maisonneuve 2	2
#FC9D31	17	4171	6	Maisonneuve 2	Maisonneuve 2	July 2011	Maisonneuve 2	2
#FC9D31	17	7528	6	Maisonneuve 2	Maisonneuve 2	August 2011	Maisonneuve 2	2
#FC9D31	17	3739	6	Maisonneuve 2	Maisonneuve 2	September 2011	Maisonneuve 2	2
#FC9D31	17	4077	6	Maisonneuve 2	Maisonneuve 2	October 2011	Maisonneuve 2	2
#FC9D31	17	256	6	Maisonneuve 2	Maisonneuve 2	January 2012	Maisonneuve 2	2
#FC9D31	17	496	6	Maisonneuve 2	Maisonneuve 2	February 2012	Maisonneuve 2	2
#FC9D31	17	872	6	Maisonneuve 2	Maisonneuve 2	March 2012	Maisonneuve 2	2
#FC9D31	17	4592	6	Maisonneuve 2	Maisonneuve 2	April 2012	Maisonneuve 2	2
#FC9D31	17	6551	6	Maisonneuve 2	Maisonneuve 2	May 2012	Maisonneuve 2	2
#FC9D31	17	4108	6	Maisonneuve 2	Maisonneuve 2	June 2012	Maisonneuve 2	2
#FC9D31	17	3802	6	Maisonneuve 2	Maisonneuve 2	July 2012	Maisonneuve 2	2
#FC9D31	17	4979	6	Maisonneuve 2	Maisonneuve 2	August 2012	Maisonneuve 2	2
#FC9D31	17	6582	6	Maisonneuve 2	Maisonneuve 2	September 2012	Maisonneuve 2	2
#FC9D31	17	4836	6	Maisonneuve 2	Maisonneuve 2	October 2012	Maisonneuve 2	2
#FC9D31	17	463	6	Maisonneuve 2	Maisonneuve 2	January 2013	Maisonneuve 2	2
#FC9D31	17	152	6	Maisonneuve 2	Maisonneuve 2	February 2013	Maisonneuve 2	2
#FC9D31	17	440	6	Maisonneuve 2	Maisonneuve 2	March 2013	Maisonneuve 2	2
#FC9D31	17	4196	6	Maisonneuve 2	Maisonneuve 2	April 2013	Maisonneuve 2	2
#FC9D31	17	6008	6	Maisonneuve 2	Maisonneuve 2	May 2013	Maisonneuve 2	2
#FC9D31	17	5593	6	Maisonneuve 2	Maisonneuve 2	June 2013	Maisonneuve 2	2
#FC9D31	17	5499	6	Maisonneuve 2	Maisonneuve 2	July 2013	Maisonneuve 2	2
#FC9D31	17	4049	6	Maisonneuve 2	Maisonneuve 2	August 2013	Maisonneuve 2	2
#FC9D31	17	6626	6	Maisonneuve 2	Maisonneuve 2	September 2013	Maisonneuve 2	2
#FC9D31	18	2531	6	Maisonneuve 2	Maisonneuve 2	June 2009	Maisonneuve 2	2
#FC9D31	18	2804	6	Maisonneuve 2	Maisonneuve 2	July 2009	Maisonneuve 2	2
#FC9D31	18	4629	6	Maisonneuve 2	Maisonneuve 2	August 2009	Maisonneuve 2	2
#FC9D31	18	3772	6	Maisonneuve 2	Maisonneuve 2	September 2009	Maisonneuve 2	2
#FC9D31	18	1497	6	Maisonneuve 2	Maisonneuve 2	October 2009	Maisonneuve 2	2
#FC9D31	18	2642	6	Maisonneuve 2	Maisonneuve 2	November 2009	Maisonneuve 2	2
#FC9D31	18	373	6	Maisonneuve 2	Maisonneuve 2	December 2009	Maisonneuve 2	2
#FC9D31	18	463	6	Maisonneuve 2	Maisonneuve 2	January 2010	Maisonneuve 2	2
#FC9D31	18	581	6	Maisonneuve 2	Maisonneuve 2	February 2010	Maisonneuve 2	2
#FC9D31	18	2178	6	Maisonneuve 2	Maisonneuve 2	March 2010	Maisonneuve 2	2
#FC9D31	18	724	6	Maisonneuve 2	Maisonneuve 2	April 2010	Maisonneuve 2	2
#FC9D31	18	6669	6	Maisonneuve 2	Maisonneuve 2	May 2010	Maisonneuve 2	2
#FC9D31	18	6556	6	Maisonneuve 2	Maisonneuve 2	June 2010	Maisonneuve 2	2
#FC9D31	18	3705	6	Maisonneuve 2	Maisonneuve 2	July 2010	Maisonneuve 2	2
#FC9D31	18	6460	6	Maisonneuve 2	Maisonneuve 2	August 2010	Maisonneuve 2	2
#FC9D31	18	3476	6	Maisonneuve 2	Maisonneuve 2	September 2010	Maisonneuve 2	2
#FC9D31	18	4364	6	Maisonneuve 2	Maisonneuve 2	October 2010	Maisonneuve 2	2
#FC9D31	18	2843	6	Maisonneuve 2	Maisonneuve 2	November 2010	Maisonneuve 2	2
#FC9D31	18	123	6	Maisonneuve 2	Maisonneuve 2	December 2010	Maisonneuve 2	2
#FC9D31	18	368	6	Maisonneuve 2	Maisonneuve 2	January 2011	Maisonneuve 2	2
#FC9D31	18	518	6	Maisonneuve 2	Maisonneuve 2	February 2011	Maisonneuve 2	2
#FC9D31	18	912	6	Maisonneuve 2	Maisonneuve 2	March 2011	Maisonneuve 2	2
#FC9D31	18	2211	6	Maisonneuve 2	Maisonneuve 2	April 2011	Maisonneuve 2	2
#FC9D31	18	4071	6	Maisonneuve 2	Maisonneuve 2	May 2011	Maisonneuve 2	2
#FC9D31	18	4851	6	Maisonneuve 2	Maisonneuve 2	June 2011	Maisonneuve 2	2
#FC9D31	18	5924	6	Maisonneuve 2	Maisonneuve 2	July 2011	Maisonneuve 2	2
#FC9D31	18	6079	6	Maisonneuve 2	Maisonneuve 2	August 2011	Maisonneuve 2	2
#FC9D31	18	3555	6	Maisonneuve 2	Maisonneuve 2	September 2011	Maisonneuve 2	2
#FC9D31	18	4836	6	Maisonneuve 2	Maisonneuve 2	October 2011	Maisonneuve 2	2
#FC9D31	18	188	6	Maisonneuve 2	Maisonneuve 2	January 2012	Maisonneuve 2	2
#FC9D31	18	280	6	Maisonneuve 2	Maisonneuve 2	February 2012	Maisonneuve 2	2
#FC9D31	18	1923	6	Maisonneuve 2	Maisonneuve 2	March 2012	Maisonneuve 2	2
#FC9D31	18	4655	6	Maisonneuve 2	Maisonneuve 2	April 2012	Maisonneuve 2	2
#FC9D31	18	6646	6	Maisonneuve 2	Maisonneuve 2	May 2012	Maisonneuve 2	2
#FC9D31	18	6824	6	Maisonneuve 2	Maisonneuve 2	June 2012	Maisonneuve 2	2
#FC9D31	18	7311	6	Maisonneuve 2	Maisonneuve 2	July 2012	Maisonneuve 2	2
#FC9D31	18	3866	6	Maisonneuve 2	Maisonneuve 2	August 2012	Maisonneuve 2	2
#FC9D31	18	3254	6	Maisonneuve 2	Maisonneuve 2	September 2012	Maisonneuve 2	2
#FC9D31	18	5542	6	Maisonneuve 2	Maisonneuve 2	October 2012	Maisonneuve 2	2
#FC9D31	18	366	6	Maisonneuve 2	Maisonneuve 2	January 2013	Maisonneuve 2	2
#FC9D31	18	407	6	Maisonneuve 2	Maisonneuve 2	February 2013	Maisonneuve 2	2
#FC9D31	18	802	6	Maisonneuve 2	Maisonneuve 2	March 2013	Maisonneuve 2	2
#FC9D31	18	2959	6	Maisonneuve 2	Maisonneuve 2	April 2013	Maisonneuve 2	2
#FC9D31	18	4340	6	Maisonneuve 2	Maisonneuve 2	May 2013	Maisonneuve 2	2
#FC9D31	18	6878	6	Maisonneuve 2	Maisonneuve 2	June 2013	Maisonneuve 2	2
#FC9D31	18	6131	6	Maisonneuve 2	Maisonneuve 2	July 2013	Maisonneuve 2	2
#FC9D31	18	3842	6	Maisonneuve 2	Maisonneuve 2	August 2013	Maisonneuve 2	2
#FC9D31	18	1803	6	Maisonneuve 2	Maisonneuve 2	September 2013	Maisonneuve 2	2
#FC9D31	19	3309	6	Maisonneuve 2	Maisonneuve 2	June 2009	Maisonneuve 2	2
#FC9D31	19	2711	6	Maisonneuve 2	Maisonneuve 2	July 2009	Maisonneuve 2	2
#FC9D31	19	5231	6	Maisonneuve 2	Maisonneuve 2	August 2009	Maisonneuve 2	2
#FC9D31	19	2677	6	Maisonneuve 2	Maisonneuve 2	September 2009	Maisonneuve 2	2
#FC9D31	19	3449	6	Maisonneuve 2	Maisonneuve 2	October 2009	Maisonneuve 2	2
#FC9D31	19	2619	6	Maisonneuve 2	Maisonneuve 2	November 2009	Maisonneuve 2	2
#FC9D31	19	162	6	Maisonneuve 2	Maisonneuve 2	December 2009	Maisonneuve 2	2
#FC9D31	19	483	6	Maisonneuve 2	Maisonneuve 2	January 2010	Maisonneuve 2	2
#FC9D31	19	314	6	Maisonneuve 2	Maisonneuve 2	February 2010	Maisonneuve 2	2
#FC9D31	19	2338	6	Maisonneuve 2	Maisonneuve 2	March 2010	Maisonneuve 2	2
#FC9D31	19	3306	6	Maisonneuve 2	Maisonneuve 2	April 2010	Maisonneuve 2	2
#FC9D31	19	6289	6	Maisonneuve 2	Maisonneuve 2	May 2010	Maisonneuve 2	2
#FC9D31	19	3458	6	Maisonneuve 2	Maisonneuve 2	June 2010	Maisonneuve 2	2
#FC9D31	19	3308	6	Maisonneuve 2	Maisonneuve 2	July 2010	Maisonneuve 2	2
#FC9D31	19	6267	6	Maisonneuve 2	Maisonneuve 2	August 2010	Maisonneuve 2	2
#FC9D31	19	3227	6	Maisonneuve 2	Maisonneuve 2	September 2010	Maisonneuve 2	2
#FC9D31	19	4539	6	Maisonneuve 2	Maisonneuve 2	October 2010	Maisonneuve 2	2
#FC9D31	19	2352	6	Maisonneuve 2	Maisonneuve 2	November 2010	Maisonneuve 2	2
#FC9D31	19	102	6	Maisonneuve 2	Maisonneuve 2	December 2010	Maisonneuve 2	2
#FC9D31	19	395	6	Maisonneuve 2	Maisonneuve 2	January 2011	Maisonneuve 2	2
#FC9D31	19	139	6	Maisonneuve 2	Maisonneuve 2	February 2011	Maisonneuve 2	2
#FC9D31	19	562	6	Maisonneuve 2	Maisonneuve 2	March 2011	Maisonneuve 2	2
#FC9D31	19	3239	6	Maisonneuve 2	Maisonneuve 2	April 2011	Maisonneuve 2	2
#FC9D31	19	4701	6	Maisonneuve 2	Maisonneuve 2	May 2011	Maisonneuve 2	2
#FC9D31	19	4457	6	Maisonneuve 2	Maisonneuve 2	June 2011	Maisonneuve 2	2
#FC9D31	19	7793	6	Maisonneuve 2	Maisonneuve 2	July 2011	Maisonneuve 2	2
#FC9D31	19	6400	6	Maisonneuve 2	Maisonneuve 2	August 2011	Maisonneuve 2	2
#FC9D31	19	6953	6	Maisonneuve 2	Maisonneuve 2	September 2011	Maisonneuve 2	2
#FC9D31	19	5075	6	Maisonneuve 2	Maisonneuve 2	October 2011	Maisonneuve 2	2
#FC9D31	19	248	6	Maisonneuve 2	Maisonneuve 2	January 2012	Maisonneuve 2	2
#FC9D31	19	205	6	Maisonneuve 2	Maisonneuve 2	February 2012	Maisonneuve 2	2
#FC9D31	19	2581	6	Maisonneuve 2	Maisonneuve 2	March 2012	Maisonneuve 2	2
#FC9D31	19	5311	6	Maisonneuve 2	Maisonneuve 2	April 2012	Maisonneuve 2	2
#FC9D31	19	4673	6	Maisonneuve 2	Maisonneuve 2	May 2012	Maisonneuve 2	2
#FC9D31	19	6679	6	Maisonneuve 2	Maisonneuve 2	June 2012	Maisonneuve 2	2
#FC9D31	19	7699	6	Maisonneuve 2	Maisonneuve 2	July 2012	Maisonneuve 2	2
#FC9D31	19	3780	6	Maisonneuve 2	Maisonneuve 2	August 2012	Maisonneuve 2	2
#FC9D31	19	5746	6	Maisonneuve 2	Maisonneuve 2	September 2012	Maisonneuve 2	2
#FC9D31	19	1668	6	Maisonneuve 2	Maisonneuve 2	October 2012	Maisonneuve 2	2
#FC9D31	19	104	6	Maisonneuve 2	Maisonneuve 2	January 2013	Maisonneuve 2	2
#FC9D31	19	451	6	Maisonneuve 2	Maisonneuve 2	February 2013	Maisonneuve 2	2
#FC9D31	19	163	6	Maisonneuve 2	Maisonneuve 2	March 2013	Maisonneuve 2	2
#FC9D31	19	3809	6	Maisonneuve 2	Maisonneuve 2	April 2013	Maisonneuve 2	2
#FC9D31	19	2910	6	Maisonneuve 2	Maisonneuve 2	May 2013	Maisonneuve 2	2
#FC9D31	19	7438	6	Maisonneuve 2	Maisonneuve 2	June 2013	Maisonneuve 2	2
#FC9D31	19	3540	6	Maisonneuve 2	Maisonneuve 2	July 2013	Maisonneuve 2	2
#FC9D31	19	6159	6	Maisonneuve 2	Maisonneuve 2	August 2013	Maisonneuve 2	2
#FC9D31	20	2774	6	Maisonneuve 2	Maisonneuve 2	June 2009	Maisonneuve 2	2
#FC9D31	20	5092	6	Maisonneuve 2	Maisonneuve 2	July 2009	Maisonneuve 2	2
#FC9D31	20	3887	6	Maisonneuve 2	Maisonneuve 2	August 2009	Maisonneuve 2	2
#FC9D31	20	2782	6	Maisonneuve 2	Maisonneuve 2	September 2009	Maisonneuve 2	2
#FC9D31	20	3517	6	Maisonneuve 2	Maisonneuve 2	October 2009	Maisonneuve 2	2
#FC9D31	20	1493	6	Maisonneuve 2	Maisonneuve 2	November 2009	Maisonneuve 2	2
#FC9D31	20	125	6	Maisonneuve 2	Maisonneuve 2	December 2009	Maisonneuve 2	2
#FC9D31	20	479	6	Maisonneuve 2	Maisonneuve 2	January 2010	Maisonneuve 2	2
#FC9D31	20	111	6	Maisonneuve 2	Maisonneuve 2	February 2010	Maisonneuve 2	2
#FC9D31	20	998	6	Maisonneuve 2	Maisonneuve 2	March 2010	Maisonneuve 2	2
#FC9D31	20	4099	6	Maisonneuve 2	Maisonneuve 2	April 2010	Maisonneuve 2	2
#FC9D31	20	6175	6	Maisonneuve 2	Maisonneuve 2	May 2010	Maisonneuve 2	2
#FC9D31	20	3141	6	Maisonneuve 2	Maisonneuve 2	June 2010	Maisonneuve 2	2
#FC9D31	20	7105	6	Maisonneuve 2	Maisonneuve 2	July 2010	Maisonneuve 2	2
#FC9D31	20	5852	6	Maisonneuve 2	Maisonneuve 2	August 2010	Maisonneuve 2	2
#FC9D31	20	6438	6	Maisonneuve 2	Maisonneuve 2	September 2010	Maisonneuve 2	2
#FC9D31	20	4596	6	Maisonneuve 2	Maisonneuve 2	October 2010	Maisonneuve 2	2
#FC9D31	20	1112	6	Maisonneuve 2	Maisonneuve 2	November 2010	Maisonneuve 2	2
#FC9D31	20	335	6	Maisonneuve 2	Maisonneuve 2	December 2010	Maisonneuve 2	2
#FC9D31	20	409	6	Maisonneuve 2	Maisonneuve 2	January 2011	Maisonneuve 2	2
#FC9D31	20	146	6	Maisonneuve 2	Maisonneuve 2	February 2011	Maisonneuve 2	2
#FC9D31	20	749	6	Maisonneuve 2	Maisonneuve 2	March 2011	Maisonneuve 2	2
#FC9D31	20	678	6	Maisonneuve 2	Maisonneuve 2	April 2011	Maisonneuve 2	2
#FC9D31	20	5762	6	Maisonneuve 2	Maisonneuve 2	May 2011	Maisonneuve 2	2
#FC9D31	20	7316	6	Maisonneuve 2	Maisonneuve 2	June 2011	Maisonneuve 2	2
#FC9D31	20	7502	6	Maisonneuve 2	Maisonneuve 2	July 2011	Maisonneuve 2	2
#FC9D31	20	4271	6	Maisonneuve 2	Maisonneuve 2	August 2011	Maisonneuve 2	2
#FC9D31	20	5001	6	Maisonneuve 2	Maisonneuve 2	September 2011	Maisonneuve 2	2
#FC9D31	20	3050	6	Maisonneuve 2	Maisonneuve 2	October 2011	Maisonneuve 2	2
#FC9D31	20	217	6	Maisonneuve 2	Maisonneuve 2	January 2012	Maisonneuve 2	2
#FC9D31	20	470	6	Maisonneuve 2	Maisonneuve 2	February 2012	Maisonneuve 2	2
#FC9D31	20	3130	6	Maisonneuve 2	Maisonneuve 2	March 2012	Maisonneuve 2	2
#FC9D31	20	2922	6	Maisonneuve 2	Maisonneuve 2	April 2012	Maisonneuve 2	2
#FC9D31	20	4462	6	Maisonneuve 2	Maisonneuve 2	May 2012	Maisonneuve 2	2
#FC9D31	20	6848	6	Maisonneuve 2	Maisonneuve 2	June 2012	Maisonneuve 2	2
#FC9D31	20	6959	6	Maisonneuve 2	Maisonneuve 2	July 2012	Maisonneuve 2	2
#FC9D31	20	6088	6	Maisonneuve 2	Maisonneuve 2	August 2012	Maisonneuve 2	2
#FC9D31	20	6348	6	Maisonneuve 2	Maisonneuve 2	September 2012	Maisonneuve 2	2
#FC9D31	20	2266	6	Maisonneuve 2	Maisonneuve 2	October 2012	Maisonneuve 2	2
#FC9D31	20	57	6	Maisonneuve 2	Maisonneuve 2	January 2013	Maisonneuve 2	2
#FC9D31	20	164	6	Maisonneuve 2	Maisonneuve 2	February 2013	Maisonneuve 2	2
#FC9D31	20	301	6	Maisonneuve 2	Maisonneuve 2	March 2013	Maisonneuve 2	2
#FC9D31	20	1203	6	Maisonneuve 2	Maisonneuve 2	April 2013	Maisonneuve 2	2
#FC9D31	20	3131	6	Maisonneuve 2	Maisonneuve 2	May 2013	Maisonneuve 2	2
#FC9D31	20	7488	6	Maisonneuve 2	Maisonneuve 2	June 2013	Maisonneuve 2	2
#FC9D31	20	3866	6	Maisonneuve 2	Maisonneuve 2	July 2013	Maisonneuve 2	2
#FC9D31	20	6806	6	Maisonneuve 2	Maisonneuve 2	August 2013	Maisonneuve 2	2
#FC9D31	21	2531	6	Maisonneuve 2	Maisonneuve 2	June 2009	Maisonneuve 2	2
#FC9D31	21	5357	6	Maisonneuve 2	Maisonneuve 2	July 2009	Maisonneuve 2	2
#FC9D31	21	3166	6	Maisonneuve 2	Maisonneuve 2	August 2009	Maisonneuve 2	2
#FC9D31	21	5856	6	Maisonneuve 2	Maisonneuve 2	September 2009	Maisonneuve 2	2
#FC9D31	21	3582	6	Maisonneuve 2	Maisonneuve 2	October 2009	Maisonneuve 2	2
#FC9D31	21	1315	6	Maisonneuve 2	Maisonneuve 2	November 2009	Maisonneuve 2	2
#FC9D31	21	383	6	Maisonneuve 2	Maisonneuve 2	December 2009	Maisonneuve 2	2
#FC9D31	21	518	6	Maisonneuve 2	Maisonneuve 2	January 2010	Maisonneuve 2	2
#FC9D31	21	108	6	Maisonneuve 2	Maisonneuve 2	February 2010	Maisonneuve 2	2
#FC9D31	21	567	6	Maisonneuve 2	Maisonneuve 2	March 2010	Maisonneuve 2	2
#FC9D31	21	4316	6	Maisonneuve 2	Maisonneuve 2	April 2010	Maisonneuve 2	2
#FC9D31	21	5882	6	Maisonneuve 2	Maisonneuve 2	May 2010	Maisonneuve 2	2
#FC9D31	21	6739	6	Maisonneuve 2	Maisonneuve 2	June 2010	Maisonneuve 2	2
#FC9D31	21	5767	6	Maisonneuve 2	Maisonneuve 2	July 2010	Maisonneuve 2	2
#FC9D31	21	2293	6	Maisonneuve 2	Maisonneuve 2	August 2010	Maisonneuve 2	2
#FC9D31	21	5643	6	Maisonneuve 2	Maisonneuve 2	September 2010	Maisonneuve 2	2
#FC9D31	21	2120	6	Maisonneuve 2	Maisonneuve 2	October 2010	Maisonneuve 2	2
#FC9D31	21	842	6	Maisonneuve 2	Maisonneuve 2	November 2010	Maisonneuve 2	2
#FC9D31	21	348	6	Maisonneuve 2	Maisonneuve 2	December 2010	Maisonneuve 2	2
#FC9D31	21	312	6	Maisonneuve 2	Maisonneuve 2	January 2011	Maisonneuve 2	2
#FC9D31	21	301	6	Maisonneuve 2	Maisonneuve 2	February 2011	Maisonneuve 2	2
#FC9D31	21	468	6	Maisonneuve 2	Maisonneuve 2	March 2011	Maisonneuve 2	2
#FC9D31	21	2311	6	Maisonneuve 2	Maisonneuve 2	April 2011	Maisonneuve 2	2
#FC9D31	21	4996	6	Maisonneuve 2	Maisonneuve 2	May 2011	Maisonneuve 2	2
#FC9D31	21	8219	6	Maisonneuve 2	Maisonneuve 2	June 2011	Maisonneuve 2	2
#FC9D31	21	6271	6	Maisonneuve 2	Maisonneuve 2	July 2011	Maisonneuve 2	2
#FC9D31	21	1473	6	Maisonneuve 2	Maisonneuve 2	August 2011	Maisonneuve 2	2
#FC9D31	21	7644	6	Maisonneuve 2	Maisonneuve 2	September 2011	Maisonneuve 2	2
#FC9D31	21	3366	6	Maisonneuve 2	Maisonneuve 2	October 2011	Maisonneuve 2	2
#FC9D31	21	70	6	Maisonneuve 2	Maisonneuve 2	January 2012	Maisonneuve 2	2
#FC9D31	21	503	6	Maisonneuve 2	Maisonneuve 2	February 2012	Maisonneuve 2	2
#FC9D31	21	3510	6	Maisonneuve 2	Maisonneuve 2	March 2012	Maisonneuve 2	2
#FC9D31	21	710	6	Maisonneuve 2	Maisonneuve 2	April 2012	Maisonneuve 2	2
#FC9D31	21	4169	6	Maisonneuve 2	Maisonneuve 2	May 2012	Maisonneuve 2	2
#FC9D31	21	6684	6	Maisonneuve 2	Maisonneuve 2	June 2012	Maisonneuve 2	2
#FC9D31	21	4658	6	Maisonneuve 2	Maisonneuve 2	July 2012	Maisonneuve 2	2
#FC9D31	21	6687	6	Maisonneuve 2	Maisonneuve 2	August 2012	Maisonneuve 2	2
#FC9D31	21	4745	6	Maisonneuve 2	Maisonneuve 2	September 2012	Maisonneuve 2	2
#FC9D31	21	1777	6	Maisonneuve 2	Maisonneuve 2	October 2012	Maisonneuve 2	2
#FC9D31	21	301	6	Maisonneuve 2	Maisonneuve 2	January 2013	Maisonneuve 2	2
#FC9D31	21	224	6	Maisonneuve 2	Maisonneuve 2	February 2013	Maisonneuve 2	2
#FC9D31	21	476	6	Maisonneuve 2	Maisonneuve 2	March 2013	Maisonneuve 2	2
#FC9D31	21	1733	6	Maisonneuve 2	Maisonneuve 2	April 2013	Maisonneuve 2	2
#FC9D31	21	4075	6	Maisonneuve 2	Maisonneuve 2	May 2013	Maisonneuve 2	2
#FC9D31	21	6763	6	Maisonneuve 2	Maisonneuve 2	June 2013	Maisonneuve 2	2
#FC9D31	21	4253	6	Maisonneuve 2	Maisonneuve 2	July 2013	Maisonneuve 2	2
#FC9D31	21	6877	6	Maisonneuve 2	Maisonneuve 2	August 2013	Maisonneuve 2	2
#FC9D31	22	5032	6	Maisonneuve 2	Maisonneuve 2	June 2009	Maisonneuve 2	2
#FC9D31	22	3954	6	Maisonneuve 2	Maisonneuve 2	July 2009	Maisonneuve 2	2
#FC9D31	22	3110	6	Maisonneuve 2	Maisonneuve 2	August 2009	Maisonneuve 2	2
#FC9D31	22	3602	6	Maisonneuve 2	Maisonneuve 2	September 2009	Maisonneuve 2	2
#FC9D31	22	1866	6	Maisonneuve 2	Maisonneuve 2	October 2009	Maisonneuve 2	2
#FC9D31	22	1021	6	Maisonneuve 2	Maisonneuve 2	November 2009	Maisonneuve 2	2
#FC9D31	22	353	6	Maisonneuve 2	Maisonneuve 2	December 2009	Maisonneuve 2	2
#FC9D31	22	493	6	Maisonneuve 2	Maisonneuve 2	January 2010	Maisonneuve 2	2
#FC9D31	22	412	6	Maisonneuve 2	Maisonneuve 2	February 2010	Maisonneuve 2	2
#FC9D31	22	1492	6	Maisonneuve 2	Maisonneuve 2	March 2010	Maisonneuve 2	2
#FC9D31	22	3877	6	Maisonneuve 2	Maisonneuve 2	April 2010	Maisonneuve 2	2
#FC9D31	22	3343	6	Maisonneuve 2	Maisonneuve 2	May 2010	Maisonneuve 2	2
#FC9D31	22	6574	6	Maisonneuve 2	Maisonneuve 2	June 2010	Maisonneuve 2	2
#FC9D31	22	6783	6	Maisonneuve 2	Maisonneuve 2	July 2010	Maisonneuve 2	2
#FC9D31	22	1193	6	Maisonneuve 2	Maisonneuve 2	August 2010	Maisonneuve 2	2
#FC9D31	22	5096	6	Maisonneuve 2	Maisonneuve 2	September 2010	Maisonneuve 2	2
#FC9D31	22	3491	6	Maisonneuve 2	Maisonneuve 2	October 2010	Maisonneuve 2	2
#FC9D31	22	1506	6	Maisonneuve 2	Maisonneuve 2	November 2010	Maisonneuve 2	2
#FC9D31	22	321	6	Maisonneuve 2	Maisonneuve 2	December 2010	Maisonneuve 2	2
#FC9D31	22	102	6	Maisonneuve 2	Maisonneuve 2	January 2011	Maisonneuve 2	2
#FC9D31	22	358	6	Maisonneuve 2	Maisonneuve 2	February 2011	Maisonneuve 2	2
#FC9D31	22	615	6	Maisonneuve 2	Maisonneuve 2	March 2011	Maisonneuve 2	2
#FC9D31	22	2592	6	Maisonneuve 2	Maisonneuve 2	April 2011	Maisonneuve 2	2
#FC9D31	22	3503	6	Maisonneuve 2	Maisonneuve 2	May 2011	Maisonneuve 2	2
#FC9D31	22	7801	6	Maisonneuve 2	Maisonneuve 2	June 2011	Maisonneuve 2	2
#FC9D31	22	6237	6	Maisonneuve 2	Maisonneuve 2	July 2011	Maisonneuve 2	2
#FC9D31	22	5349	6	Maisonneuve 2	Maisonneuve 2	August 2011	Maisonneuve 2	2
#FC9D31	22	6263	6	Maisonneuve 2	Maisonneuve 2	September 2011	Maisonneuve 2	2
#FC9D31	22	2279	6	Maisonneuve 2	Maisonneuve 2	October 2011	Maisonneuve 2	2
#FC9D31	22	73	6	Maisonneuve 2	Maisonneuve 2	January 2012	Maisonneuve 2	2
#FC9D31	22	501	6	Maisonneuve 2	Maisonneuve 2	February 2012	Maisonneuve 2	2
#FC9D31	22	2654	6	Maisonneuve 2	Maisonneuve 2	March 2012	Maisonneuve 2	2
#FC9D31	22	1331	6	Maisonneuve 2	Maisonneuve 2	April 2012	Maisonneuve 2	2
#FC9D31	22	2599	6	Maisonneuve 2	Maisonneuve 2	May 2012	Maisonneuve 2	2
#FC9D31	22	6659	6	Maisonneuve 2	Maisonneuve 2	June 2012	Maisonneuve 2	2
#FC9D31	22	4104	6	Maisonneuve 2	Maisonneuve 2	July 2012	Maisonneuve 2	2
#FC9D31	22	7065	6	Maisonneuve 2	Maisonneuve 2	August 2012	Maisonneuve 2	2
#FC9D31	22	1682	6	Maisonneuve 2	Maisonneuve 2	September 2012	Maisonneuve 2	2
#FC9D31	22	4800	6	Maisonneuve 2	Maisonneuve 2	October 2012	Maisonneuve 2	2
#FC9D31	22	307	6	Maisonneuve 2	Maisonneuve 2	January 2013	Maisonneuve 2	2
#FC9D31	22	328	6	Maisonneuve 2	Maisonneuve 2	February 2013	Maisonneuve 2	2
#FC9D31	22	549	6	Maisonneuve 2	Maisonneuve 2	March 2013	Maisonneuve 2	2
#FC9D31	22	4060	6	Maisonneuve 2	Maisonneuve 2	April 2013	Maisonneuve 2	2
#FC9D31	22	5812	6	Maisonneuve 2	Maisonneuve 2	May 2013	Maisonneuve 2	2
#FC9D31	22	1374	6	Maisonneuve 2	Maisonneuve 2	June 2013	Maisonneuve 2	2
#FC9D31	22	6564	6	Maisonneuve 2	Maisonneuve 2	July 2013	Maisonneuve 2	2
#FC9D31	22	3511	6	Maisonneuve 2	Maisonneuve 2	August 2013	Maisonneuve 2	2
#FC9D31	23	5386	6	Maisonneuve 2	Maisonneuve 2	June 2009	Maisonneuve 2	2
#FC9D31	23	4836	6	Maisonneuve 2	Maisonneuve 2	July 2009	Maisonneuve 2	2
#FC9D31	23	2647	6	Maisonneuve 2	Maisonneuve 2	August 2009	Maisonneuve 2	2
#FC9D31	23	4030	6	Maisonneuve 2	Maisonneuve 2	September 2009	Maisonneuve 2	2
#FC9D31	23	2575	6	Maisonneuve 2	Maisonneuve 2	October 2009	Maisonneuve 2	2
#FC9D31	23	2352	6	Maisonneuve 2	Maisonneuve 2	November 2009	Maisonneuve 2	2
#FC9D31	23	204	6	Maisonneuve 2	Maisonneuve 2	December 2009	Maisonneuve 2	2
#FC9D31	23	208	6	Maisonneuve 2	Maisonneuve 2	January 2010	Maisonneuve 2	2
#FC9D31	23	351	6	Maisonneuve 2	Maisonneuve 2	February 2010	Maisonneuve 2	2
#FC9D31	23	521	6	Maisonneuve 2	Maisonneuve 2	March 2010	Maisonneuve 2	2
#FC9D31	23	4370	6	Maisonneuve 2	Maisonneuve 2	April 2010	Maisonneuve 2	2
#FC9D31	23	3880	6	Maisonneuve 2	Maisonneuve 2	May 2010	Maisonneuve 2	2
#FC9D31	23	6030	6	Maisonneuve 2	Maisonneuve 2	June 2010	Maisonneuve 2	2
#FC9D31	23	5556	6	Maisonneuve 2	Maisonneuve 2	July 2010	Maisonneuve 2	2
#FC9D31	23	5092	6	Maisonneuve 2	Maisonneuve 2	August 2010	Maisonneuve 2	2
#FC9D31	23	5993	6	Maisonneuve 2	Maisonneuve 2	September 2010	Maisonneuve 2	2
#FC9D31	23	2184	6	Maisonneuve 2	Maisonneuve 2	October 2010	Maisonneuve 2	2
#FC9D31	23	1683	6	Maisonneuve 2	Maisonneuve 2	November 2010	Maisonneuve 2	2
#FC9D31	23	235	6	Maisonneuve 2	Maisonneuve 2	December 2010	Maisonneuve 2	2
#FC9D31	23	76	6	Maisonneuve 2	Maisonneuve 2	January 2011	Maisonneuve 2	2
#FC9D31	23	388	6	Maisonneuve 2	Maisonneuve 2	February 2011	Maisonneuve 2	2
#FC9D31	23	872	6	Maisonneuve 2	Maisonneuve 2	March 2011	Maisonneuve 2	2
#FC9D31	23	867	6	Maisonneuve 2	Maisonneuve 2	April 2011	Maisonneuve 2	2
#FC9D31	23	3322	6	Maisonneuve 2	Maisonneuve 2	May 2011	Maisonneuve 2	2
#FC9D31	23	3910	6	Maisonneuve 2	Maisonneuve 2	June 2011	Maisonneuve 2	2
#FC9D31	23	4620	6	Maisonneuve 2	Maisonneuve 2	July 2011	Maisonneuve 2	2
#FC9D31	23	6851	6	Maisonneuve 2	Maisonneuve 2	August 2011	Maisonneuve 2	2
#FC9D31	23	7088	6	Maisonneuve 2	Maisonneuve 2	September 2011	Maisonneuve 2	2
#FC9D31	23	1968	6	Maisonneuve 2	Maisonneuve 2	October 2011	Maisonneuve 2	2
#FC9D31	23	357	6	Maisonneuve 2	Maisonneuve 2	January 2012	Maisonneuve 2	2
#FC9D31	23	528	6	Maisonneuve 2	Maisonneuve 2	February 2012	Maisonneuve 2	2
#FC9D31	23	2955	6	Maisonneuve 2	Maisonneuve 2	March 2012	Maisonneuve 2	2
#FC9D31	23	1076	6	Maisonneuve 2	Maisonneuve 2	April 2012	Maisonneuve 2	2
#FC9D31	23	7281	6	Maisonneuve 2	Maisonneuve 2	May 2012	Maisonneuve 2	2
#FC9D31	23	3992	6	Maisonneuve 2	Maisonneuve 2	June 2012	Maisonneuve 2	2
#FC9D31	23	4937	6	Maisonneuve 2	Maisonneuve 2	July 2012	Maisonneuve 2	2
#FC9D31	23	6773	6	Maisonneuve 2	Maisonneuve 2	August 2012	Maisonneuve 2	2
#FC9D31	23	2572	6	Maisonneuve 2	Maisonneuve 2	September 2012	Maisonneuve 2	2
#FC9D31	23	5216	6	Maisonneuve 2	Maisonneuve 2	October 2012	Maisonneuve 2	2
#FC9D31	23	231	6	Maisonneuve 2	Maisonneuve 2	January 2013	Maisonneuve 2	2
#FC9D31	23	103	6	Maisonneuve 2	Maisonneuve 2	February 2013	Maisonneuve 2	2
#FC9D31	23	361	6	Maisonneuve 2	Maisonneuve 2	March 2013	Maisonneuve 2	2
#FC9D31	23	4346	6	Maisonneuve 2	Maisonneuve 2	April 2013	Maisonneuve 2	2
#FC9D31	23	4372	6	Maisonneuve 2	Maisonneuve 2	May 2013	Maisonneuve 2	2
#FC9D31	23	2978	6	Maisonneuve 2	Maisonneuve 2	June 2013	Maisonneuve 2	2
#FC9D31	23	4222	6	Maisonneuve 2	Maisonneuve 2	July 2013	Maisonneuve 2	2
#FC9D31	23	6406	6	Maisonneuve 2	Maisonneuve 2	August 2013	Maisonneuve 2	2
#FC9D31	24	3114	6	Maisonneuve 2	Maisonneuve 2	June 2009	Maisonneuve 2	2
#FC9D31	24	3828	6	Maisonneuve 2	Maisonneuve 2	July 2009	Maisonneuve 2	2
#FC9D31	24	4573	6	Maisonneuve 2	Maisonneuve 2	August 2009	Maisonneuve 2	2
#FC9D31	24	5942	6	Maisonneuve 2	Maisonneuve 2	September 2009	Maisonneuve 2	2
#FC9D31	24	737	6	Maisonneuve 2	Maisonneuve 2	October 2009	Maisonneuve 2	2
#FC9D31	24	2574	6	Maisonneuve 2	Maisonneuve 2	November 2009	Maisonneuve 2	2
#FC9D31	24	129	6	Maisonneuve 2	Maisonneuve 2	December 2009	Maisonneuve 2	2
#FC9D31	24	199	6	Maisonneuve 2	Maisonneuve 2	January 2010	Maisonneuve 2	2
#FC9D31	24	293	6	Maisonneuve 2	Maisonneuve 2	February 2010	Maisonneuve 2	2
#FC9D31	24	1420	6	Maisonneuve 2	Maisonneuve 2	March 2010	Maisonneuve 2	2
#FC9D31	24	3028	6	Maisonneuve 2	Maisonneuve 2	April 2010	Maisonneuve 2	2
#FC9D31	24	3768	6	Maisonneuve 2	Maisonneuve 2	May 2010	Maisonneuve 2	2
#FC9D31	24	2457	6	Maisonneuve 2	Maisonneuve 2	June 2010	Maisonneuve 2	2
#FC9D31	24	3489	6	Maisonneuve 2	Maisonneuve 2	July 2010	Maisonneuve 2	2
#FC9D31	24	6670	6	Maisonneuve 2	Maisonneuve 2	August 2010	Maisonneuve 2	2
#FC9D31	24	3793	6	Maisonneuve 2	Maisonneuve 2	September 2010	Maisonneuve 2	2
#FC9D31	24	1215	6	Maisonneuve 2	Maisonneuve 2	October 2010	Maisonneuve 2	2
#FC9D31	24	2268	6	Maisonneuve 2	Maisonneuve 2	November 2010	Maisonneuve 2	2
#FC9D31	24	114	6	Maisonneuve 2	Maisonneuve 2	December 2010	Maisonneuve 2	2
#FC9D31	24	261	6	Maisonneuve 2	Maisonneuve 2	January 2011	Maisonneuve 2	2
#FC9D31	24	455	6	Maisonneuve 2	Maisonneuve 2	February 2011	Maisonneuve 2	2
#FC9D31	24	664	6	Maisonneuve 2	Maisonneuve 2	March 2011	Maisonneuve 2	2
#FC9D31	24	1783	6	Maisonneuve 2	Maisonneuve 2	April 2011	Maisonneuve 2	2
#FC9D31	24	5685	6	Maisonneuve 2	Maisonneuve 2	May 2011	Maisonneuve 2	2
#FC9D31	24	1346	6	Maisonneuve 2	Maisonneuve 2	June 2011	Maisonneuve 2	2
#FC9D31	24	4555	6	Maisonneuve 2	Maisonneuve 2	July 2011	Maisonneuve 2	2
#FC9D31	24	6755	6	Maisonneuve 2	Maisonneuve 2	August 2011	Maisonneuve 2	2
#FC9D31	24	4136	6	Maisonneuve 2	Maisonneuve 2	September 2011	Maisonneuve 2	2
#FC9D31	24	4337	6	Maisonneuve 2	Maisonneuve 2	October 2011	Maisonneuve 2	2
#FC9D31	24	444	6	Maisonneuve 2	Maisonneuve 2	January 2012	Maisonneuve 2	2
#FC9D31	24	313	6	Maisonneuve 2	Maisonneuve 2	February 2012	Maisonneuve 2	2
#FC9D31	24	1001	6	Maisonneuve 2	Maisonneuve 2	March 2012	Maisonneuve 2	2
#FC9D31	24	2379	6	Maisonneuve 2	Maisonneuve 2	April 2012	Maisonneuve 2	2
#FC9D31	24	7600	6	Maisonneuve 2	Maisonneuve 2	May 2012	Maisonneuve 2	2
#FC9D31	24	2989	6	Maisonneuve 2	Maisonneuve 2	June 2012	Maisonneuve 2	2
#FC9D31	24	6721	6	Maisonneuve 2	Maisonneuve 2	July 2012	Maisonneuve 2	2
#FC9D31	24	6703	6	Maisonneuve 2	Maisonneuve 2	August 2012	Maisonneuve 2	2
#FC9D31	24	5738	6	Maisonneuve 2	Maisonneuve 2	September 2012	Maisonneuve 2	2
#FC9D31	24	4900	6	Maisonneuve 2	Maisonneuve 2	October 2012	Maisonneuve 2	2
#FC9D31	24	246	6	Maisonneuve 2	Maisonneuve 2	January 2013	Maisonneuve 2	2
#FC9D31	24	128	6	Maisonneuve 2	Maisonneuve 2	February 2013	Maisonneuve 2	2
#FC9D31	24	379	6	Maisonneuve 2	Maisonneuve 2	March 2013	Maisonneuve 2	2
#FC9D31	24	4565	6	Maisonneuve 2	Maisonneuve 2	April 2013	Maisonneuve 2	2
#FC9D31	24	2980	6	Maisonneuve 2	Maisonneuve 2	May 2013	Maisonneuve 2	2
#FC9D31	24	2678	6	Maisonneuve 2	Maisonneuve 2	June 2013	Maisonneuve 2	2
#FC9D31	24	6381	6	Maisonneuve 2	Maisonneuve 2	July 2013	Maisonneuve 2	2
#FC9D31	24	4177	6	Maisonneuve 2	Maisonneuve 2	August 2013	Maisonneuve 2	2
#FC9D31	25	4541	6	Maisonneuve 2	Maisonneuve 2	June 2009	Maisonneuve 2	2
#FC9D31	25	3059	6	Maisonneuve 2	Maisonneuve 2	July 2009	Maisonneuve 2	2
#FC9D31	25	5698	6	Maisonneuve 2	Maisonneuve 2	August 2009	Maisonneuve 2	2
#FC9D31	25	5018	6	Maisonneuve 2	Maisonneuve 2	September 2009	Maisonneuve 2	2
#FC9D31	25	1366	6	Maisonneuve 2	Maisonneuve 2	October 2009	Maisonneuve 2	2
#FC9D31	25	2183	6	Maisonneuve 2	Maisonneuve 2	November 2009	Maisonneuve 2	2
#FC9D31	25	36	6	Maisonneuve 2	Maisonneuve 2	December 2009	Maisonneuve 2	2
#FC9D31	25	362	6	Maisonneuve 2	Maisonneuve 2	January 2010	Maisonneuve 2	2
#FC9D31	25	284	6	Maisonneuve 2	Maisonneuve 2	February 2010	Maisonneuve 2	2
#FC9D31	25	2004	6	Maisonneuve 2	Maisonneuve 2	March 2010	Maisonneuve 2	2
#FC9D31	25	2651	6	Maisonneuve 2	Maisonneuve 2	April 2010	Maisonneuve 2	2
#FC9D31	25	6449	6	Maisonneuve 2	Maisonneuve 2	May 2010	Maisonneuve 2	2
#FC9D31	25	5550	6	Maisonneuve 2	Maisonneuve 2	June 2010	Maisonneuve 2	2
#FC9D31	25	3786	6	Maisonneuve 2	Maisonneuve 2	July 2010	Maisonneuve 2	2
#FC9D31	25	6041	6	Maisonneuve 2	Maisonneuve 2	August 2010	Maisonneuve 2	2
#FC9D31	25	2889	6	Maisonneuve 2	Maisonneuve 2	September 2010	Maisonneuve 2	2
#FC9D31	25	1986	6	Maisonneuve 2	Maisonneuve 2	October 2010	Maisonneuve 2	2
#FC9D31	25	2015	6	Maisonneuve 2	Maisonneuve 2	November 2010	Maisonneuve 2	2
#FC9D31	25	28	6	Maisonneuve 2	Maisonneuve 2	December 2010	Maisonneuve 2	2
#FC9D31	25	325	6	Maisonneuve 2	Maisonneuve 2	January 2011	Maisonneuve 2	2
#FC9D31	25	274	6	Maisonneuve 2	Maisonneuve 2	February 2011	Maisonneuve 2	2
#FC9D31	25	891	6	Maisonneuve 2	Maisonneuve 2	March 2011	Maisonneuve 2	2
#FC9D31	25	3020	6	Maisonneuve 2	Maisonneuve 2	April 2011	Maisonneuve 2	2
#FC9D31	25	6958	6	Maisonneuve 2	Maisonneuve 2	May 2011	Maisonneuve 2	2
#FC9D31	25	2281	6	Maisonneuve 2	Maisonneuve 2	June 2011	Maisonneuve 2	2
#FC9D31	25	5877	6	Maisonneuve 2	Maisonneuve 2	July 2011	Maisonneuve 2	2
#FC9D31	25	4492	6	Maisonneuve 2	Maisonneuve 2	August 2011	Maisonneuve 2	2
#FC9D31	25	3767	6	Maisonneuve 2	Maisonneuve 2	September 2011	Maisonneuve 2	2
#FC9D31	25	4503	6	Maisonneuve 2	Maisonneuve 2	October 2011	Maisonneuve 2	2
#FC9D31	25	453	6	Maisonneuve 2	Maisonneuve 2	January 2012	Maisonneuve 2	2
#FC9D31	25	52	6	Maisonneuve 2	Maisonneuve 2	February 2012	Maisonneuve 2	2
#FC9D31	25	691	6	Maisonneuve 2	Maisonneuve 2	March 2012	Maisonneuve 2	2
#FC9D31	25	3444	6	Maisonneuve 2	Maisonneuve 2	April 2012	Maisonneuve 2	2
#FC9D31	25	6734	6	Maisonneuve 2	Maisonneuve 2	May 2012	Maisonneuve 2	2
#FC9D31	25	3031	6	Maisonneuve 2	Maisonneuve 2	June 2012	Maisonneuve 2	2
#FC9D31	25	7073	6	Maisonneuve 2	Maisonneuve 2	July 2012	Maisonneuve 2	2
#FC9D31	25	4126	6	Maisonneuve 2	Maisonneuve 2	August 2012	Maisonneuve 2	2
#FC9D31	25	5861	6	Maisonneuve 2	Maisonneuve 2	September 2012	Maisonneuve 2	2
#FC9D31	25	5010	6	Maisonneuve 2	Maisonneuve 2	October 2012	Maisonneuve 2	2
#FC9D31	25	250	6	Maisonneuve 2	Maisonneuve 2	January 2013	Maisonneuve 2	2
#FC9D31	25	455	6	Maisonneuve 2	Maisonneuve 2	February 2013	Maisonneuve 2	2
#FC9D31	25	1038	6	Maisonneuve 2	Maisonneuve 2	March 2013	Maisonneuve 2	2
#FC9D31	25	3914	6	Maisonneuve 2	Maisonneuve 2	April 2013	Maisonneuve 2	2
#FC9D31	25	1061	6	Maisonneuve 2	Maisonneuve 2	May 2013	Maisonneuve 2	2
#FC9D31	25	5552	6	Maisonneuve 2	Maisonneuve 2	June 2013	Maisonneuve 2	2
#FC9D31	25	7118	6	Maisonneuve 2	Maisonneuve 2	July 2013	Maisonneuve 2	2
#FC9D31	25	3752	6	Maisonneuve 2	Maisonneuve 2	August 2013	Maisonneuve 2	2
#FC9D31	26	3984	6	Maisonneuve 2	Maisonneuve 2	June 2009	Maisonneuve 2	2
#FC9D31	26	1703	6	Maisonneuve 2	Maisonneuve 2	July 2009	Maisonneuve 2	2
#FC9D31	26	5112	6	Maisonneuve 2	Maisonneuve 2	August 2009	Maisonneuve 2	2
#FC9D31	26	2873	6	Maisonneuve 2	Maisonneuve 2	September 2009	Maisonneuve 2	2
#FC9D31	26	3186	6	Maisonneuve 2	Maisonneuve 2	October 2009	Maisonneuve 2	2
#FC9D31	26	2397	6	Maisonneuve 2	Maisonneuve 2	November 2009	Maisonneuve 2	2
#FC9D31	26	59	6	Maisonneuve 2	Maisonneuve 2	December 2009	Maisonneuve 2	2
#FC9D31	26	517	6	Maisonneuve 2	Maisonneuve 2	January 2010	Maisonneuve 2	2
#FC9D31	26	343	6	Maisonneuve 2	Maisonneuve 2	February 2010	Maisonneuve 2	2
#FC9D31	26	1198	6	Maisonneuve 2	Maisonneuve 2	March 2010	Maisonneuve 2	2
#FC9D31	26	4520	6	Maisonneuve 2	Maisonneuve 2	April 2010	Maisonneuve 2	2
#FC9D31	26	6368	6	Maisonneuve 2	Maisonneuve 2	May 2010	Maisonneuve 2	2
#FC9D31	26	3714	6	Maisonneuve 2	Maisonneuve 2	June 2010	Maisonneuve 2	2
#FC9D31	26	6316	6	Maisonneuve 2	Maisonneuve 2	July 2010	Maisonneuve 2	2
#FC9D31	26	5718	6	Maisonneuve 2	Maisonneuve 2	August 2010	Maisonneuve 2	2
#FC9D31	26	1802	6	Maisonneuve 2	Maisonneuve 2	September 2010	Maisonneuve 2	2
#FC9D31	26	3547	6	Maisonneuve 2	Maisonneuve 2	October 2010	Maisonneuve 2	2
#FC9D31	26	841	6	Maisonneuve 2	Maisonneuve 2	November 2010	Maisonneuve 2	2
#FC9D31	26	55	6	Maisonneuve 2	Maisonneuve 2	December 2010	Maisonneuve 2	2
#FC9D31	26	336	6	Maisonneuve 2	Maisonneuve 2	January 2011	Maisonneuve 2	2
#FC9D31	26	131	6	Maisonneuve 2	Maisonneuve 2	February 2011	Maisonneuve 2	2
#FC9D31	26	498	6	Maisonneuve 2	Maisonneuve 2	March 2011	Maisonneuve 2	2
#FC9D31	26	1976	6	Maisonneuve 2	Maisonneuve 2	April 2011	Maisonneuve 2	2
#FC9D31	26	4397	6	Maisonneuve 2	Maisonneuve 2	May 2011	Maisonneuve 2	2
#FC9D31	26	3668	6	Maisonneuve 2	Maisonneuve 2	June 2011	Maisonneuve 2	2
#FC9D31	26	6076	6	Maisonneuve 2	Maisonneuve 2	July 2011	Maisonneuve 2	2
#FC9D31	26	6588	6	Maisonneuve 2	Maisonneuve 2	August 2011	Maisonneuve 2	2
#FC9D31	26	7241	6	Maisonneuve 2	Maisonneuve 2	September 2011	Maisonneuve 2	2
#FC9D31	26	4716	6	Maisonneuve 2	Maisonneuve 2	October 2011	Maisonneuve 2	2
#FC9D31	26	495	6	Maisonneuve 2	Maisonneuve 2	January 2012	Maisonneuve 2	2
#FC9D31	26	47	6	Maisonneuve 2	Maisonneuve 2	February 2012	Maisonneuve 2	2
#FC9D31	26	1493	6	Maisonneuve 2	Maisonneuve 2	March 2012	Maisonneuve 2	2
#FC9D31	26	3546	6	Maisonneuve 2	Maisonneuve 2	April 2012	Maisonneuve 2	2
#FC9D31	26	4991	6	Maisonneuve 2	Maisonneuve 2	May 2012	Maisonneuve 2	2
#FC9D31	26	4318	6	Maisonneuve 2	Maisonneuve 2	June 2012	Maisonneuve 2	2
#FC9D31	26	6476	6	Maisonneuve 2	Maisonneuve 2	July 2012	Maisonneuve 2	2
#FC9D31	26	3558	6	Maisonneuve 2	Maisonneuve 2	August 2012	Maisonneuve 2	2
#FC9D31	26	4755	6	Maisonneuve 2	Maisonneuve 2	September 2012	Maisonneuve 2	2
#FC9D31	26	5246	6	Maisonneuve 2	Maisonneuve 2	October 2012	Maisonneuve 2	2
#FC9D31	26	108	6	Maisonneuve 2	Maisonneuve 2	January 2013	Maisonneuve 2	2
#FC9D31	26	565	6	Maisonneuve 2	Maisonneuve 2	February 2013	Maisonneuve 2	2
#FC9D31	26	1455	6	Maisonneuve 2	Maisonneuve 2	March 2013	Maisonneuve 2	2
#FC9D31	26	3657	6	Maisonneuve 2	Maisonneuve 2	April 2013	Maisonneuve 2	2
#FC9D31	26	1280	6	Maisonneuve 2	Maisonneuve 2	May 2013	Maisonneuve 2	2
#FC9D31	26	5886	6	Maisonneuve 2	Maisonneuve 2	June 2013	Maisonneuve 2	2
#FC9D31	26	6323	6	Maisonneuve 2	Maisonneuve 2	July 2013	Maisonneuve 2	2
#FC9D31	26	4892	6	Maisonneuve 2	Maisonneuve 2	August 2013	Maisonneuve 2	2
#FC9D31	27	1655	6	Maisonneuve 2	Maisonneuve 2	June 2009	Maisonneuve 2	2
#FC9D31	27	4307	6	Maisonneuve 2	Maisonneuve 2	July 2009	Maisonneuve 2	2
#FC9D31	27	5171	6	Maisonneuve 2	Maisonneuve 2	August 2009	Maisonneuve 2	2
#FC9D31	27	1035	6	Maisonneuve 2	Maisonneuve 2	September 2009	Maisonneuve 2	2
#FC9D31	27	3167	6	Maisonneuve 2	Maisonneuve 2	October 2009	Maisonneuve 2	2
#FC9D31	27	1428	6	Maisonneuve 2	Maisonneuve 2	November 2009	Maisonneuve 2	2
#FC9D31	27	52	6	Maisonneuve 2	Maisonneuve 2	December 2009	Maisonneuve 2	2
#FC9D31	27	533	6	Maisonneuve 2	Maisonneuve 2	January 2010	Maisonneuve 2	2
#FC9D31	27	170	6	Maisonneuve 2	Maisonneuve 2	February 2010	Maisonneuve 2	2
#FC9D31	27	713	6	Maisonneuve 2	Maisonneuve 2	March 2010	Maisonneuve 2	2
#FC9D31	27	752	6	Maisonneuve 2	Maisonneuve 2	April 2010	Maisonneuve 2	2
#FC9D31	27	6860	6	Maisonneuve 2	Maisonneuve 2	May 2010	Maisonneuve 2	2
#FC9D31	27	3790	6	Maisonneuve 2	Maisonneuve 2	June 2010	Maisonneuve 2	2
#FC9D31	27	7048	6	Maisonneuve 2	Maisonneuve 2	July 2010	Maisonneuve 2	2
#FC9D31	27	6015	6	Maisonneuve 2	Maisonneuve 2	August 2010	Maisonneuve 2	2
#FC9D31	27	4689	6	Maisonneuve 2	Maisonneuve 2	September 2010	Maisonneuve 2	2
#FC9D31	27	4814	6	Maisonneuve 2	Maisonneuve 2	October 2010	Maisonneuve 2	2
#FC9D31	27	327	6	Maisonneuve 2	Maisonneuve 2	November 2010	Maisonneuve 2	2
#FC9D31	27	86	6	Maisonneuve 2	Maisonneuve 2	December 2010	Maisonneuve 2	2
#FC9D31	27	423	6	Maisonneuve 2	Maisonneuve 2	January 2011	Maisonneuve 2	2
#FC9D31	27	117	6	Maisonneuve 2	Maisonneuve 2	February 2011	Maisonneuve 2	2
#FC9D31	27	368	6	Maisonneuve 2	Maisonneuve 2	March 2011	Maisonneuve 2	2
#FC9D31	27	3005	6	Maisonneuve 2	Maisonneuve 2	April 2011	Maisonneuve 2	2
#FC9D31	27	2043	6	Maisonneuve 2	Maisonneuve 2	May 2011	Maisonneuve 2	2
#FC9D31	27	7507	6	Maisonneuve 2	Maisonneuve 2	June 2011	Maisonneuve 2	2
#FC9D31	27	7511	6	Maisonneuve 2	Maisonneuve 2	July 2011	Maisonneuve 2	2
#FC9D31	27	4620	6	Maisonneuve 2	Maisonneuve 2	August 2011	Maisonneuve 2	2
#FC9D31	27	7777	6	Maisonneuve 2	Maisonneuve 2	September 2011	Maisonneuve 2	2
#FC9D31	27	4342	6	Maisonneuve 2	Maisonneuve 2	October 2011	Maisonneuve 2	2
#FC9D31	27	204	6	Maisonneuve 2	Maisonneuve 2	January 2012	Maisonneuve 2	2
#FC9D31	27	298	6	Maisonneuve 2	Maisonneuve 2	February 2012	Maisonneuve 2	2
#FC9D31	27	1576	6	Maisonneuve 2	Maisonneuve 2	March 2012	Maisonneuve 2	2
#FC9D31	27	2586	6	Maisonneuve 2	Maisonneuve 2	April 2012	Maisonneuve 2	2
#FC9D31	27	4587	6	Maisonneuve 2	Maisonneuve 2	May 2012	Maisonneuve 2	2
#FC9D31	27	4211	6	Maisonneuve 2	Maisonneuve 2	June 2012	Maisonneuve 2	2
#FC9D31	27	6851	6	Maisonneuve 2	Maisonneuve 2	July 2012	Maisonneuve 2	2
#FC9D31	27	5196	6	Maisonneuve 2	Maisonneuve 2	August 2012	Maisonneuve 2	2
#FC9D31	27	5983	6	Maisonneuve 2	Maisonneuve 2	September 2012	Maisonneuve 2	2
#FC9D31	27	2461	6	Maisonneuve 2	Maisonneuve 2	October 2012	Maisonneuve 2	2
#FC9D31	27	108	6	Maisonneuve 2	Maisonneuve 2	January 2013	Maisonneuve 2	2
#FC9D31	27	405	6	Maisonneuve 2	Maisonneuve 2	February 2013	Maisonneuve 2	2
#FC9D31	27	1309	6	Maisonneuve 2	Maisonneuve 2	March 2013	Maisonneuve 2	2
#FC9D31	27	3151	6	Maisonneuve 2	Maisonneuve 2	April 2013	Maisonneuve 2	2
#FC9D31	27	6787	6	Maisonneuve 2	Maisonneuve 2	May 2013	Maisonneuve 2	2
#FC9D31	27	6685	6	Maisonneuve 2	Maisonneuve 2	June 2013	Maisonneuve 2	2
#FC9D31	27	4458	6	Maisonneuve 2	Maisonneuve 2	July 2013	Maisonneuve 2	2
#FC9D31	27	6355	6	Maisonneuve 2	Maisonneuve 2	August 2013	Maisonneuve 2	2
#FC9D31	28	2689	6	Maisonneuve 2	Maisonneuve 2	June 2009	Maisonneuve 2	2
#FC9D31	28	5437	6	Maisonneuve 2	Maisonneuve 2	July 2009	Maisonneuve 2	2
#FC9D31	28	4683	6	Maisonneuve 2	Maisonneuve 2	August 2009	Maisonneuve 2	2
#FC9D31	28	2812	6	Maisonneuve 2	Maisonneuve 2	September 2009	Maisonneuve 2	2
#FC9D31	28	2944	6	Maisonneuve 2	Maisonneuve 2	October 2009	Maisonneuve 2	2
#FC9D31	28	938	6	Maisonneuve 2	Maisonneuve 2	November 2009	Maisonneuve 2	2
#FC9D31	28	99	6	Maisonneuve 2	Maisonneuve 2	December 2009	Maisonneuve 2	2
#FC9D31	28	361	6	Maisonneuve 2	Maisonneuve 2	January 2010	Maisonneuve 2	2
#FC9D31	28	157	6	Maisonneuve 2	Maisonneuve 2	February 2010	Maisonneuve 2	2
#FC9D31	28	727	6	Maisonneuve 2	Maisonneuve 2	March 2010	Maisonneuve 2	2
#FC9D31	28	2149	6	Maisonneuve 2	Maisonneuve 2	April 2010	Maisonneuve 2	2
#FC9D31	28	6947	6	Maisonneuve 2	Maisonneuve 2	May 2010	Maisonneuve 2	2
#FC9D31	28	3916	6	Maisonneuve 2	Maisonneuve 2	June 2010	Maisonneuve 2	2
#FC9D31	28	5971	6	Maisonneuve 2	Maisonneuve 2	July 2010	Maisonneuve 2	2
#FC9D31	28	3965	6	Maisonneuve 2	Maisonneuve 2	August 2010	Maisonneuve 2	2
#FC9D31	28	3395	6	Maisonneuve 2	Maisonneuve 2	September 2010	Maisonneuve 2	2
#FC9D31	28	4099	6	Maisonneuve 2	Maisonneuve 2	October 2010	Maisonneuve 2	2
#FC9D31	28	441	6	Maisonneuve 2	Maisonneuve 2	November 2010	Maisonneuve 2	2
#FC9D31	28	96	6	Maisonneuve 2	Maisonneuve 2	December 2010	Maisonneuve 2	2
#FC9D31	28	431	6	Maisonneuve 2	Maisonneuve 2	January 2011	Maisonneuve 2	2
#FC9D31	28	184	6	Maisonneuve 2	Maisonneuve 2	February 2011	Maisonneuve 2	2
#FC9D31	28	840	6	Maisonneuve 2	Maisonneuve 2	March 2011	Maisonneuve 2	2
#FC9D31	28	2635	6	Maisonneuve 2	Maisonneuve 2	April 2011	Maisonneuve 2	2
#FC9D31	28	2074	6	Maisonneuve 2	Maisonneuve 2	May 2011	Maisonneuve 2	2
#FC9D31	28	7116	6	Maisonneuve 2	Maisonneuve 2	June 2011	Maisonneuve 2	2
#FC9D31	28	7576	6	Maisonneuve 2	Maisonneuve 2	July 2011	Maisonneuve 2	2
#FC9D31	28	898	6	Maisonneuve 2	Maisonneuve 2	August 2011	Maisonneuve 2	2
#FC9D31	28	6965	6	Maisonneuve 2	Maisonneuve 2	September 2011	Maisonneuve 2	2
#FC9D31	28	3716	6	Maisonneuve 2	Maisonneuve 2	October 2011	Maisonneuve 2	2
#FC9D31	28	123	6	Maisonneuve 2	Maisonneuve 2	January 2012	Maisonneuve 2	2
#FC9D31	28	350	6	Maisonneuve 2	Maisonneuve 2	February 2012	Maisonneuve 2	2
#FC9D31	28	709	6	Maisonneuve 2	Maisonneuve 2	March 2012	Maisonneuve 2	2
#FC9D31	28	1908	6	Maisonneuve 2	Maisonneuve 2	April 2012	Maisonneuve 2	2
#FC9D31	28	5798	6	Maisonneuve 2	Maisonneuve 2	May 2012	Maisonneuve 2	2
#FC9D31	28	6864	6	Maisonneuve 2	Maisonneuve 2	June 2012	Maisonneuve 2	2
#FC9D31	28	4540	6	Maisonneuve 2	Maisonneuve 2	July 2012	Maisonneuve 2	2
#FC9D31	28	6313	6	Maisonneuve 2	Maisonneuve 2	August 2012	Maisonneuve 2	2
#FC9D31	28	5372	6	Maisonneuve 2	Maisonneuve 2	September 2012	Maisonneuve 2	2
#FC9D31	28	1776	6	Maisonneuve 2	Maisonneuve 2	October 2012	Maisonneuve 2	2
#FC9D31	28	339	6	Maisonneuve 2	Maisonneuve 2	January 2013	Maisonneuve 2	2
#FC9D31	28	339	6	Maisonneuve 2	Maisonneuve 2	February 2013	Maisonneuve 2	2
#FC9D31	28	1512	6	Maisonneuve 2	Maisonneuve 2	March 2013	Maisonneuve 2	2
#FC9D31	28	3327	6	Maisonneuve 2	Maisonneuve 2	April 2013	Maisonneuve 2	2
#FC9D31	28	7684	6	Maisonneuve 2	Maisonneuve 2	May 2013	Maisonneuve 2	2
#FC9D31	28	2192	6	Maisonneuve 2	Maisonneuve 2	June 2013	Maisonneuve 2	2
#FC9D31	28	2904	6	Maisonneuve 2	Maisonneuve 2	July 2013	Maisonneuve 2	2
#FC9D31	28	6323	6	Maisonneuve 2	Maisonneuve 2	August 2013	Maisonneuve 2	2
#FC9D31	29	1360	6	Maisonneuve 2	Maisonneuve 2	June 2009	Maisonneuve 2	2
#FC9D31	29	4211	6	Maisonneuve 2	Maisonneuve 2	July 2009	Maisonneuve 2	2
#FC9D31	29	1231	6	Maisonneuve 2	Maisonneuve 2	August 2009	Maisonneuve 2	2
#FC9D31	29	2878	6	Maisonneuve 2	Maisonneuve 2	September 2009	Maisonneuve 2	2
#FC9D31	29	3142	6	Maisonneuve 2	Maisonneuve 2	October 2009	Maisonneuve 2	2
#FC9D31	29	754	6	Maisonneuve 2	Maisonneuve 2	November 2009	Maisonneuve 2	2
#FC9D31	29	115	6	Maisonneuve 2	Maisonneuve 2	December 2009	Maisonneuve 2	2
#FC9D31	29	260	6	Maisonneuve 2	Maisonneuve 2	January 2010	Maisonneuve 2	2
#FC9D31	29	714	6	Maisonneuve 2	Maisonneuve 2	March 2010	Maisonneuve 2	2
#FC9D31	29	4221	6	Maisonneuve 2	Maisonneuve 2	April 2010	Maisonneuve 2	2
#FC9D31	29	4542	6	Maisonneuve 2	Maisonneuve 2	May 2010	Maisonneuve 2	2
#FC9D31	29	5107	6	Maisonneuve 2	Maisonneuve 2	June 2010	Maisonneuve 2	2
#FC9D31	29	6598	6	Maisonneuve 2	Maisonneuve 2	July 2010	Maisonneuve 2	2
#FC9D31	29	3752	6	Maisonneuve 2	Maisonneuve 2	August 2010	Maisonneuve 2	2
#FC9D31	29	5459	6	Maisonneuve 2	Maisonneuve 2	September 2010	Maisonneuve 2	2
#FC9D31	29	3093	6	Maisonneuve 2	Maisonneuve 2	October 2010	Maisonneuve 2	2
#FC9D31	29	1739	6	Maisonneuve 2	Maisonneuve 2	November 2010	Maisonneuve 2	2
#FC9D31	29	185	6	Maisonneuve 2	Maisonneuve 2	December 2010	Maisonneuve 2	2
#FC9D31	29	99	6	Maisonneuve 2	Maisonneuve 2	January 2011	Maisonneuve 2	2
#FC9D31	29	1153	6	Maisonneuve 2	Maisonneuve 2	March 2011	Maisonneuve 2	2
#FC9D31	29	3740	6	Maisonneuve 2	Maisonneuve 2	April 2011	Maisonneuve 2	2
#FC9D31	29	2818	6	Maisonneuve 2	Maisonneuve 2	May 2011	Maisonneuve 2	2
#FC9D31	29	5570	6	Maisonneuve 2	Maisonneuve 2	June 2011	Maisonneuve 2	2
#FC9D31	29	6020	6	Maisonneuve 2	Maisonneuve 2	July 2011	Maisonneuve 2	2
#FC9D31	29	6198	6	Maisonneuve 2	Maisonneuve 2	August 2011	Maisonneuve 2	2
#FC9D31	29	3667	6	Maisonneuve 2	Maisonneuve 2	September 2011	Maisonneuve 2	2
#FC9D31	29	1825	6	Maisonneuve 2	Maisonneuve 2	October 2011	Maisonneuve 2	2
#FC9D31	29	132	6	Maisonneuve 2	Maisonneuve 2	January 2012	Maisonneuve 2	2
#FC9D31	29	446	6	Maisonneuve 2	Maisonneuve 2	February 2012	Maisonneuve 2	2
#FC9D31	29	1264	6	Maisonneuve 2	Maisonneuve 2	March 2012	Maisonneuve 2	2
#FC9D31	29	2077	6	Maisonneuve 2	Maisonneuve 2	April 2012	Maisonneuve 2	2
#FC9D31	29	3904	6	Maisonneuve 2	Maisonneuve 2	May 2012	Maisonneuve 2	2
#FC9D31	29	6656	6	Maisonneuve 2	Maisonneuve 2	June 2012	Maisonneuve 2	2
#FC9D31	29	4235	6	Maisonneuve 2	Maisonneuve 2	July 2012	Maisonneuve 2	2
#FC9D31	29	7009	6	Maisonneuve 2	Maisonneuve 2	August 2012	Maisonneuve 2	2
#FC9D31	29	1963	6	Maisonneuve 2	Maisonneuve 2	September 2012	Maisonneuve 2	2
#FC9D31	29	3768	6	Maisonneuve 2	Maisonneuve 2	October 2012	Maisonneuve 2	2
#FC9D31	29	312	6	Maisonneuve 2	Maisonneuve 2	January 2013	Maisonneuve 2	2
#FC9D31	29	963	6	Maisonneuve 2	Maisonneuve 2	March 2013	Maisonneuve 2	2
#FC9D31	29	4951	6	Maisonneuve 2	Maisonneuve 2	April 2013	Maisonneuve 2	2
#FC9D31	29	3573	6	Maisonneuve 2	Maisonneuve 2	May 2013	Maisonneuve 2	2
#FC9D31	29	3394	6	Maisonneuve 2	Maisonneuve 2	June 2013	Maisonneuve 2	2
#FC9D31	29	5639	6	Maisonneuve 2	Maisonneuve 2	July 2013	Maisonneuve 2	2
#FC9D31	29	6713	6	Maisonneuve 2	Maisonneuve 2	August 2013	Maisonneuve 2	2
#FC9D31	30	4472	6	Maisonneuve 2	Maisonneuve 2	June 2009	Maisonneuve 2	2
#FC9D31	30	5183	6	Maisonneuve 2	Maisonneuve 2	July 2009	Maisonneuve 2	2
#FC9D31	30	2157	6	Maisonneuve 2	Maisonneuve 2	August 2009	Maisonneuve 2	2
#FC9D31	30	3884	6	Maisonneuve 2	Maisonneuve 2	September 2009	Maisonneuve 2	2
#FC9D31	30	2470	6	Maisonneuve 2	Maisonneuve 2	October 2009	Maisonneuve 2	2
#FC9D31	30	1175	6	Maisonneuve 2	Maisonneuve 2	November 2009	Maisonneuve 2	2
#FC9D31	30	115	6	Maisonneuve 2	Maisonneuve 2	December 2009	Maisonneuve 2	2
#FC9D31	30	70	6	Maisonneuve 2	Maisonneuve 2	January 2010	Maisonneuve 2	2
#FC9D31	30	1422	6	Maisonneuve 2	Maisonneuve 2	March 2010	Maisonneuve 2	2
#FC9D31	30	4798	6	Maisonneuve 2	Maisonneuve 2	April 2010	Maisonneuve 2	2
#FC9D31	30	4104	6	Maisonneuve 2	Maisonneuve 2	May 2010	Maisonneuve 2	2
#FC9D31	30	5271	6	Maisonneuve 2	Maisonneuve 2	June 2010	Maisonneuve 2	2
#FC9D31	30	5662	6	Maisonneuve 2	Maisonneuve 2	July 2010	Maisonneuve 2	2
#FC9D31	30	6500	6	Maisonneuve 2	Maisonneuve 2	August 2010	Maisonneuve 2	2
#FC9D31	30	1964	6	Maisonneuve 2	Maisonneuve 2	September 2010	Maisonneuve 2	2
#FC9D31	30	1035	6	Maisonneuve 2	Maisonneuve 2	October 2010	Maisonneuve 2	2
#FC9D31	30	1417	6	Maisonneuve 2	Maisonneuve 2	November 2010	Maisonneuve 2	2
#FC9D31	30	233	6	Maisonneuve 2	Maisonneuve 2	December 2010	Maisonneuve 2	2
#FC9D31	30	103	6	Maisonneuve 2	Maisonneuve 2	January 2011	Maisonneuve 2	2
#FC9D31	30	1553	6	Maisonneuve 2	Maisonneuve 2	March 2011	Maisonneuve 2	2
#FC9D31	30	3621	6	Maisonneuve 2	Maisonneuve 2	April 2011	Maisonneuve 2	2
#FC9D31	30	7389	6	Maisonneuve 2	Maisonneuve 2	May 2011	Maisonneuve 2	2
#FC9D31	30	5184	6	Maisonneuve 2	Maisonneuve 2	June 2011	Maisonneuve 2	2
#FC9D31	30	4733	6	Maisonneuve 2	Maisonneuve 2	July 2011	Maisonneuve 2	2
#FC9D31	30	6612	6	Maisonneuve 2	Maisonneuve 2	August 2011	Maisonneuve 2	2
#FC9D31	30	5679	6	Maisonneuve 2	Maisonneuve 2	September 2011	Maisonneuve 2	2
#FC9D31	30	1741	6	Maisonneuve 2	Maisonneuve 2	October 2011	Maisonneuve 2	2
#FC9D31	30	371	6	Maisonneuve 2	Maisonneuve 2	January 2012	Maisonneuve 2	2
#FC9D31	30	1596	6	Maisonneuve 2	Maisonneuve 2	March 2012	Maisonneuve 2	2
#FC9D31	30	4675	6	Maisonneuve 2	Maisonneuve 2	April 2012	Maisonneuve 2	2
#FC9D31	30	7632	6	Maisonneuve 2	Maisonneuve 2	May 2012	Maisonneuve 2	2
#FC9D31	30	4226	6	Maisonneuve 2	Maisonneuve 2	June 2012	Maisonneuve 2	2
#FC9D31	30	6219	6	Maisonneuve 2	Maisonneuve 2	July 2012	Maisonneuve 2	2
#FC9D31	30	6781	6	Maisonneuve 2	Maisonneuve 2	August 2012	Maisonneuve 2	2
#FC9D31	30	957	6	Maisonneuve 2	Maisonneuve 2	September 2012	Maisonneuve 2	2
#FC9D31	30	3516	6	Maisonneuve 2	Maisonneuve 2	October 2012	Maisonneuve 2	2
#FC9D31	30	403	6	Maisonneuve 2	Maisonneuve 2	January 2013	Maisonneuve 2	2
#FC9D31	30	1101	6	Maisonneuve 2	Maisonneuve 2	March 2013	Maisonneuve 2	2
#FC9D31	30	5312	6	Maisonneuve 2	Maisonneuve 2	April 2013	Maisonneuve 2	2
#FC9D31	30	7552	6	Maisonneuve 2	Maisonneuve 2	May 2013	Maisonneuve 2	2
#FC9D31	30	4399	6	Maisonneuve 2	Maisonneuve 2	June 2013	Maisonneuve 2	2
#FC9D31	30	6862	6	Maisonneuve 2	Maisonneuve 2	July 2013	Maisonneuve 2	2
#FC9D31	30	5409	6	Maisonneuve 2	Maisonneuve 2	August 2013	Maisonneuve 2	2
#FC9D31	31	4023	6	Maisonneuve 2	Maisonneuve 2	July 2009	Maisonneuve 2	2
#FC9D31	31	4967	6	Maisonneuve 2	Maisonneuve 2	August 2009	Maisonneuve 2	2
#FC9D31	31	661	6	Maisonneuve 2	Maisonneuve 2	October 2009	Maisonneuve 2	2
#FC9D31	31	112	6	Maisonneuve 2	Maisonneuve 2	December 2009	Maisonneuve 2	2
#FC9D31	31	77	6	Maisonneuve 2	Maisonneuve 2	January 2010	Maisonneuve 2	2
#FC9D31	31	1845	6	Maisonneuve 2	Maisonneuve 2	March 2010	Maisonneuve 2	2
#FC9D31	31	6474	6	Maisonneuve 2	Maisonneuve 2	May 2010	Maisonneuve 2	2
#FC9D31	31	3779	6	Maisonneuve 2	Maisonneuve 2	July 2010	Maisonneuve 2	2
#FC9D31	31	6728	6	Maisonneuve 2	Maisonneuve 2	August 2010	Maisonneuve 2	2
#FC9D31	31	1037	6	Maisonneuve 2	Maisonneuve 2	October 2010	Maisonneuve 2	2
#FC9D31	31	159	6	Maisonneuve 2	Maisonneuve 2	December 2010	Maisonneuve 2	2
#FC9D31	31	361	6	Maisonneuve 2	Maisonneuve 2	January 2011	Maisonneuve 2	2
#FC9D31	31	1667	6	Maisonneuve 2	Maisonneuve 2	March 2011	Maisonneuve 2	2
#FC9D31	31	8197	6	Maisonneuve 2	Maisonneuve 2	May 2011	Maisonneuve 2	2
#FC9D31	31	4631	6	Maisonneuve 2	Maisonneuve 2	July 2011	Maisonneuve 2	2
#FC9D31	31	7548	6	Maisonneuve 2	Maisonneuve 2	August 2011	Maisonneuve 2	2
#FC9D31	31	3989	6	Maisonneuve 2	Maisonneuve 2	October 2011	Maisonneuve 2	2
#FC9D31	31	324	6	Maisonneuve 2	Maisonneuve 2	January 2012	Maisonneuve 2	2
#FC9D31	31	1083	6	Maisonneuve 2	Maisonneuve 2	March 2012	Maisonneuve 2	2
#FC9D31	31	6631	6	Maisonneuve 2	Maisonneuve 2	May 2012	Maisonneuve 2	2
#FC9D31	31	6705	6	Maisonneuve 2	Maisonneuve 2	July 2012	Maisonneuve 2	2
#FC9D31	31	5054	6	Maisonneuve 2	Maisonneuve 2	August 2012	Maisonneuve 2	2
#FC9D31	31	3453	6	Maisonneuve 2	Maisonneuve 2	October 2012	Maisonneuve 2	2
#FC9D31	31	395	6	Maisonneuve 2	Maisonneuve 2	January 2013	Maisonneuve 2	2
#FC9D31	31	693	6	Maisonneuve 2	Maisonneuve 2	March 2013	Maisonneuve 2	2
#FC9D31	31	7106	6	Maisonneuve 2	Maisonneuve 2	May 2013	Maisonneuve 2	2
#FC9D31	31	6951	6	Maisonneuve 2	Maisonneuve 2	July 2013	Maisonneuve 2	2
#FC9D31	31	3178	6	Maisonneuve 2	Maisonneuve 2	August 2013	Maisonneuve 2	2
#93DF10	1	214	7	Pierre-Dupuy	Pierre-Dupuy	November 2010	Pierre-Dupuy	2
#93DF10	1	28	7	Pierre-Dupuy	Pierre-Dupuy	December 2010	Pierre-Dupuy	2
#93DF10	1	3	7	Pierre-Dupuy	Pierre-Dupuy	February 2011	Pierre-Dupuy	2
#93DF10	1	1	7	Pierre-Dupuy	Pierre-Dupuy	March 2011	Pierre-Dupuy	2
#93DF10	1	840	7	Pierre-Dupuy	Pierre-Dupuy	April 2011	Pierre-Dupuy	2
#93DF10	1	2912	7	Pierre-Dupuy	Pierre-Dupuy	May 2011	Pierre-Dupuy	2
#93DF10	1	1659	7	Pierre-Dupuy	Pierre-Dupuy	June 2011	Pierre-Dupuy	2
#93DF10	1	3773	7	Pierre-Dupuy	Pierre-Dupuy	July 2011	Pierre-Dupuy	2
#93DF10	1	1276	7	Pierre-Dupuy	Pierre-Dupuy	August 2011	Pierre-Dupuy	2
#93DF10	1	1797	7	Pierre-Dupuy	Pierre-Dupuy	September 2011	Pierre-Dupuy	2
#93DF10	1	160	7	Pierre-Dupuy	Pierre-Dupuy	October 2011	Pierre-Dupuy	2
#93DF10	1	484	7	Pierre-Dupuy	Pierre-Dupuy	November 2011	Pierre-Dupuy	2
#93DF10	1	10	7	Pierre-Dupuy	Pierre-Dupuy	January 2012	Pierre-Dupuy	2
#93DF10	1	5	7	Pierre-Dupuy	Pierre-Dupuy	February 2012	Pierre-Dupuy	2
#93DF10	1	168	7	Pierre-Dupuy	Pierre-Dupuy	April 2012	Pierre-Dupuy	2
#93DF10	1	195	7	Pierre-Dupuy	Pierre-Dupuy	May 2012	Pierre-Dupuy	2
#93DF10	1	1692	7	Pierre-Dupuy	Pierre-Dupuy	June 2012	Pierre-Dupuy	2
#93DF10	1	3732	7	Pierre-Dupuy	Pierre-Dupuy	July 2012	Pierre-Dupuy	2
#93DF10	1	1481	7	Pierre-Dupuy	Pierre-Dupuy	August 2012	Pierre-Dupuy	2
#93DF10	1	2801	7	Pierre-Dupuy	Pierre-Dupuy	September 2012	Pierre-Dupuy	2
#93DF10	1	397	7	Pierre-Dupuy	Pierre-Dupuy	October 2012	Pierre-Dupuy	2
#93DF10	1	165	7	Pierre-Dupuy	Pierre-Dupuy	November 2012	Pierre-Dupuy	2
#93DF10	1	11	7	Pierre-Dupuy	Pierre-Dupuy	February 2013	Pierre-Dupuy	2
#93DF10	1	12	7	Pierre-Dupuy	Pierre-Dupuy	March 2013	Pierre-Dupuy	2
#93DF10	1	66	7	Pierre-Dupuy	Pierre-Dupuy	April 2013	Pierre-Dupuy	2
#93DF10	1	2819	7	Pierre-Dupuy	Pierre-Dupuy	May 2013	Pierre-Dupuy	2
#93DF10	1	1735	7	Pierre-Dupuy	Pierre-Dupuy	June 2013	Pierre-Dupuy	2
#93DF10	1	3715	7	Pierre-Dupuy	Pierre-Dupuy	July 2013	Pierre-Dupuy	2
#93DF10	1	1089	7	Pierre-Dupuy	Pierre-Dupuy	August 2013	Pierre-Dupuy	2
#93DF10	1	3896	7	Pierre-Dupuy	Pierre-Dupuy	September 2013	Pierre-Dupuy	2
#93DF10	2	224	7	Pierre-Dupuy	Pierre-Dupuy	November 2010	Pierre-Dupuy	2
#93DF10	2	75	7	Pierre-Dupuy	Pierre-Dupuy	December 2010	Pierre-Dupuy	2
#93DF10	2	6	7	Pierre-Dupuy	Pierre-Dupuy	January 2011	Pierre-Dupuy	2
#93DF10	2	1	7	Pierre-Dupuy	Pierre-Dupuy	February 2011	Pierre-Dupuy	2
#93DF10	2	3	7	Pierre-Dupuy	Pierre-Dupuy	March 2011	Pierre-Dupuy	2
#93DF10	2	298	7	Pierre-Dupuy	Pierre-Dupuy	April 2011	Pierre-Dupuy	2
#93DF10	2	489	7	Pierre-Dupuy	Pierre-Dupuy	May 2011	Pierre-Dupuy	2
#93DF10	2	866	7	Pierre-Dupuy	Pierre-Dupuy	June 2011	Pierre-Dupuy	2
#93DF10	2	4044	7	Pierre-Dupuy	Pierre-Dupuy	July 2011	Pierre-Dupuy	2
#93DF10	2	2059	7	Pierre-Dupuy	Pierre-Dupuy	August 2011	Pierre-Dupuy	2
#93DF10	2	2104	7	Pierre-Dupuy	Pierre-Dupuy	September 2011	Pierre-Dupuy	2
#93DF10	2	55	7	Pierre-Dupuy	Pierre-Dupuy	October 2011	Pierre-Dupuy	2
#93DF10	2	571	7	Pierre-Dupuy	Pierre-Dupuy	November 2011	Pierre-Dupuy	2
#93DF10	2	6	7	Pierre-Dupuy	Pierre-Dupuy	January 2012	Pierre-Dupuy	2
#93DF10	2	2	7	Pierre-Dupuy	Pierre-Dupuy	February 2012	Pierre-Dupuy	2
#93DF10	2	7	7	Pierre-Dupuy	Pierre-Dupuy	March 2012	Pierre-Dupuy	2
#93DF10	2	394	7	Pierre-Dupuy	Pierre-Dupuy	April 2012	Pierre-Dupuy	2
#93DF10	2	876	7	Pierre-Dupuy	Pierre-Dupuy	May 2012	Pierre-Dupuy	2
#93DF10	2	71	7	Pierre-Dupuy	Pierre-Dupuy	June 2012	Pierre-Dupuy	2
#93DF10	2	2783	7	Pierre-Dupuy	Pierre-Dupuy	July 2012	Pierre-Dupuy	2
#93DF10	2	2643	7	Pierre-Dupuy	Pierre-Dupuy	August 2012	Pierre-Dupuy	2
#93DF10	2	2959	7	Pierre-Dupuy	Pierre-Dupuy	September 2012	Pierre-Dupuy	2
#93DF10	2	1229	7	Pierre-Dupuy	Pierre-Dupuy	October 2012	Pierre-Dupuy	2
#93DF10	2	97	7	Pierre-Dupuy	Pierre-Dupuy	November 2012	Pierre-Dupuy	2
#93DF10	2	1	7	Pierre-Dupuy	Pierre-Dupuy	February 2013	Pierre-Dupuy	2
#93DF10	2	12	7	Pierre-Dupuy	Pierre-Dupuy	March 2013	Pierre-Dupuy	2
#93DF10	2	105	7	Pierre-Dupuy	Pierre-Dupuy	April 2013	Pierre-Dupuy	2
#93DF10	2	1900	7	Pierre-Dupuy	Pierre-Dupuy	May 2013	Pierre-Dupuy	2
#93DF10	2	997	7	Pierre-Dupuy	Pierre-Dupuy	June 2013	Pierre-Dupuy	2
#93DF10	2	1048	7	Pierre-Dupuy	Pierre-Dupuy	July 2013	Pierre-Dupuy	2
#93DF10	2	2657	7	Pierre-Dupuy	Pierre-Dupuy	August 2013	Pierre-Dupuy	2
#93DF10	2	824	7	Pierre-Dupuy	Pierre-Dupuy	September 2013	Pierre-Dupuy	2
#93DF10	3	296	7	Pierre-Dupuy	Pierre-Dupuy	November 2010	Pierre-Dupuy	2
#93DF10	3	94	7	Pierre-Dupuy	Pierre-Dupuy	December 2010	Pierre-Dupuy	2
#93DF10	3	3	7	Pierre-Dupuy	Pierre-Dupuy	January 2011	Pierre-Dupuy	2
#93DF10	3	471	7	Pierre-Dupuy	Pierre-Dupuy	April 2011	Pierre-Dupuy	2
#93DF10	3	375	7	Pierre-Dupuy	Pierre-Dupuy	May 2011	Pierre-Dupuy	2
#93DF10	3	1816	7	Pierre-Dupuy	Pierre-Dupuy	June 2011	Pierre-Dupuy	2
#93DF10	3	2338	7	Pierre-Dupuy	Pierre-Dupuy	July 2011	Pierre-Dupuy	2
#93DF10	3	2479	7	Pierre-Dupuy	Pierre-Dupuy	August 2011	Pierre-Dupuy	2
#93DF10	3	2171	7	Pierre-Dupuy	Pierre-Dupuy	September 2011	Pierre-Dupuy	2
#93DF10	3	276	7	Pierre-Dupuy	Pierre-Dupuy	October 2011	Pierre-Dupuy	2
#93DF10	3	184	7	Pierre-Dupuy	Pierre-Dupuy	November 2011	Pierre-Dupuy	2
#93DF10	3	3	7	Pierre-Dupuy	Pierre-Dupuy	January 2012	Pierre-Dupuy	2
#93DF10	3	1	7	Pierre-Dupuy	Pierre-Dupuy	February 2012	Pierre-Dupuy	2
#93DF10	3	2	7	Pierre-Dupuy	Pierre-Dupuy	March 2012	Pierre-Dupuy	2
#93DF10	3	513	7	Pierre-Dupuy	Pierre-Dupuy	April 2012	Pierre-Dupuy	2
#93DF10	3	731	7	Pierre-Dupuy	Pierre-Dupuy	May 2012	Pierre-Dupuy	2
#93DF10	3	1312	7	Pierre-Dupuy	Pierre-Dupuy	June 2012	Pierre-Dupuy	2
#93DF10	3	2606	7	Pierre-Dupuy	Pierre-Dupuy	July 2012	Pierre-Dupuy	2
#93DF10	3	3195	7	Pierre-Dupuy	Pierre-Dupuy	August 2012	Pierre-Dupuy	2
#93DF10	3	3783	7	Pierre-Dupuy	Pierre-Dupuy	September 2012	Pierre-Dupuy	2
#93DF10	3	858	7	Pierre-Dupuy	Pierre-Dupuy	October 2012	Pierre-Dupuy	2
#93DF10	3	105	7	Pierre-Dupuy	Pierre-Dupuy	November 2012	Pierre-Dupuy	2
#93DF10	3	1	7	Pierre-Dupuy	Pierre-Dupuy	January 2013	Pierre-Dupuy	2
#93DF10	3	9	7	Pierre-Dupuy	Pierre-Dupuy	February 2013	Pierre-Dupuy	2
#93DF10	3	1	7	Pierre-Dupuy	Pierre-Dupuy	March 2013	Pierre-Dupuy	2
#93DF10	3	119	7	Pierre-Dupuy	Pierre-Dupuy	April 2013	Pierre-Dupuy	2
#93DF10	3	2135	7	Pierre-Dupuy	Pierre-Dupuy	May 2013	Pierre-Dupuy	2
#93DF10	3	992	7	Pierre-Dupuy	Pierre-Dupuy	June 2013	Pierre-Dupuy	2
#93DF10	3	2248	7	Pierre-Dupuy	Pierre-Dupuy	July 2013	Pierre-Dupuy	2
#93DF10	3	2775	7	Pierre-Dupuy	Pierre-Dupuy	August 2013	Pierre-Dupuy	2
#93DF10	3	1357	7	Pierre-Dupuy	Pierre-Dupuy	September 2013	Pierre-Dupuy	2
#93DF10	4	71	7	Pierre-Dupuy	Pierre-Dupuy	November 2010	Pierre-Dupuy	2
#93DF10	4	24	7	Pierre-Dupuy	Pierre-Dupuy	December 2010	Pierre-Dupuy	2
#93DF10	4	1	7	Pierre-Dupuy	Pierre-Dupuy	March 2011	Pierre-Dupuy	2
#93DF10	4	55	7	Pierre-Dupuy	Pierre-Dupuy	April 2011	Pierre-Dupuy	2
#93DF10	4	173	7	Pierre-Dupuy	Pierre-Dupuy	May 2011	Pierre-Dupuy	2
#93DF10	4	2055	7	Pierre-Dupuy	Pierre-Dupuy	June 2011	Pierre-Dupuy	2
#93DF10	4	2627	7	Pierre-Dupuy	Pierre-Dupuy	July 2011	Pierre-Dupuy	2
#93DF10	4	2060	7	Pierre-Dupuy	Pierre-Dupuy	August 2011	Pierre-Dupuy	2
#93DF10	4	888	7	Pierre-Dupuy	Pierre-Dupuy	September 2011	Pierre-Dupuy	2
#93DF10	4	490	7	Pierre-Dupuy	Pierre-Dupuy	October 2011	Pierre-Dupuy	2
#93DF10	4	8	7	Pierre-Dupuy	Pierre-Dupuy	January 2012	Pierre-Dupuy	2
#93DF10	4	8	7	Pierre-Dupuy	Pierre-Dupuy	February 2012	Pierre-Dupuy	2
#93DF10	4	15	7	Pierre-Dupuy	Pierre-Dupuy	March 2012	Pierre-Dupuy	2
#93DF10	4	274	7	Pierre-Dupuy	Pierre-Dupuy	April 2012	Pierre-Dupuy	2
#93DF10	4	380	7	Pierre-Dupuy	Pierre-Dupuy	May 2012	Pierre-Dupuy	2
#93DF10	4	333	7	Pierre-Dupuy	Pierre-Dupuy	June 2012	Pierre-Dupuy	2
#93DF10	4	1246	7	Pierre-Dupuy	Pierre-Dupuy	July 2012	Pierre-Dupuy	2
#93DF10	4	2939	7	Pierre-Dupuy	Pierre-Dupuy	August 2012	Pierre-Dupuy	2
#93DF10	4	894	7	Pierre-Dupuy	Pierre-Dupuy	September 2012	Pierre-Dupuy	2
#93DF10	4	555	7	Pierre-Dupuy	Pierre-Dupuy	October 2012	Pierre-Dupuy	2
#93DF10	4	197	7	Pierre-Dupuy	Pierre-Dupuy	November 2012	Pierre-Dupuy	2
#93DF10	4	4	7	Pierre-Dupuy	Pierre-Dupuy	February 2013	Pierre-Dupuy	2
#93DF10	4	4	7	Pierre-Dupuy	Pierre-Dupuy	March 2013	Pierre-Dupuy	2
#93DF10	4	261	7	Pierre-Dupuy	Pierre-Dupuy	April 2013	Pierre-Dupuy	2
#93DF10	4	3009	7	Pierre-Dupuy	Pierre-Dupuy	May 2013	Pierre-Dupuy	2
#93DF10	4	1109	7	Pierre-Dupuy	Pierre-Dupuy	June 2013	Pierre-Dupuy	2
#93DF10	4	2113	7	Pierre-Dupuy	Pierre-Dupuy	July 2013	Pierre-Dupuy	2
#93DF10	4	2018	7	Pierre-Dupuy	Pierre-Dupuy	August 2013	Pierre-Dupuy	2
#93DF10	4	1512	7	Pierre-Dupuy	Pierre-Dupuy	September 2013	Pierre-Dupuy	2
#93DF10	5	41	7	Pierre-Dupuy	Pierre-Dupuy	November 2010	Pierre-Dupuy	2
#93DF10	5	15	7	Pierre-Dupuy	Pierre-Dupuy	December 2010	Pierre-Dupuy	2
#93DF10	5	1	7	Pierre-Dupuy	Pierre-Dupuy	January 2011	Pierre-Dupuy	2
#93DF10	5	54	7	Pierre-Dupuy	Pierre-Dupuy	April 2011	Pierre-Dupuy	2
#93DF10	5	130	7	Pierre-Dupuy	Pierre-Dupuy	May 2011	Pierre-Dupuy	2
#93DF10	5	1347	7	Pierre-Dupuy	Pierre-Dupuy	June 2011	Pierre-Dupuy	2
#93DF10	5	2677	7	Pierre-Dupuy	Pierre-Dupuy	July 2011	Pierre-Dupuy	2
#93DF10	5	2706	7	Pierre-Dupuy	Pierre-Dupuy	August 2011	Pierre-Dupuy	2
#93DF10	5	270	7	Pierre-Dupuy	Pierre-Dupuy	September 2011	Pierre-Dupuy	2
#93DF10	5	989	7	Pierre-Dupuy	Pierre-Dupuy	October 2011	Pierre-Dupuy	2
#93DF10	5	13	7	Pierre-Dupuy	Pierre-Dupuy	January 2012	Pierre-Dupuy	2
#93DF10	5	7	7	Pierre-Dupuy	Pierre-Dupuy	February 2012	Pierre-Dupuy	2
#93DF10	5	8	7	Pierre-Dupuy	Pierre-Dupuy	March 2012	Pierre-Dupuy	2
#93DF10	5	355	7	Pierre-Dupuy	Pierre-Dupuy	April 2012	Pierre-Dupuy	2
#93DF10	5	1677	7	Pierre-Dupuy	Pierre-Dupuy	May 2012	Pierre-Dupuy	2
#93DF10	5	1232	7	Pierre-Dupuy	Pierre-Dupuy	June 2012	Pierre-Dupuy	2
#93DF10	5	2746	7	Pierre-Dupuy	Pierre-Dupuy	July 2012	Pierre-Dupuy	2
#93DF10	5	1066	7	Pierre-Dupuy	Pierre-Dupuy	August 2012	Pierre-Dupuy	2
#93DF10	5	1383	7	Pierre-Dupuy	Pierre-Dupuy	September 2012	Pierre-Dupuy	2
#93DF10	5	1035	7	Pierre-Dupuy	Pierre-Dupuy	October 2012	Pierre-Dupuy	2
#93DF10	5	179	7	Pierre-Dupuy	Pierre-Dupuy	November 2012	Pierre-Dupuy	2
#93DF10	5	5	7	Pierre-Dupuy	Pierre-Dupuy	February 2013	Pierre-Dupuy	2
#93DF10	5	11	7	Pierre-Dupuy	Pierre-Dupuy	March 2013	Pierre-Dupuy	2
#93DF10	5	145	7	Pierre-Dupuy	Pierre-Dupuy	April 2013	Pierre-Dupuy	2
#93DF10	5	3386	7	Pierre-Dupuy	Pierre-Dupuy	May 2013	Pierre-Dupuy	2
#93DF10	5	1299	7	Pierre-Dupuy	Pierre-Dupuy	June 2013	Pierre-Dupuy	2
#93DF10	5	2228	7	Pierre-Dupuy	Pierre-Dupuy	July 2013	Pierre-Dupuy	2
#93DF10	5	2795	7	Pierre-Dupuy	Pierre-Dupuy	August 2013	Pierre-Dupuy	2
#93DF10	5	1762	7	Pierre-Dupuy	Pierre-Dupuy	September 2013	Pierre-Dupuy	2
#93DF10	6	211	7	Pierre-Dupuy	Pierre-Dupuy	November 2010	Pierre-Dupuy	2
#93DF10	6	11	7	Pierre-Dupuy	Pierre-Dupuy	December 2010	Pierre-Dupuy	2
#93DF10	6	1	7	Pierre-Dupuy	Pierre-Dupuy	January 2011	Pierre-Dupuy	2
#93DF10	6	1	7	Pierre-Dupuy	Pierre-Dupuy	February 2011	Pierre-Dupuy	2
#93DF10	6	215	7	Pierre-Dupuy	Pierre-Dupuy	April 2011	Pierre-Dupuy	2
#93DF10	6	794	7	Pierre-Dupuy	Pierre-Dupuy	May 2011	Pierre-Dupuy	2
#93DF10	6	1372	7	Pierre-Dupuy	Pierre-Dupuy	June 2011	Pierre-Dupuy	2
#93DF10	6	1139	7	Pierre-Dupuy	Pierre-Dupuy	July 2011	Pierre-Dupuy	2
#93DF10	6	2926	7	Pierre-Dupuy	Pierre-Dupuy	August 2011	Pierre-Dupuy	2
#93DF10	6	1299	7	Pierre-Dupuy	Pierre-Dupuy	September 2011	Pierre-Dupuy	2
#93DF10	6	796	7	Pierre-Dupuy	Pierre-Dupuy	October 2011	Pierre-Dupuy	2
#93DF10	6	4	7	Pierre-Dupuy	Pierre-Dupuy	January 2012	Pierre-Dupuy	2
#93DF10	6	10	7	Pierre-Dupuy	Pierre-Dupuy	February 2012	Pierre-Dupuy	2
#93DF10	6	10	7	Pierre-Dupuy	Pierre-Dupuy	March 2012	Pierre-Dupuy	2
#93DF10	6	621	7	Pierre-Dupuy	Pierre-Dupuy	April 2012	Pierre-Dupuy	2
#93DF10	6	2036	7	Pierre-Dupuy	Pierre-Dupuy	May 2012	Pierre-Dupuy	2
#93DF10	6	1223	7	Pierre-Dupuy	Pierre-Dupuy	June 2012	Pierre-Dupuy	2
#93DF10	6	2248	7	Pierre-Dupuy	Pierre-Dupuy	July 2012	Pierre-Dupuy	2
#93DF10	6	2274	7	Pierre-Dupuy	Pierre-Dupuy	August 2012	Pierre-Dupuy	2
#93DF10	6	1498	7	Pierre-Dupuy	Pierre-Dupuy	September 2012	Pierre-Dupuy	2
#93DF10	6	236	7	Pierre-Dupuy	Pierre-Dupuy	October 2012	Pierre-Dupuy	2
#93DF10	6	13	7	Pierre-Dupuy	Pierre-Dupuy	February 2013	Pierre-Dupuy	2
#93DF10	6	16	7	Pierre-Dupuy	Pierre-Dupuy	March 2013	Pierre-Dupuy	2
#93DF10	6	335	7	Pierre-Dupuy	Pierre-Dupuy	April 2013	Pierre-Dupuy	2
#93DF10	6	2321	7	Pierre-Dupuy	Pierre-Dupuy	May 2013	Pierre-Dupuy	2
#93DF10	6	452	7	Pierre-Dupuy	Pierre-Dupuy	June 2013	Pierre-Dupuy	2
#93DF10	6	3176	7	Pierre-Dupuy	Pierre-Dupuy	July 2013	Pierre-Dupuy	2
#93DF10	6	3430	7	Pierre-Dupuy	Pierre-Dupuy	August 2013	Pierre-Dupuy	2
#93DF10	6	2022	7	Pierre-Dupuy	Pierre-Dupuy	September 2013	Pierre-Dupuy	2
#93DF10	7	238	7	Pierre-Dupuy	Pierre-Dupuy	November 2010	Pierre-Dupuy	2
#93DF10	7	2	7	Pierre-Dupuy	Pierre-Dupuy	December 2010	Pierre-Dupuy	2
#93DF10	7	1	7	Pierre-Dupuy	Pierre-Dupuy	January 2011	Pierre-Dupuy	2
#93DF10	7	1	7	Pierre-Dupuy	Pierre-Dupuy	February 2011	Pierre-Dupuy	2
#93DF10	7	349	7	Pierre-Dupuy	Pierre-Dupuy	April 2011	Pierre-Dupuy	2
#93DF10	7	1525	7	Pierre-Dupuy	Pierre-Dupuy	May 2011	Pierre-Dupuy	2
#93DF10	7	1110	7	Pierre-Dupuy	Pierre-Dupuy	June 2011	Pierre-Dupuy	2
#93DF10	7	2946	7	Pierre-Dupuy	Pierre-Dupuy	July 2011	Pierre-Dupuy	2
#93DF10	7	1580	7	Pierre-Dupuy	Pierre-Dupuy	August 2011	Pierre-Dupuy	2
#93DF10	7	897	7	Pierre-Dupuy	Pierre-Dupuy	September 2011	Pierre-Dupuy	2
#93DF10	7	1033	7	Pierre-Dupuy	Pierre-Dupuy	October 2011	Pierre-Dupuy	2
#93DF10	7	6	7	Pierre-Dupuy	Pierre-Dupuy	January 2012	Pierre-Dupuy	2
#93DF10	7	9	7	Pierre-Dupuy	Pierre-Dupuy	February 2012	Pierre-Dupuy	2
#93DF10	7	28	7	Pierre-Dupuy	Pierre-Dupuy	March 2012	Pierre-Dupuy	2
#93DF10	7	598	7	Pierre-Dupuy	Pierre-Dupuy	April 2012	Pierre-Dupuy	2
#93DF10	7	1848	7	Pierre-Dupuy	Pierre-Dupuy	May 2012	Pierre-Dupuy	2
#93DF10	7	1019	7	Pierre-Dupuy	Pierre-Dupuy	June 2012	Pierre-Dupuy	2
#93DF10	7	3156	7	Pierre-Dupuy	Pierre-Dupuy	July 2012	Pierre-Dupuy	2
#93DF10	7	2780	7	Pierre-Dupuy	Pierre-Dupuy	August 2012	Pierre-Dupuy	2
#93DF10	7	2051	7	Pierre-Dupuy	Pierre-Dupuy	September 2012	Pierre-Dupuy	2
#93DF10	7	695	7	Pierre-Dupuy	Pierre-Dupuy	October 2012	Pierre-Dupuy	2
#93DF10	7	3	7	Pierre-Dupuy	Pierre-Dupuy	February 2013	Pierre-Dupuy	2
#93DF10	7	16	7	Pierre-Dupuy	Pierre-Dupuy	March 2013	Pierre-Dupuy	2
#93DF10	7	158	7	Pierre-Dupuy	Pierre-Dupuy	April 2013	Pierre-Dupuy	2
#93DF10	7	2651	7	Pierre-Dupuy	Pierre-Dupuy	May 2013	Pierre-Dupuy	2
#93DF10	7	279	7	Pierre-Dupuy	Pierre-Dupuy	June 2013	Pierre-Dupuy	2
#93DF10	7	2615	7	Pierre-Dupuy	Pierre-Dupuy	July 2013	Pierre-Dupuy	2
#93DF10	7	2414	7	Pierre-Dupuy	Pierre-Dupuy	August 2013	Pierre-Dupuy	2
#93DF10	7	1255	7	Pierre-Dupuy	Pierre-Dupuy	September 2013	Pierre-Dupuy	2
#93DF10	8	203	7	Pierre-Dupuy	Pierre-Dupuy	October 2010	Pierre-Dupuy	2
#93DF10	8	96	7	Pierre-Dupuy	Pierre-Dupuy	November 2010	Pierre-Dupuy	2
#93DF10	8	2	7	Pierre-Dupuy	Pierre-Dupuy	December 2010	Pierre-Dupuy	2
#93DF10	8	471	7	Pierre-Dupuy	Pierre-Dupuy	April 2011	Pierre-Dupuy	2
#93DF10	8	2294	7	Pierre-Dupuy	Pierre-Dupuy	May 2011	Pierre-Dupuy	2
#93DF10	8	785	7	Pierre-Dupuy	Pierre-Dupuy	June 2011	Pierre-Dupuy	2
#93DF10	8	2532	7	Pierre-Dupuy	Pierre-Dupuy	July 2011	Pierre-Dupuy	2
#93DF10	8	1972	7	Pierre-Dupuy	Pierre-Dupuy	August 2011	Pierre-Dupuy	2
#93DF10	8	1821	7	Pierre-Dupuy	Pierre-Dupuy	September 2011	Pierre-Dupuy	2
#93DF10	8	1735	7	Pierre-Dupuy	Pierre-Dupuy	October 2011	Pierre-Dupuy	2
#93DF10	8	11	7	Pierre-Dupuy	Pierre-Dupuy	January 2012	Pierre-Dupuy	2
#93DF10	8	4	7	Pierre-Dupuy	Pierre-Dupuy	February 2012	Pierre-Dupuy	2
#93DF10	8	9	7	Pierre-Dupuy	Pierre-Dupuy	March 2012	Pierre-Dupuy	2
#93DF10	8	792	7	Pierre-Dupuy	Pierre-Dupuy	April 2012	Pierre-Dupuy	2
#93DF10	8	119	7	Pierre-Dupuy	Pierre-Dupuy	May 2012	Pierre-Dupuy	2
#93DF10	8	623	7	Pierre-Dupuy	Pierre-Dupuy	June 2012	Pierre-Dupuy	2
#93DF10	8	4386	7	Pierre-Dupuy	Pierre-Dupuy	July 2012	Pierre-Dupuy	2
#93DF10	8	2226	7	Pierre-Dupuy	Pierre-Dupuy	August 2012	Pierre-Dupuy	2
#93DF10	8	801	7	Pierre-Dupuy	Pierre-Dupuy	September 2012	Pierre-Dupuy	2
#93DF10	8	1115	7	Pierre-Dupuy	Pierre-Dupuy	October 2012	Pierre-Dupuy	2
#93DF10	8	2	7	Pierre-Dupuy	Pierre-Dupuy	February 2013	Pierre-Dupuy	2
#93DF10	8	26	7	Pierre-Dupuy	Pierre-Dupuy	March 2013	Pierre-Dupuy	2
#93DF10	8	568	7	Pierre-Dupuy	Pierre-Dupuy	April 2013	Pierre-Dupuy	2
#93DF10	8	2683	7	Pierre-Dupuy	Pierre-Dupuy	May 2013	Pierre-Dupuy	2
#93DF10	8	310	7	Pierre-Dupuy	Pierre-Dupuy	June 2013	Pierre-Dupuy	2
#93DF10	8	2217	7	Pierre-Dupuy	Pierre-Dupuy	July 2013	Pierre-Dupuy	2
#93DF10	8	1885	7	Pierre-Dupuy	Pierre-Dupuy	August 2013	Pierre-Dupuy	2
#93DF10	8	1768	7	Pierre-Dupuy	Pierre-Dupuy	September 2013	Pierre-Dupuy	2
#93DF10	9	672	7	Pierre-Dupuy	Pierre-Dupuy	October 2010	Pierre-Dupuy	2
#93DF10	9	149	7	Pierre-Dupuy	Pierre-Dupuy	November 2010	Pierre-Dupuy	2
#93DF10	9	1	7	Pierre-Dupuy	Pierre-Dupuy	March 2011	Pierre-Dupuy	2
#93DF10	9	802	7	Pierre-Dupuy	Pierre-Dupuy	April 2011	Pierre-Dupuy	2
#93DF10	9	1523	7	Pierre-Dupuy	Pierre-Dupuy	May 2011	Pierre-Dupuy	2
#93DF10	9	661	7	Pierre-Dupuy	Pierre-Dupuy	June 2011	Pierre-Dupuy	2
#93DF10	9	3948	7	Pierre-Dupuy	Pierre-Dupuy	July 2011	Pierre-Dupuy	2
#93DF10	9	2487	7	Pierre-Dupuy	Pierre-Dupuy	August 2011	Pierre-Dupuy	2
#93DF10	9	2142	7	Pierre-Dupuy	Pierre-Dupuy	September 2011	Pierre-Dupuy	2
#93DF10	9	2192	7	Pierre-Dupuy	Pierre-Dupuy	October 2011	Pierre-Dupuy	2
#93DF10	9	12	7	Pierre-Dupuy	Pierre-Dupuy	January 2012	Pierre-Dupuy	2
#93DF10	9	11	7	Pierre-Dupuy	Pierre-Dupuy	February 2012	Pierre-Dupuy	2
#93DF10	9	8	7	Pierre-Dupuy	Pierre-Dupuy	March 2012	Pierre-Dupuy	2
#93DF10	9	65	7	Pierre-Dupuy	Pierre-Dupuy	April 2012	Pierre-Dupuy	2
#93DF10	9	737	7	Pierre-Dupuy	Pierre-Dupuy	May 2012	Pierre-Dupuy	2
#93DF10	9	1551	7	Pierre-Dupuy	Pierre-Dupuy	June 2012	Pierre-Dupuy	2
#93DF10	9	2599	7	Pierre-Dupuy	Pierre-Dupuy	July 2012	Pierre-Dupuy	2
#93DF10	9	1471	7	Pierre-Dupuy	Pierre-Dupuy	August 2012	Pierre-Dupuy	2
#93DF10	9	2118	7	Pierre-Dupuy	Pierre-Dupuy	September 2012	Pierre-Dupuy	2
#93DF10	9	927	7	Pierre-Dupuy	Pierre-Dupuy	October 2012	Pierre-Dupuy	2
#93DF10	9	98	7	Pierre-Dupuy	Pierre-Dupuy	March 2013	Pierre-Dupuy	2
#93DF10	9	213	7	Pierre-Dupuy	Pierre-Dupuy	April 2013	Pierre-Dupuy	2
#93DF10	9	1113	7	Pierre-Dupuy	Pierre-Dupuy	May 2013	Pierre-Dupuy	2
#93DF10	9	1696	7	Pierre-Dupuy	Pierre-Dupuy	June 2013	Pierre-Dupuy	2
#93DF10	9	3138	7	Pierre-Dupuy	Pierre-Dupuy	July 2013	Pierre-Dupuy	2
#93DF10	9	1339	7	Pierre-Dupuy	Pierre-Dupuy	August 2013	Pierre-Dupuy	2
#93DF10	9	1564	7	Pierre-Dupuy	Pierre-Dupuy	September 2013	Pierre-Dupuy	2
#93DF10	10	566	7	Pierre-Dupuy	Pierre-Dupuy	October 2010	Pierre-Dupuy	2
#93DF10	10	242	7	Pierre-Dupuy	Pierre-Dupuy	November 2010	Pierre-Dupuy	2
#93DF10	10	2	7	Pierre-Dupuy	Pierre-Dupuy	January 2011	Pierre-Dupuy	2
#93DF10	10	781	7	Pierre-Dupuy	Pierre-Dupuy	April 2011	Pierre-Dupuy	2
#93DF10	10	1663	7	Pierre-Dupuy	Pierre-Dupuy	May 2011	Pierre-Dupuy	2
#93DF10	10	1084	7	Pierre-Dupuy	Pierre-Dupuy	June 2011	Pierre-Dupuy	2
#93DF10	10	3648	7	Pierre-Dupuy	Pierre-Dupuy	July 2011	Pierre-Dupuy	2
#93DF10	10	888	7	Pierre-Dupuy	Pierre-Dupuy	August 2011	Pierre-Dupuy	2
#93DF10	10	2740	7	Pierre-Dupuy	Pierre-Dupuy	September 2011	Pierre-Dupuy	2
#93DF10	10	2672	7	Pierre-Dupuy	Pierre-Dupuy	October 2011	Pierre-Dupuy	2
#93DF10	10	18	7	Pierre-Dupuy	Pierre-Dupuy	January 2012	Pierre-Dupuy	2
#93DF10	10	6	7	Pierre-Dupuy	Pierre-Dupuy	February 2012	Pierre-Dupuy	2
#93DF10	10	252	7	Pierre-Dupuy	Pierre-Dupuy	April 2012	Pierre-Dupuy	2
#93DF10	10	399	7	Pierre-Dupuy	Pierre-Dupuy	May 2012	Pierre-Dupuy	2
#93DF10	10	1833	7	Pierre-Dupuy	Pierre-Dupuy	June 2012	Pierre-Dupuy	2
#93DF10	10	2822	7	Pierre-Dupuy	Pierre-Dupuy	July 2012	Pierre-Dupuy	2
#93DF10	10	440	7	Pierre-Dupuy	Pierre-Dupuy	August 2012	Pierre-Dupuy	2
#93DF10	10	1271	7	Pierre-Dupuy	Pierre-Dupuy	September 2012	Pierre-Dupuy	2
#93DF10	10	560	7	Pierre-Dupuy	Pierre-Dupuy	October 2012	Pierre-Dupuy	2
#93DF10	10	67	7	Pierre-Dupuy	Pierre-Dupuy	March 2013	Pierre-Dupuy	2
#93DF10	10	452	7	Pierre-Dupuy	Pierre-Dupuy	April 2013	Pierre-Dupuy	2
#93DF10	10	1649	7	Pierre-Dupuy	Pierre-Dupuy	May 2013	Pierre-Dupuy	2
#93DF10	10	1386	7	Pierre-Dupuy	Pierre-Dupuy	June 2013	Pierre-Dupuy	2
#93DF10	10	1020	7	Pierre-Dupuy	Pierre-Dupuy	July 2013	Pierre-Dupuy	2
#93DF10	10	2803	7	Pierre-Dupuy	Pierre-Dupuy	August 2013	Pierre-Dupuy	2
#93DF10	10	385	7	Pierre-Dupuy	Pierre-Dupuy	September 2013	Pierre-Dupuy	2
#93DF10	11	1070	7	Pierre-Dupuy	Pierre-Dupuy	October 2010	Pierre-Dupuy	2
#93DF10	11	238	7	Pierre-Dupuy	Pierre-Dupuy	November 2010	Pierre-Dupuy	2
#93DF10	11	4	7	Pierre-Dupuy	Pierre-Dupuy	January 2011	Pierre-Dupuy	2
#93DF10	11	102	7	Pierre-Dupuy	Pierre-Dupuy	April 2011	Pierre-Dupuy	2
#93DF10	11	1652	7	Pierre-Dupuy	Pierre-Dupuy	May 2011	Pierre-Dupuy	2
#93DF10	11	744	7	Pierre-Dupuy	Pierre-Dupuy	June 2011	Pierre-Dupuy	2
#93DF10	11	1525	7	Pierre-Dupuy	Pierre-Dupuy	July 2011	Pierre-Dupuy	2
#93DF10	11	1500	7	Pierre-Dupuy	Pierre-Dupuy	August 2011	Pierre-Dupuy	2
#93DF10	11	2960	7	Pierre-Dupuy	Pierre-Dupuy	September 2011	Pierre-Dupuy	2
#93DF10	11	1235	7	Pierre-Dupuy	Pierre-Dupuy	October 2011	Pierre-Dupuy	2
#93DF10	11	12	7	Pierre-Dupuy	Pierre-Dupuy	January 2012	Pierre-Dupuy	2
#93DF10	11	3	7	Pierre-Dupuy	Pierre-Dupuy	February 2012	Pierre-Dupuy	2
#93DF10	11	330	7	Pierre-Dupuy	Pierre-Dupuy	April 2012	Pierre-Dupuy	2
#93DF10	11	1260	7	Pierre-Dupuy	Pierre-Dupuy	May 2012	Pierre-Dupuy	2
#93DF10	11	1264	7	Pierre-Dupuy	Pierre-Dupuy	June 2012	Pierre-Dupuy	2
#93DF10	11	2779	7	Pierre-Dupuy	Pierre-Dupuy	July 2012	Pierre-Dupuy	2
#93DF10	11	1340	7	Pierre-Dupuy	Pierre-Dupuy	August 2012	Pierre-Dupuy	2
#93DF10	11	1484	7	Pierre-Dupuy	Pierre-Dupuy	September 2012	Pierre-Dupuy	2
#93DF10	11	558	7	Pierre-Dupuy	Pierre-Dupuy	October 2012	Pierre-Dupuy	2
#93DF10	11	3	7	Pierre-Dupuy	Pierre-Dupuy	February 2013	Pierre-Dupuy	2
#93DF10	11	50	7	Pierre-Dupuy	Pierre-Dupuy	March 2013	Pierre-Dupuy	2
#93DF10	11	323	7	Pierre-Dupuy	Pierre-Dupuy	April 2013	Pierre-Dupuy	2
#93DF10	11	388	7	Pierre-Dupuy	Pierre-Dupuy	May 2013	Pierre-Dupuy	2
#93DF10	11	180	7	Pierre-Dupuy	Pierre-Dupuy	June 2013	Pierre-Dupuy	2
#93DF10	11	2827	7	Pierre-Dupuy	Pierre-Dupuy	July 2013	Pierre-Dupuy	2
#93DF10	11	3689	7	Pierre-Dupuy	Pierre-Dupuy	August 2013	Pierre-Dupuy	2
#93DF10	11	1470	7	Pierre-Dupuy	Pierre-Dupuy	September 2013	Pierre-Dupuy	2
#93DF10	12	685	7	Pierre-Dupuy	Pierre-Dupuy	October 2010	Pierre-Dupuy	2
#93DF10	12	264	7	Pierre-Dupuy	Pierre-Dupuy	November 2010	Pierre-Dupuy	2
#93DF10	12	2	7	Pierre-Dupuy	Pierre-Dupuy	March 2011	Pierre-Dupuy	2
#93DF10	12	630	7	Pierre-Dupuy	Pierre-Dupuy	April 2011	Pierre-Dupuy	2
#93DF10	12	1988	7	Pierre-Dupuy	Pierre-Dupuy	May 2011	Pierre-Dupuy	2
#93DF10	12	258	7	Pierre-Dupuy	Pierre-Dupuy	June 2011	Pierre-Dupuy	2
#93DF10	12	2170	7	Pierre-Dupuy	Pierre-Dupuy	July 2011	Pierre-Dupuy	2
#93DF10	12	2170	7	Pierre-Dupuy	Pierre-Dupuy	August 2011	Pierre-Dupuy	2
#93DF10	12	1437	7	Pierre-Dupuy	Pierre-Dupuy	September 2011	Pierre-Dupuy	2
#93DF10	12	884	7	Pierre-Dupuy	Pierre-Dupuy	October 2011	Pierre-Dupuy	2
#93DF10	12	9	7	Pierre-Dupuy	Pierre-Dupuy	January 2012	Pierre-Dupuy	2
#93DF10	12	5	7	Pierre-Dupuy	Pierre-Dupuy	February 2012	Pierre-Dupuy	2
#93DF10	12	590	7	Pierre-Dupuy	Pierre-Dupuy	April 2012	Pierre-Dupuy	2
#93DF10	12	2268	7	Pierre-Dupuy	Pierre-Dupuy	May 2012	Pierre-Dupuy	2
#93DF10	12	589	7	Pierre-Dupuy	Pierre-Dupuy	June 2012	Pierre-Dupuy	2
#93DF10	12	2433	7	Pierre-Dupuy	Pierre-Dupuy	July 2012	Pierre-Dupuy	2
#93DF10	12	2988	7	Pierre-Dupuy	Pierre-Dupuy	August 2012	Pierre-Dupuy	2
#93DF10	12	1981	7	Pierre-Dupuy	Pierre-Dupuy	September 2012	Pierre-Dupuy	2
#93DF10	12	448	7	Pierre-Dupuy	Pierre-Dupuy	October 2012	Pierre-Dupuy	2
#93DF10	12	5	7	Pierre-Dupuy	Pierre-Dupuy	February 2013	Pierre-Dupuy	2
#93DF10	12	20	7	Pierre-Dupuy	Pierre-Dupuy	March 2013	Pierre-Dupuy	2
#93DF10	12	22	7	Pierre-Dupuy	Pierre-Dupuy	April 2013	Pierre-Dupuy	2
#93DF10	12	818	7	Pierre-Dupuy	Pierre-Dupuy	May 2013	Pierre-Dupuy	2
#93DF10	12	1593	7	Pierre-Dupuy	Pierre-Dupuy	June 2013	Pierre-Dupuy	2
#93DF10	12	3067	7	Pierre-Dupuy	Pierre-Dupuy	July 2013	Pierre-Dupuy	2
#93DF10	12	2560	7	Pierre-Dupuy	Pierre-Dupuy	August 2013	Pierre-Dupuy	2
#93DF10	12	428	7	Pierre-Dupuy	Pierre-Dupuy	September 2013	Pierre-Dupuy	2
#93DF10	13	879	7	Pierre-Dupuy	Pierre-Dupuy	October 2010	Pierre-Dupuy	2
#93DF10	13	381	7	Pierre-Dupuy	Pierre-Dupuy	November 2010	Pierre-Dupuy	2
#93DF10	13	4	7	Pierre-Dupuy	Pierre-Dupuy	March 2011	Pierre-Dupuy	2
#93DF10	13	151	7	Pierre-Dupuy	Pierre-Dupuy	April 2011	Pierre-Dupuy	2
#93DF10	13	1621	7	Pierre-Dupuy	Pierre-Dupuy	May 2011	Pierre-Dupuy	2
#93DF10	13	274	7	Pierre-Dupuy	Pierre-Dupuy	June 2011	Pierre-Dupuy	2
#93DF10	13	2256	7	Pierre-Dupuy	Pierre-Dupuy	July 2011	Pierre-Dupuy	2
#93DF10	13	3423	7	Pierre-Dupuy	Pierre-Dupuy	August 2011	Pierre-Dupuy	2
#93DF10	13	854	7	Pierre-Dupuy	Pierre-Dupuy	September 2011	Pierre-Dupuy	2
#93DF10	13	488	7	Pierre-Dupuy	Pierre-Dupuy	October 2011	Pierre-Dupuy	2
#93DF10	13	2	7	Pierre-Dupuy	Pierre-Dupuy	January 2012	Pierre-Dupuy	2
#93DF10	13	4	7	Pierre-Dupuy	Pierre-Dupuy	February 2012	Pierre-Dupuy	2
#93DF10	13	922	7	Pierre-Dupuy	Pierre-Dupuy	April 2012	Pierre-Dupuy	2
#93DF10	13	1394	7	Pierre-Dupuy	Pierre-Dupuy	May 2012	Pierre-Dupuy	2
#93DF10	13	1968	7	Pierre-Dupuy	Pierre-Dupuy	June 2012	Pierre-Dupuy	2
#93DF10	13	2219	7	Pierre-Dupuy	Pierre-Dupuy	July 2012	Pierre-Dupuy	2
#93DF10	13	2090	7	Pierre-Dupuy	Pierre-Dupuy	August 2012	Pierre-Dupuy	2
#93DF10	13	1986	7	Pierre-Dupuy	Pierre-Dupuy	September 2012	Pierre-Dupuy	2
#93DF10	13	681	7	Pierre-Dupuy	Pierre-Dupuy	October 2012	Pierre-Dupuy	2
#93DF10	13	7	7	Pierre-Dupuy	Pierre-Dupuy	February 2013	Pierre-Dupuy	2
#93DF10	13	46	7	Pierre-Dupuy	Pierre-Dupuy	March 2013	Pierre-Dupuy	2
#93DF10	13	36	7	Pierre-Dupuy	Pierre-Dupuy	April 2013	Pierre-Dupuy	2
#93DF10	13	467	7	Pierre-Dupuy	Pierre-Dupuy	May 2013	Pierre-Dupuy	2
#93DF10	13	2413	7	Pierre-Dupuy	Pierre-Dupuy	June 2013	Pierre-Dupuy	2
#93DF10	13	3833	7	Pierre-Dupuy	Pierre-Dupuy	July 2013	Pierre-Dupuy	2
#93DF10	13	996	7	Pierre-Dupuy	Pierre-Dupuy	August 2013	Pierre-Dupuy	2
#93DF10	13	953	7	Pierre-Dupuy	Pierre-Dupuy	September 2013	Pierre-Dupuy	2
#93DF10	14	508	7	Pierre-Dupuy	Pierre-Dupuy	October 2010	Pierre-Dupuy	2
#93DF10	14	361	7	Pierre-Dupuy	Pierre-Dupuy	November 2010	Pierre-Dupuy	2
#93DF10	14	3	7	Pierre-Dupuy	Pierre-Dupuy	January 2011	Pierre-Dupuy	2
#93DF10	14	3	7	Pierre-Dupuy	Pierre-Dupuy	March 2011	Pierre-Dupuy	2
#93DF10	14	400	7	Pierre-Dupuy	Pierre-Dupuy	April 2011	Pierre-Dupuy	2
#93DF10	14	92	7	Pierre-Dupuy	Pierre-Dupuy	May 2011	Pierre-Dupuy	2
#93DF10	14	1772	7	Pierre-Dupuy	Pierre-Dupuy	June 2011	Pierre-Dupuy	2
#93DF10	14	2724	7	Pierre-Dupuy	Pierre-Dupuy	July 2011	Pierre-Dupuy	2
#93DF10	14	1832	7	Pierre-Dupuy	Pierre-Dupuy	August 2011	Pierre-Dupuy	2
#93DF10	14	1600	7	Pierre-Dupuy	Pierre-Dupuy	September 2011	Pierre-Dupuy	2
#93DF10	14	147	7	Pierre-Dupuy	Pierre-Dupuy	October 2011	Pierre-Dupuy	2
#93DF10	14	9	7	Pierre-Dupuy	Pierre-Dupuy	February 2012	Pierre-Dupuy	2
#93DF10	14	1284	7	Pierre-Dupuy	Pierre-Dupuy	April 2012	Pierre-Dupuy	2
#93DF10	14	2215	7	Pierre-Dupuy	Pierre-Dupuy	May 2012	Pierre-Dupuy	2
#93DF10	14	2386	7	Pierre-Dupuy	Pierre-Dupuy	June 2012	Pierre-Dupuy	2
#93DF10	14	2900	7	Pierre-Dupuy	Pierre-Dupuy	July 2012	Pierre-Dupuy	2
#93DF10	14	1456	7	Pierre-Dupuy	Pierre-Dupuy	August 2012	Pierre-Dupuy	2
#93DF10	14	1524	7	Pierre-Dupuy	Pierre-Dupuy	September 2012	Pierre-Dupuy	2
#93DF10	14	65	7	Pierre-Dupuy	Pierre-Dupuy	October 2012	Pierre-Dupuy	2
#93DF10	14	19	7	Pierre-Dupuy	Pierre-Dupuy	February 2013	Pierre-Dupuy	2
#93DF10	14	10	7	Pierre-Dupuy	Pierre-Dupuy	March 2013	Pierre-Dupuy	2
#93DF10	14	437	7	Pierre-Dupuy	Pierre-Dupuy	April 2013	Pierre-Dupuy	2
#93DF10	14	1598	7	Pierre-Dupuy	Pierre-Dupuy	May 2013	Pierre-Dupuy	2
#93DF10	14	2104	7	Pierre-Dupuy	Pierre-Dupuy	June 2013	Pierre-Dupuy	2
#93DF10	14	3265	7	Pierre-Dupuy	Pierre-Dupuy	July 2013	Pierre-Dupuy	2
#93DF10	14	1043	7	Pierre-Dupuy	Pierre-Dupuy	August 2013	Pierre-Dupuy	2
#93DF10	14	1075	7	Pierre-Dupuy	Pierre-Dupuy	September 2013	Pierre-Dupuy	2
#93DF10	15	77	7	Pierre-Dupuy	Pierre-Dupuy	October 2010	Pierre-Dupuy	2
#93DF10	15	145	7	Pierre-Dupuy	Pierre-Dupuy	November 2010	Pierre-Dupuy	2
#93DF10	15	1	7	Pierre-Dupuy	Pierre-Dupuy	January 2011	Pierre-Dupuy	2
#93DF10	15	8	7	Pierre-Dupuy	Pierre-Dupuy	March 2011	Pierre-Dupuy	2
#93DF10	15	365	7	Pierre-Dupuy	Pierre-Dupuy	April 2011	Pierre-Dupuy	2
#93DF10	15	139	7	Pierre-Dupuy	Pierre-Dupuy	May 2011	Pierre-Dupuy	2
#93DF10	15	2396	7	Pierre-Dupuy	Pierre-Dupuy	June 2011	Pierre-Dupuy	2
#93DF10	15	2544	7	Pierre-Dupuy	Pierre-Dupuy	July 2011	Pierre-Dupuy	2
#93DF10	15	1150	7	Pierre-Dupuy	Pierre-Dupuy	August 2011	Pierre-Dupuy	2
#93DF10	15	309	7	Pierre-Dupuy	Pierre-Dupuy	September 2011	Pierre-Dupuy	2
#93DF10	15	122	7	Pierre-Dupuy	Pierre-Dupuy	October 2011	Pierre-Dupuy	2
#93DF10	15	5	7	Pierre-Dupuy	Pierre-Dupuy	February 2012	Pierre-Dupuy	2
#93DF10	15	63	7	Pierre-Dupuy	Pierre-Dupuy	March 2012	Pierre-Dupuy	2
#93DF10	15	1846	7	Pierre-Dupuy	Pierre-Dupuy	April 2012	Pierre-Dupuy	2
#93DF10	15	975	7	Pierre-Dupuy	Pierre-Dupuy	May 2012	Pierre-Dupuy	2
#93DF10	15	2293	7	Pierre-Dupuy	Pierre-Dupuy	June 2012	Pierre-Dupuy	2
#93DF10	15	2034	7	Pierre-Dupuy	Pierre-Dupuy	July 2012	Pierre-Dupuy	2
#93DF10	15	970	7	Pierre-Dupuy	Pierre-Dupuy	August 2012	Pierre-Dupuy	2
#93DF10	15	1268	7	Pierre-Dupuy	Pierre-Dupuy	September 2012	Pierre-Dupuy	2
#93DF10	15	560	7	Pierre-Dupuy	Pierre-Dupuy	October 2012	Pierre-Dupuy	2
#93DF10	15	7	7	Pierre-Dupuy	Pierre-Dupuy	February 2013	Pierre-Dupuy	2
#93DF10	15	15	7	Pierre-Dupuy	Pierre-Dupuy	March 2013	Pierre-Dupuy	2
#93DF10	15	830	7	Pierre-Dupuy	Pierre-Dupuy	April 2013	Pierre-Dupuy	2
#93DF10	15	808	7	Pierre-Dupuy	Pierre-Dupuy	May 2013	Pierre-Dupuy	2
#93DF10	15	3462	7	Pierre-Dupuy	Pierre-Dupuy	June 2013	Pierre-Dupuy	2
#93DF10	15	2223	7	Pierre-Dupuy	Pierre-Dupuy	July 2013	Pierre-Dupuy	2
#93DF10	15	2343	7	Pierre-Dupuy	Pierre-Dupuy	August 2013	Pierre-Dupuy	2
#93DF10	15	1459	7	Pierre-Dupuy	Pierre-Dupuy	September 2013	Pierre-Dupuy	2
#93DF10	16	324	7	Pierre-Dupuy	Pierre-Dupuy	October 2010	Pierre-Dupuy	2
#93DF10	16	236	7	Pierre-Dupuy	Pierre-Dupuy	November 2010	Pierre-Dupuy	2
#93DF10	16	2	7	Pierre-Dupuy	Pierre-Dupuy	January 2011	Pierre-Dupuy	2
#93DF10	16	2	7	Pierre-Dupuy	Pierre-Dupuy	March 2011	Pierre-Dupuy	2
#93DF10	16	157	7	Pierre-Dupuy	Pierre-Dupuy	April 2011	Pierre-Dupuy	2
#93DF10	16	100	7	Pierre-Dupuy	Pierre-Dupuy	May 2011	Pierre-Dupuy	2
#93DF10	16	2341	7	Pierre-Dupuy	Pierre-Dupuy	June 2011	Pierre-Dupuy	2
#93DF10	16	3771	7	Pierre-Dupuy	Pierre-Dupuy	July 2011	Pierre-Dupuy	2
#93DF10	16	1504	7	Pierre-Dupuy	Pierre-Dupuy	August 2011	Pierre-Dupuy	2
#93DF10	16	1070	7	Pierre-Dupuy	Pierre-Dupuy	September 2011	Pierre-Dupuy	2
#93DF10	16	297	7	Pierre-Dupuy	Pierre-Dupuy	October 2011	Pierre-Dupuy	2
#93DF10	16	1	7	Pierre-Dupuy	Pierre-Dupuy	January 2012	Pierre-Dupuy	2
#93DF10	16	10	7	Pierre-Dupuy	Pierre-Dupuy	February 2012	Pierre-Dupuy	2
#93DF10	16	9	7	Pierre-Dupuy	Pierre-Dupuy	March 2012	Pierre-Dupuy	2
#93DF10	16	1061	7	Pierre-Dupuy	Pierre-Dupuy	April 2012	Pierre-Dupuy	2
#93DF10	16	1332	7	Pierre-Dupuy	Pierre-Dupuy	May 2012	Pierre-Dupuy	2
#93DF10	16	3280	7	Pierre-Dupuy	Pierre-Dupuy	June 2012	Pierre-Dupuy	2
#93DF10	16	1703	7	Pierre-Dupuy	Pierre-Dupuy	July 2012	Pierre-Dupuy	2
#93DF10	16	1549	7	Pierre-Dupuy	Pierre-Dupuy	August 2012	Pierre-Dupuy	2
#93DF10	16	2348	7	Pierre-Dupuy	Pierre-Dupuy	September 2012	Pierre-Dupuy	2
#93DF10	16	554	7	Pierre-Dupuy	Pierre-Dupuy	October 2012	Pierre-Dupuy	2
#93DF10	16	11	7	Pierre-Dupuy	Pierre-Dupuy	February 2013	Pierre-Dupuy	2
#93DF10	16	41	7	Pierre-Dupuy	Pierre-Dupuy	March 2013	Pierre-Dupuy	2
#93DF10	16	159	7	Pierre-Dupuy	Pierre-Dupuy	April 2013	Pierre-Dupuy	2
#93DF10	16	1278	7	Pierre-Dupuy	Pierre-Dupuy	May 2013	Pierre-Dupuy	2
#93DF10	16	679	7	Pierre-Dupuy	Pierre-Dupuy	June 2013	Pierre-Dupuy	2
#93DF10	16	2333	7	Pierre-Dupuy	Pierre-Dupuy	July 2013	Pierre-Dupuy	2
#93DF10	16	1777	7	Pierre-Dupuy	Pierre-Dupuy	August 2013	Pierre-Dupuy	2
#93DF10	16	855	7	Pierre-Dupuy	Pierre-Dupuy	September 2013	Pierre-Dupuy	2
#93DF10	17	494	7	Pierre-Dupuy	Pierre-Dupuy	October 2010	Pierre-Dupuy	2
#93DF10	17	39	7	Pierre-Dupuy	Pierre-Dupuy	November 2010	Pierre-Dupuy	2
#93DF10	17	1	7	Pierre-Dupuy	Pierre-Dupuy	January 2011	Pierre-Dupuy	2
#93DF10	17	20	7	Pierre-Dupuy	Pierre-Dupuy	March 2011	Pierre-Dupuy	2
#93DF10	17	134	7	Pierre-Dupuy	Pierre-Dupuy	April 2011	Pierre-Dupuy	2
#93DF10	17	321	7	Pierre-Dupuy	Pierre-Dupuy	May 2011	Pierre-Dupuy	2
#93DF10	17	2114	7	Pierre-Dupuy	Pierre-Dupuy	June 2011	Pierre-Dupuy	2
#93DF10	17	2978	7	Pierre-Dupuy	Pierre-Dupuy	July 2011	Pierre-Dupuy	2
#93DF10	17	1980	7	Pierre-Dupuy	Pierre-Dupuy	August 2011	Pierre-Dupuy	2
#93DF10	17	2011	7	Pierre-Dupuy	Pierre-Dupuy	September 2011	Pierre-Dupuy	2
#93DF10	17	369	7	Pierre-Dupuy	Pierre-Dupuy	October 2011	Pierre-Dupuy	2
#93DF10	17	11	7	Pierre-Dupuy	Pierre-Dupuy	February 2012	Pierre-Dupuy	2
#93DF10	17	334	7	Pierre-Dupuy	Pierre-Dupuy	March 2012	Pierre-Dupuy	2
#93DF10	17	544	7	Pierre-Dupuy	Pierre-Dupuy	April 2012	Pierre-Dupuy	2
#93DF10	17	1631	7	Pierre-Dupuy	Pierre-Dupuy	May 2012	Pierre-Dupuy	2
#93DF10	17	3453	7	Pierre-Dupuy	Pierre-Dupuy	June 2012	Pierre-Dupuy	2
#93DF10	17	569	7	Pierre-Dupuy	Pierre-Dupuy	July 2012	Pierre-Dupuy	2
#93DF10	17	586	7	Pierre-Dupuy	Pierre-Dupuy	August 2012	Pierre-Dupuy	2
#93DF10	17	1704	7	Pierre-Dupuy	Pierre-Dupuy	September 2012	Pierre-Dupuy	2
#93DF10	17	728	7	Pierre-Dupuy	Pierre-Dupuy	October 2012	Pierre-Dupuy	2
#93DF10	17	1	7	Pierre-Dupuy	Pierre-Dupuy	January 2013	Pierre-Dupuy	2
#93DF10	17	10	7	Pierre-Dupuy	Pierre-Dupuy	February 2013	Pierre-Dupuy	2
#93DF10	17	28	7	Pierre-Dupuy	Pierre-Dupuy	March 2013	Pierre-Dupuy	2
#93DF10	17	1157	7	Pierre-Dupuy	Pierre-Dupuy	April 2013	Pierre-Dupuy	2
#93DF10	17	1862	7	Pierre-Dupuy	Pierre-Dupuy	May 2013	Pierre-Dupuy	2
#93DF10	17	1351	7	Pierre-Dupuy	Pierre-Dupuy	June 2013	Pierre-Dupuy	2
#93DF10	17	1588	7	Pierre-Dupuy	Pierre-Dupuy	July 2013	Pierre-Dupuy	2
#93DF10	17	3303	7	Pierre-Dupuy	Pierre-Dupuy	August 2013	Pierre-Dupuy	2
#93DF10	17	1485	7	Pierre-Dupuy	Pierre-Dupuy	September 2013	Pierre-Dupuy	2
#93DF10	18	512	7	Pierre-Dupuy	Pierre-Dupuy	October 2010	Pierre-Dupuy	2
#93DF10	18	143	7	Pierre-Dupuy	Pierre-Dupuy	November 2010	Pierre-Dupuy	2
#93DF10	18	3	7	Pierre-Dupuy	Pierre-Dupuy	January 2011	Pierre-Dupuy	2
#93DF10	18	4	7	Pierre-Dupuy	Pierre-Dupuy	March 2011	Pierre-Dupuy	2
#93DF10	18	224	7	Pierre-Dupuy	Pierre-Dupuy	April 2011	Pierre-Dupuy	2
#93DF10	18	816	7	Pierre-Dupuy	Pierre-Dupuy	May 2011	Pierre-Dupuy	2
#93DF10	18	2947	7	Pierre-Dupuy	Pierre-Dupuy	June 2011	Pierre-Dupuy	2
#93DF10	18	1321	7	Pierre-Dupuy	Pierre-Dupuy	July 2011	Pierre-Dupuy	2
#93DF10	18	1017	7	Pierre-Dupuy	Pierre-Dupuy	August 2011	Pierre-Dupuy	2
#93DF10	18	2922	7	Pierre-Dupuy	Pierre-Dupuy	September 2011	Pierre-Dupuy	2
#93DF10	18	489	7	Pierre-Dupuy	Pierre-Dupuy	October 2011	Pierre-Dupuy	2
#93DF10	18	3	7	Pierre-Dupuy	Pierre-Dupuy	January 2012	Pierre-Dupuy	2
#93DF10	18	30	7	Pierre-Dupuy	Pierre-Dupuy	February 2012	Pierre-Dupuy	2
#93DF10	18	1128	7	Pierre-Dupuy	Pierre-Dupuy	March 2012	Pierre-Dupuy	2
#93DF10	18	706	7	Pierre-Dupuy	Pierre-Dupuy	April 2012	Pierre-Dupuy	2
#93DF10	18	1711	7	Pierre-Dupuy	Pierre-Dupuy	May 2012	Pierre-Dupuy	2
#93DF10	18	2455	7	Pierre-Dupuy	Pierre-Dupuy	June 2012	Pierre-Dupuy	2
#93DF10	18	2813	7	Pierre-Dupuy	Pierre-Dupuy	July 2012	Pierre-Dupuy	2
#93DF10	18	1229	7	Pierre-Dupuy	Pierre-Dupuy	August 2012	Pierre-Dupuy	2
#93DF10	18	388	7	Pierre-Dupuy	Pierre-Dupuy	September 2012	Pierre-Dupuy	2
#93DF10	18	1108	7	Pierre-Dupuy	Pierre-Dupuy	October 2012	Pierre-Dupuy	2
#93DF10	18	4	7	Pierre-Dupuy	Pierre-Dupuy	February 2013	Pierre-Dupuy	2
#93DF10	18	29	7	Pierre-Dupuy	Pierre-Dupuy	March 2013	Pierre-Dupuy	2
#93DF10	18	324	7	Pierre-Dupuy	Pierre-Dupuy	April 2013	Pierre-Dupuy	2
#93DF10	18	3026	7	Pierre-Dupuy	Pierre-Dupuy	May 2013	Pierre-Dupuy	2
#93DF10	18	2717	7	Pierre-Dupuy	Pierre-Dupuy	June 2013	Pierre-Dupuy	2
#93DF10	18	1773	7	Pierre-Dupuy	Pierre-Dupuy	July 2013	Pierre-Dupuy	2
#93DF10	18	3487	7	Pierre-Dupuy	Pierre-Dupuy	August 2013	Pierre-Dupuy	2
#93DF10	18	1759	7	Pierre-Dupuy	Pierre-Dupuy	September 2013	Pierre-Dupuy	2
#93DF10	19	507	7	Pierre-Dupuy	Pierre-Dupuy	October 2010	Pierre-Dupuy	2
#93DF10	19	113	7	Pierre-Dupuy	Pierre-Dupuy	November 2010	Pierre-Dupuy	2
#93DF10	19	762	7	Pierre-Dupuy	Pierre-Dupuy	April 2011	Pierre-Dupuy	2
#93DF10	19	903	7	Pierre-Dupuy	Pierre-Dupuy	May 2011	Pierre-Dupuy	2
#93DF10	19	3862	7	Pierre-Dupuy	Pierre-Dupuy	June 2011	Pierre-Dupuy	2
#93DF10	19	3093	7	Pierre-Dupuy	Pierre-Dupuy	July 2011	Pierre-Dupuy	2
#93DF10	19	1166	7	Pierre-Dupuy	Pierre-Dupuy	August 2011	Pierre-Dupuy	2
#93DF10	19	1513	7	Pierre-Dupuy	Pierre-Dupuy	September 2011	Pierre-Dupuy	2
#93DF10	19	600	7	Pierre-Dupuy	Pierre-Dupuy	October 2011	Pierre-Dupuy	2
#93DF10	19	3	7	Pierre-Dupuy	Pierre-Dupuy	January 2012	Pierre-Dupuy	2
#93DF10	19	13	7	Pierre-Dupuy	Pierre-Dupuy	February 2012	Pierre-Dupuy	2
#93DF10	19	506	7	Pierre-Dupuy	Pierre-Dupuy	March 2012	Pierre-Dupuy	2
#93DF10	19	1206	7	Pierre-Dupuy	Pierre-Dupuy	April 2012	Pierre-Dupuy	2
#93DF10	19	2914	7	Pierre-Dupuy	Pierre-Dupuy	May 2012	Pierre-Dupuy	2
#93DF10	19	1711	7	Pierre-Dupuy	Pierre-Dupuy	June 2012	Pierre-Dupuy	2
#93DF10	19	2647	7	Pierre-Dupuy	Pierre-Dupuy	July 2012	Pierre-Dupuy	2
#93DF10	19	1683	7	Pierre-Dupuy	Pierre-Dupuy	August 2012	Pierre-Dupuy	2
#93DF10	19	840	7	Pierre-Dupuy	Pierre-Dupuy	September 2012	Pierre-Dupuy	2
#93DF10	19	111	7	Pierre-Dupuy	Pierre-Dupuy	October 2012	Pierre-Dupuy	2
#93DF10	19	7	7	Pierre-Dupuy	Pierre-Dupuy	February 2013	Pierre-Dupuy	2
#93DF10	19	5	7	Pierre-Dupuy	Pierre-Dupuy	March 2013	Pierre-Dupuy	2
#93DF10	19	903	7	Pierre-Dupuy	Pierre-Dupuy	April 2013	Pierre-Dupuy	2
#93DF10	19	2032	7	Pierre-Dupuy	Pierre-Dupuy	May 2013	Pierre-Dupuy	2
#93DF10	19	2897	7	Pierre-Dupuy	Pierre-Dupuy	June 2013	Pierre-Dupuy	2
#93DF10	19	717	7	Pierre-Dupuy	Pierre-Dupuy	July 2013	Pierre-Dupuy	2
#93DF10	19	2364	7	Pierre-Dupuy	Pierre-Dupuy	August 2013	Pierre-Dupuy	2
#93DF10	20	564	7	Pierre-Dupuy	Pierre-Dupuy	October 2010	Pierre-Dupuy	2
#93DF10	20	67	7	Pierre-Dupuy	Pierre-Dupuy	November 2010	Pierre-Dupuy	2
#93DF10	20	2	7	Pierre-Dupuy	Pierre-Dupuy	January 2011	Pierre-Dupuy	2
#93DF10	20	38	7	Pierre-Dupuy	Pierre-Dupuy	April 2011	Pierre-Dupuy	2
#93DF10	20	1546	7	Pierre-Dupuy	Pierre-Dupuy	May 2011	Pierre-Dupuy	2
#93DF10	20	2579	7	Pierre-Dupuy	Pierre-Dupuy	June 2011	Pierre-Dupuy	2
#93DF10	20	2579	7	Pierre-Dupuy	Pierre-Dupuy	July 2011	Pierre-Dupuy	2
#93DF10	20	1492	7	Pierre-Dupuy	Pierre-Dupuy	August 2011	Pierre-Dupuy	2
#93DF10	20	491	7	Pierre-Dupuy	Pierre-Dupuy	September 2011	Pierre-Dupuy	2
#93DF10	20	188	7	Pierre-Dupuy	Pierre-Dupuy	October 2011	Pierre-Dupuy	2
#93DF10	20	1	7	Pierre-Dupuy	Pierre-Dupuy	January 2012	Pierre-Dupuy	2
#93DF10	20	14	7	Pierre-Dupuy	Pierre-Dupuy	February 2012	Pierre-Dupuy	2
#93DF10	20	762	7	Pierre-Dupuy	Pierre-Dupuy	March 2012	Pierre-Dupuy	2
#93DF10	20	170	7	Pierre-Dupuy	Pierre-Dupuy	April 2012	Pierre-Dupuy	2
#93DF10	20	4241	7	Pierre-Dupuy	Pierre-Dupuy	May 2012	Pierre-Dupuy	2
#93DF10	20	2363	7	Pierre-Dupuy	Pierre-Dupuy	June 2012	Pierre-Dupuy	2
#93DF10	20	2538	7	Pierre-Dupuy	Pierre-Dupuy	July 2012	Pierre-Dupuy	2
#93DF10	20	1439	7	Pierre-Dupuy	Pierre-Dupuy	August 2012	Pierre-Dupuy	2
#93DF10	20	1391	7	Pierre-Dupuy	Pierre-Dupuy	September 2012	Pierre-Dupuy	2
#93DF10	20	797	7	Pierre-Dupuy	Pierre-Dupuy	October 2012	Pierre-Dupuy	2
#93DF10	20	6	7	Pierre-Dupuy	Pierre-Dupuy	January 2013	Pierre-Dupuy	2
#93DF10	20	4	7	Pierre-Dupuy	Pierre-Dupuy	March 2013	Pierre-Dupuy	2
#93DF10	20	294	7	Pierre-Dupuy	Pierre-Dupuy	April 2013	Pierre-Dupuy	2
#93DF10	20	2184	7	Pierre-Dupuy	Pierre-Dupuy	May 2013	Pierre-Dupuy	2
#93DF10	20	2409	7	Pierre-Dupuy	Pierre-Dupuy	June 2013	Pierre-Dupuy	2
#93DF10	20	2042	7	Pierre-Dupuy	Pierre-Dupuy	July 2013	Pierre-Dupuy	2
#93DF10	20	2573	7	Pierre-Dupuy	Pierre-Dupuy	August 2013	Pierre-Dupuy	2
#93DF10	21	113	7	Pierre-Dupuy	Pierre-Dupuy	October 2010	Pierre-Dupuy	2
#93DF10	21	67	7	Pierre-Dupuy	Pierre-Dupuy	November 2010	Pierre-Dupuy	2
#93DF10	21	3	7	Pierre-Dupuy	Pierre-Dupuy	January 2011	Pierre-Dupuy	2
#93DF10	21	150	7	Pierre-Dupuy	Pierre-Dupuy	April 2011	Pierre-Dupuy	2
#93DF10	21	2929	7	Pierre-Dupuy	Pierre-Dupuy	May 2011	Pierre-Dupuy	2
#93DF10	21	3049	7	Pierre-Dupuy	Pierre-Dupuy	June 2011	Pierre-Dupuy	2
#93DF10	21	1217	7	Pierre-Dupuy	Pierre-Dupuy	July 2011	Pierre-Dupuy	2
#93DF10	21	151	7	Pierre-Dupuy	Pierre-Dupuy	August 2011	Pierre-Dupuy	2
#93DF10	21	1785	7	Pierre-Dupuy	Pierre-Dupuy	September 2011	Pierre-Dupuy	2
#93DF10	21	221	7	Pierre-Dupuy	Pierre-Dupuy	October 2011	Pierre-Dupuy	2
#93DF10	21	1	7	Pierre-Dupuy	Pierre-Dupuy	January 2012	Pierre-Dupuy	2
#93DF10	21	10	7	Pierre-Dupuy	Pierre-Dupuy	February 2012	Pierre-Dupuy	2
#93DF10	21	993	7	Pierre-Dupuy	Pierre-Dupuy	March 2012	Pierre-Dupuy	2
#93DF10	21	50	7	Pierre-Dupuy	Pierre-Dupuy	April 2012	Pierre-Dupuy	2
#93DF10	21	3413	7	Pierre-Dupuy	Pierre-Dupuy	May 2012	Pierre-Dupuy	2
#93DF10	21	2265	7	Pierre-Dupuy	Pierre-Dupuy	June 2012	Pierre-Dupuy	2
#93DF10	21	3835	7	Pierre-Dupuy	Pierre-Dupuy	July 2012	Pierre-Dupuy	2
#93DF10	21	2353	7	Pierre-Dupuy	Pierre-Dupuy	August 2012	Pierre-Dupuy	2
#93DF10	21	889	7	Pierre-Dupuy	Pierre-Dupuy	September 2012	Pierre-Dupuy	2
#93DF10	21	242	7	Pierre-Dupuy	Pierre-Dupuy	October 2012	Pierre-Dupuy	2
#93DF10	21	4	7	Pierre-Dupuy	Pierre-Dupuy	February 2013	Pierre-Dupuy	2
#93DF10	21	6	7	Pierre-Dupuy	Pierre-Dupuy	March 2013	Pierre-Dupuy	2
#93DF10	21	818	7	Pierre-Dupuy	Pierre-Dupuy	April 2013	Pierre-Dupuy	2
#93DF10	21	666	7	Pierre-Dupuy	Pierre-Dupuy	May 2013	Pierre-Dupuy	2
#93DF10	21	2673	7	Pierre-Dupuy	Pierre-Dupuy	June 2013	Pierre-Dupuy	2
#93DF10	21	4841	7	Pierre-Dupuy	Pierre-Dupuy	July 2013	Pierre-Dupuy	2
#93DF10	21	2356	7	Pierre-Dupuy	Pierre-Dupuy	August 2013	Pierre-Dupuy	2
#93DF10	22	364	7	Pierre-Dupuy	Pierre-Dupuy	October 2010	Pierre-Dupuy	2
#93DF10	22	44	7	Pierre-Dupuy	Pierre-Dupuy	November 2010	Pierre-Dupuy	2
#93DF10	22	3	7	Pierre-Dupuy	Pierre-Dupuy	January 2011	Pierre-Dupuy	2
#93DF10	22	1	7	Pierre-Dupuy	Pierre-Dupuy	February 2011	Pierre-Dupuy	2
#93DF10	22	1293	7	Pierre-Dupuy	Pierre-Dupuy	April 2011	Pierre-Dupuy	2
#93DF10	22	1840	7	Pierre-Dupuy	Pierre-Dupuy	May 2011	Pierre-Dupuy	2
#93DF10	22	2352	7	Pierre-Dupuy	Pierre-Dupuy	June 2011	Pierre-Dupuy	2
#93DF10	22	1797	7	Pierre-Dupuy	Pierre-Dupuy	July 2011	Pierre-Dupuy	2
#93DF10	22	743	7	Pierre-Dupuy	Pierre-Dupuy	August 2011	Pierre-Dupuy	2
#93DF10	22	672	7	Pierre-Dupuy	Pierre-Dupuy	September 2011	Pierre-Dupuy	2
#93DF10	22	352	7	Pierre-Dupuy	Pierre-Dupuy	October 2011	Pierre-Dupuy	2
#93DF10	22	5	7	Pierre-Dupuy	Pierre-Dupuy	January 2012	Pierre-Dupuy	2
#93DF10	22	12	7	Pierre-Dupuy	Pierre-Dupuy	February 2012	Pierre-Dupuy	2
#93DF10	22	548	7	Pierre-Dupuy	Pierre-Dupuy	March 2012	Pierre-Dupuy	2
#93DF10	22	198	7	Pierre-Dupuy	Pierre-Dupuy	April 2012	Pierre-Dupuy	2
#93DF10	22	251	7	Pierre-Dupuy	Pierre-Dupuy	May 2012	Pierre-Dupuy	2
#93DF10	22	2009	7	Pierre-Dupuy	Pierre-Dupuy	June 2012	Pierre-Dupuy	2
#93DF10	22	2960	7	Pierre-Dupuy	Pierre-Dupuy	July 2012	Pierre-Dupuy	2
#93DF10	22	2391	7	Pierre-Dupuy	Pierre-Dupuy	August 2012	Pierre-Dupuy	2
#93DF10	22	365	7	Pierre-Dupuy	Pierre-Dupuy	September 2012	Pierre-Dupuy	2
#93DF10	22	757	7	Pierre-Dupuy	Pierre-Dupuy	October 2012	Pierre-Dupuy	2
#93DF10	22	10	7	Pierre-Dupuy	Pierre-Dupuy	March 2013	Pierre-Dupuy	2
#93DF10	22	1063	7	Pierre-Dupuy	Pierre-Dupuy	April 2013	Pierre-Dupuy	2
#93DF10	22	1362	7	Pierre-Dupuy	Pierre-Dupuy	May 2013	Pierre-Dupuy	2
#93DF10	22	334	7	Pierre-Dupuy	Pierre-Dupuy	June 2013	Pierre-Dupuy	2
#93DF10	22	3380	7	Pierre-Dupuy	Pierre-Dupuy	July 2013	Pierre-Dupuy	2
#93DF10	22	586	7	Pierre-Dupuy	Pierre-Dupuy	August 2013	Pierre-Dupuy	2
#93DF10	23	501	7	Pierre-Dupuy	Pierre-Dupuy	October 2010	Pierre-Dupuy	2
#93DF10	23	59	7	Pierre-Dupuy	Pierre-Dupuy	November 2010	Pierre-Dupuy	2
#93DF10	23	3	7	Pierre-Dupuy	Pierre-Dupuy	January 2011	Pierre-Dupuy	2
#93DF10	23	1	7	Pierre-Dupuy	Pierre-Dupuy	February 2011	Pierre-Dupuy	2
#93DF10	23	36	7	Pierre-Dupuy	Pierre-Dupuy	April 2011	Pierre-Dupuy	2
#93DF10	23	1344	7	Pierre-Dupuy	Pierre-Dupuy	May 2011	Pierre-Dupuy	2
#93DF10	23	507	7	Pierre-Dupuy	Pierre-Dupuy	June 2011	Pierre-Dupuy	2
#93DF10	23	2945	7	Pierre-Dupuy	Pierre-Dupuy	July 2011	Pierre-Dupuy	2
#93DF10	23	2147	7	Pierre-Dupuy	Pierre-Dupuy	August 2011	Pierre-Dupuy	2
#93DF10	23	1769	7	Pierre-Dupuy	Pierre-Dupuy	September 2011	Pierre-Dupuy	2
#93DF10	23	541	7	Pierre-Dupuy	Pierre-Dupuy	October 2011	Pierre-Dupuy	2
#93DF10	23	6	7	Pierre-Dupuy	Pierre-Dupuy	January 2012	Pierre-Dupuy	2
#93DF10	23	22	7	Pierre-Dupuy	Pierre-Dupuy	February 2012	Pierre-Dupuy	2
#93DF10	23	663	7	Pierre-Dupuy	Pierre-Dupuy	March 2012	Pierre-Dupuy	2
#93DF10	23	27	7	Pierre-Dupuy	Pierre-Dupuy	April 2012	Pierre-Dupuy	2
#93DF10	23	1826	7	Pierre-Dupuy	Pierre-Dupuy	May 2012	Pierre-Dupuy	2
#93DF10	23	2585	7	Pierre-Dupuy	Pierre-Dupuy	June 2012	Pierre-Dupuy	2
#93DF10	23	1461	7	Pierre-Dupuy	Pierre-Dupuy	July 2012	Pierre-Dupuy	2
#93DF10	23	1864	7	Pierre-Dupuy	Pierre-Dupuy	August 2012	Pierre-Dupuy	2
#93DF10	23	984	7	Pierre-Dupuy	Pierre-Dupuy	September 2012	Pierre-Dupuy	2
#93DF10	23	795	7	Pierre-Dupuy	Pierre-Dupuy	October 2012	Pierre-Dupuy	2
#93DF10	23	1	7	Pierre-Dupuy	Pierre-Dupuy	January 2013	Pierre-Dupuy	2
#93DF10	23	3	7	Pierre-Dupuy	Pierre-Dupuy	February 2013	Pierre-Dupuy	2
#93DF10	23	24	7	Pierre-Dupuy	Pierre-Dupuy	March 2013	Pierre-Dupuy	2
#93DF10	23	1186	7	Pierre-Dupuy	Pierre-Dupuy	April 2013	Pierre-Dupuy	2
#93DF10	23	566	7	Pierre-Dupuy	Pierre-Dupuy	May 2013	Pierre-Dupuy	2
#93DF10	23	2375	7	Pierre-Dupuy	Pierre-Dupuy	June 2013	Pierre-Dupuy	2
#93DF10	23	1619	7	Pierre-Dupuy	Pierre-Dupuy	July 2013	Pierre-Dupuy	2
#93DF10	23	2116	7	Pierre-Dupuy	Pierre-Dupuy	August 2013	Pierre-Dupuy	2
#93DF10	24	125	7	Pierre-Dupuy	Pierre-Dupuy	October 2010	Pierre-Dupuy	2
#93DF10	24	112	7	Pierre-Dupuy	Pierre-Dupuy	November 2010	Pierre-Dupuy	2
#93DF10	24	2	7	Pierre-Dupuy	Pierre-Dupuy	January 2011	Pierre-Dupuy	2
#93DF10	24	1252	7	Pierre-Dupuy	Pierre-Dupuy	April 2011	Pierre-Dupuy	2
#93DF10	24	1265	7	Pierre-Dupuy	Pierre-Dupuy	May 2011	Pierre-Dupuy	2
#93DF10	24	184	7	Pierre-Dupuy	Pierre-Dupuy	June 2011	Pierre-Dupuy	2
#93DF10	24	4006	7	Pierre-Dupuy	Pierre-Dupuy	July 2011	Pierre-Dupuy	2
#93DF10	24	1920	7	Pierre-Dupuy	Pierre-Dupuy	August 2011	Pierre-Dupuy	2
#93DF10	24	1201	7	Pierre-Dupuy	Pierre-Dupuy	September 2011	Pierre-Dupuy	2
#93DF10	24	594	7	Pierre-Dupuy	Pierre-Dupuy	October 2011	Pierre-Dupuy	2
#93DF10	24	4	7	Pierre-Dupuy	Pierre-Dupuy	January 2012	Pierre-Dupuy	2
#93DF10	24	4	7	Pierre-Dupuy	Pierre-Dupuy	February 2012	Pierre-Dupuy	2
#93DF10	24	277	7	Pierre-Dupuy	Pierre-Dupuy	March 2012	Pierre-Dupuy	2
#93DF10	24	188	7	Pierre-Dupuy	Pierre-Dupuy	April 2012	Pierre-Dupuy	2
#93DF10	24	2062	7	Pierre-Dupuy	Pierre-Dupuy	May 2012	Pierre-Dupuy	2
#93DF10	24	3634	7	Pierre-Dupuy	Pierre-Dupuy	June 2012	Pierre-Dupuy	2
#93DF10	24	2170	7	Pierre-Dupuy	Pierre-Dupuy	July 2012	Pierre-Dupuy	2
#93DF10	24	2178	7	Pierre-Dupuy	Pierre-Dupuy	August 2012	Pierre-Dupuy	2
#93DF10	24	1100	7	Pierre-Dupuy	Pierre-Dupuy	September 2012	Pierre-Dupuy	2
#93DF10	24	649	7	Pierre-Dupuy	Pierre-Dupuy	October 2012	Pierre-Dupuy	2
#93DF10	24	1	7	Pierre-Dupuy	Pierre-Dupuy	January 2013	Pierre-Dupuy	2
#93DF10	24	2	7	Pierre-Dupuy	Pierre-Dupuy	February 2013	Pierre-Dupuy	2
#93DF10	24	57	7	Pierre-Dupuy	Pierre-Dupuy	March 2013	Pierre-Dupuy	2
#93DF10	24	1150	7	Pierre-Dupuy	Pierre-Dupuy	April 2013	Pierre-Dupuy	2
#93DF10	24	271	7	Pierre-Dupuy	Pierre-Dupuy	May 2013	Pierre-Dupuy	2
#93DF10	24	3403	7	Pierre-Dupuy	Pierre-Dupuy	June 2013	Pierre-Dupuy	2
#93DF10	24	2403	7	Pierre-Dupuy	Pierre-Dupuy	July 2013	Pierre-Dupuy	2
#93DF10	24	3058	7	Pierre-Dupuy	Pierre-Dupuy	August 2013	Pierre-Dupuy	2
#93DF10	25	132	7	Pierre-Dupuy	Pierre-Dupuy	October 2010	Pierre-Dupuy	2
#93DF10	25	73	7	Pierre-Dupuy	Pierre-Dupuy	November 2010	Pierre-Dupuy	2
#93DF10	25	2	7	Pierre-Dupuy	Pierre-Dupuy	January 2011	Pierre-Dupuy	2
#93DF10	25	1948	7	Pierre-Dupuy	Pierre-Dupuy	April 2011	Pierre-Dupuy	2
#93DF10	25	2194	7	Pierre-Dupuy	Pierre-Dupuy	May 2011	Pierre-Dupuy	2
#93DF10	25	412	7	Pierre-Dupuy	Pierre-Dupuy	June 2011	Pierre-Dupuy	2
#93DF10	25	1675	7	Pierre-Dupuy	Pierre-Dupuy	July 2011	Pierre-Dupuy	2
#93DF10	25	617	7	Pierre-Dupuy	Pierre-Dupuy	August 2011	Pierre-Dupuy	2
#93DF10	25	2005	7	Pierre-Dupuy	Pierre-Dupuy	September 2011	Pierre-Dupuy	2
#93DF10	25	502	7	Pierre-Dupuy	Pierre-Dupuy	October 2011	Pierre-Dupuy	2
#93DF10	25	4	7	Pierre-Dupuy	Pierre-Dupuy	January 2012	Pierre-Dupuy	2
#93DF10	25	2	7	Pierre-Dupuy	Pierre-Dupuy	February 2012	Pierre-Dupuy	2
#93DF10	25	145	7	Pierre-Dupuy	Pierre-Dupuy	March 2012	Pierre-Dupuy	2
#93DF10	25	445	7	Pierre-Dupuy	Pierre-Dupuy	April 2012	Pierre-Dupuy	2
#93DF10	25	1953	7	Pierre-Dupuy	Pierre-Dupuy	May 2012	Pierre-Dupuy	2
#93DF10	25	1349	7	Pierre-Dupuy	Pierre-Dupuy	June 2012	Pierre-Dupuy	2
#93DF10	25	3132	7	Pierre-Dupuy	Pierre-Dupuy	July 2012	Pierre-Dupuy	2
#93DF10	25	2558	7	Pierre-Dupuy	Pierre-Dupuy	August 2012	Pierre-Dupuy	2
#93DF10	25	1007	7	Pierre-Dupuy	Pierre-Dupuy	September 2012	Pierre-Dupuy	2
#93DF10	25	631	7	Pierre-Dupuy	Pierre-Dupuy	October 2012	Pierre-Dupuy	2
#93DF10	25	2	7	Pierre-Dupuy	Pierre-Dupuy	January 2013	Pierre-Dupuy	2
#93DF10	25	1	7	Pierre-Dupuy	Pierre-Dupuy	February 2013	Pierre-Dupuy	2
#93DF10	25	32	7	Pierre-Dupuy	Pierre-Dupuy	March 2013	Pierre-Dupuy	2
#93DF10	25	622	7	Pierre-Dupuy	Pierre-Dupuy	April 2013	Pierre-Dupuy	2
#93DF10	25	178	7	Pierre-Dupuy	Pierre-Dupuy	May 2013	Pierre-Dupuy	2
#93DF10	25	1322	7	Pierre-Dupuy	Pierre-Dupuy	June 2013	Pierre-Dupuy	2
#93DF10	25	3003	7	Pierre-Dupuy	Pierre-Dupuy	July 2013	Pierre-Dupuy	2
#93DF10	25	3381	7	Pierre-Dupuy	Pierre-Dupuy	August 2013	Pierre-Dupuy	2
#93DF10	26	427	7	Pierre-Dupuy	Pierre-Dupuy	October 2010	Pierre-Dupuy	2
#93DF10	26	6	7	Pierre-Dupuy	Pierre-Dupuy	November 2010	Pierre-Dupuy	2
#93DF10	26	1	7	Pierre-Dupuy	Pierre-Dupuy	February 2011	Pierre-Dupuy	2
#93DF10	26	167	7	Pierre-Dupuy	Pierre-Dupuy	April 2011	Pierre-Dupuy	2
#93DF10	26	516	7	Pierre-Dupuy	Pierre-Dupuy	May 2011	Pierre-Dupuy	2
#93DF10	26	1827	7	Pierre-Dupuy	Pierre-Dupuy	June 2011	Pierre-Dupuy	2
#93DF10	26	1175	7	Pierre-Dupuy	Pierre-Dupuy	July 2011	Pierre-Dupuy	2
#93DF10	26	2108	7	Pierre-Dupuy	Pierre-Dupuy	August 2011	Pierre-Dupuy	2
#93DF10	26	1723	7	Pierre-Dupuy	Pierre-Dupuy	September 2011	Pierre-Dupuy	2
#93DF10	26	564	7	Pierre-Dupuy	Pierre-Dupuy	October 2011	Pierre-Dupuy	2
#93DF10	26	4	7	Pierre-Dupuy	Pierre-Dupuy	February 2012	Pierre-Dupuy	2
#93DF10	26	130	7	Pierre-Dupuy	Pierre-Dupuy	March 2012	Pierre-Dupuy	2
#93DF10	26	381	7	Pierre-Dupuy	Pierre-Dupuy	April 2012	Pierre-Dupuy	2
#93DF10	26	3455	7	Pierre-Dupuy	Pierre-Dupuy	May 2012	Pierre-Dupuy	2
#93DF10	26	620	7	Pierre-Dupuy	Pierre-Dupuy	June 2012	Pierre-Dupuy	2
#93DF10	26	1595	7	Pierre-Dupuy	Pierre-Dupuy	July 2012	Pierre-Dupuy	2
#93DF10	26	2932	7	Pierre-Dupuy	Pierre-Dupuy	August 2012	Pierre-Dupuy	2
#93DF10	26	650	7	Pierre-Dupuy	Pierre-Dupuy	September 2012	Pierre-Dupuy	2
#93DF10	26	1456	7	Pierre-Dupuy	Pierre-Dupuy	October 2012	Pierre-Dupuy	2
#93DF10	26	6	7	Pierre-Dupuy	Pierre-Dupuy	February 2013	Pierre-Dupuy	2
#93DF10	26	70	7	Pierre-Dupuy	Pierre-Dupuy	March 2013	Pierre-Dupuy	2
#93DF10	26	765	7	Pierre-Dupuy	Pierre-Dupuy	April 2013	Pierre-Dupuy	2
#93DF10	26	362	7	Pierre-Dupuy	Pierre-Dupuy	May 2013	Pierre-Dupuy	2
#93DF10	26	1488	7	Pierre-Dupuy	Pierre-Dupuy	June 2013	Pierre-Dupuy	2
#93DF10	26	2784	7	Pierre-Dupuy	Pierre-Dupuy	July 2013	Pierre-Dupuy	2
#93DF10	26	1021	7	Pierre-Dupuy	Pierre-Dupuy	August 2013	Pierre-Dupuy	2
#93DF10	27	678	7	Pierre-Dupuy	Pierre-Dupuy	October 2010	Pierre-Dupuy	2
#93DF10	27	2	7	Pierre-Dupuy	Pierre-Dupuy	November 2010	Pierre-Dupuy	2
#93DF10	27	3	7	Pierre-Dupuy	Pierre-Dupuy	January 2011	Pierre-Dupuy	2
#93DF10	27	2	7	Pierre-Dupuy	Pierre-Dupuy	February 2011	Pierre-Dupuy	2
#93DF10	27	339	7	Pierre-Dupuy	Pierre-Dupuy	April 2011	Pierre-Dupuy	2
#93DF10	27	159	7	Pierre-Dupuy	Pierre-Dupuy	May 2011	Pierre-Dupuy	2
#93DF10	27	3430	7	Pierre-Dupuy	Pierre-Dupuy	June 2011	Pierre-Dupuy	2
#93DF10	27	3041	7	Pierre-Dupuy	Pierre-Dupuy	July 2011	Pierre-Dupuy	2
#93DF10	27	3190	7	Pierre-Dupuy	Pierre-Dupuy	August 2011	Pierre-Dupuy	2
#93DF10	27	1872	7	Pierre-Dupuy	Pierre-Dupuy	September 2011	Pierre-Dupuy	2
#93DF10	27	379	7	Pierre-Dupuy	Pierre-Dupuy	October 2011	Pierre-Dupuy	2
#93DF10	27	3	7	Pierre-Dupuy	Pierre-Dupuy	February 2012	Pierre-Dupuy	2
#93DF10	27	163	7	Pierre-Dupuy	Pierre-Dupuy	March 2012	Pierre-Dupuy	2
#93DF10	27	139	7	Pierre-Dupuy	Pierre-Dupuy	April 2012	Pierre-Dupuy	2
#93DF10	27	2886	7	Pierre-Dupuy	Pierre-Dupuy	May 2012	Pierre-Dupuy	2
#93DF10	27	536	7	Pierre-Dupuy	Pierre-Dupuy	June 2012	Pierre-Dupuy	2
#93DF10	27	2653	7	Pierre-Dupuy	Pierre-Dupuy	July 2012	Pierre-Dupuy	2
#93DF10	27	1010	7	Pierre-Dupuy	Pierre-Dupuy	August 2012	Pierre-Dupuy	2
#93DF10	27	1152	7	Pierre-Dupuy	Pierre-Dupuy	September 2012	Pierre-Dupuy	2
#93DF10	27	618	7	Pierre-Dupuy	Pierre-Dupuy	October 2012	Pierre-Dupuy	2
#93DF10	27	4	7	Pierre-Dupuy	Pierre-Dupuy	February 2013	Pierre-Dupuy	2
#93DF10	27	105	7	Pierre-Dupuy	Pierre-Dupuy	March 2013	Pierre-Dupuy	2
#93DF10	27	1663	7	Pierre-Dupuy	Pierre-Dupuy	April 2013	Pierre-Dupuy	2
#93DF10	27	2554	7	Pierre-Dupuy	Pierre-Dupuy	May 2013	Pierre-Dupuy	2
#93DF10	27	2089	7	Pierre-Dupuy	Pierre-Dupuy	June 2013	Pierre-Dupuy	2
#93DF10	27	4476	7	Pierre-Dupuy	Pierre-Dupuy	July 2013	Pierre-Dupuy	2
#93DF10	27	2153	7	Pierre-Dupuy	Pierre-Dupuy	August 2013	Pierre-Dupuy	2
#93DF10	28	394	7	Pierre-Dupuy	Pierre-Dupuy	October 2010	Pierre-Dupuy	2
#93DF10	28	8	7	Pierre-Dupuy	Pierre-Dupuy	November 2010	Pierre-Dupuy	2
#93DF10	28	1	7	Pierre-Dupuy	Pierre-Dupuy	January 2011	Pierre-Dupuy	2
#93DF10	28	259	7	Pierre-Dupuy	Pierre-Dupuy	April 2011	Pierre-Dupuy	2
#93DF10	28	392	7	Pierre-Dupuy	Pierre-Dupuy	May 2011	Pierre-Dupuy	2
#93DF10	28	1869	7	Pierre-Dupuy	Pierre-Dupuy	June 2011	Pierre-Dupuy	2
#93DF10	28	2619	7	Pierre-Dupuy	Pierre-Dupuy	July 2011	Pierre-Dupuy	2
#93DF10	28	108	7	Pierre-Dupuy	Pierre-Dupuy	August 2011	Pierre-Dupuy	2
#93DF10	28	1102	7	Pierre-Dupuy	Pierre-Dupuy	September 2011	Pierre-Dupuy	2
#93DF10	28	426	7	Pierre-Dupuy	Pierre-Dupuy	October 2011	Pierre-Dupuy	2
#93DF10	28	9	7	Pierre-Dupuy	Pierre-Dupuy	January 2012	Pierre-Dupuy	2
#93DF10	28	9	7	Pierre-Dupuy	Pierre-Dupuy	February 2012	Pierre-Dupuy	2
#93DF10	28	28	7	Pierre-Dupuy	Pierre-Dupuy	March 2012	Pierre-Dupuy	2
#93DF10	28	523	7	Pierre-Dupuy	Pierre-Dupuy	April 2012	Pierre-Dupuy	2
#93DF10	28	1027	7	Pierre-Dupuy	Pierre-Dupuy	May 2012	Pierre-Dupuy	2
#93DF10	28	2415	7	Pierre-Dupuy	Pierre-Dupuy	June 2012	Pierre-Dupuy	2
#93DF10	28	2468	7	Pierre-Dupuy	Pierre-Dupuy	July 2012	Pierre-Dupuy	2
#93DF10	28	1629	7	Pierre-Dupuy	Pierre-Dupuy	August 2012	Pierre-Dupuy	2
#93DF10	28	1133	7	Pierre-Dupuy	Pierre-Dupuy	September 2012	Pierre-Dupuy	2
#93DF10	28	387	7	Pierre-Dupuy	Pierre-Dupuy	October 2012	Pierre-Dupuy	2
#93DF10	28	4	7	Pierre-Dupuy	Pierre-Dupuy	January 2013	Pierre-Dupuy	2
#93DF10	28	6	7	Pierre-Dupuy	Pierre-Dupuy	February 2013	Pierre-Dupuy	2
#93DF10	28	156	7	Pierre-Dupuy	Pierre-Dupuy	March 2013	Pierre-Dupuy	2
#93DF10	28	3218	7	Pierre-Dupuy	Pierre-Dupuy	April 2013	Pierre-Dupuy	2
#93DF10	28	3169	7	Pierre-Dupuy	Pierre-Dupuy	May 2013	Pierre-Dupuy	2
#93DF10	28	193	7	Pierre-Dupuy	Pierre-Dupuy	June 2013	Pierre-Dupuy	2
#93DF10	28	1630	7	Pierre-Dupuy	Pierre-Dupuy	July 2013	Pierre-Dupuy	2
#93DF10	28	1881	7	Pierre-Dupuy	Pierre-Dupuy	August 2013	Pierre-Dupuy	2
#93DF10	29	233	7	Pierre-Dupuy	Pierre-Dupuy	October 2010	Pierre-Dupuy	2
#93DF10	29	94	7	Pierre-Dupuy	Pierre-Dupuy	November 2010	Pierre-Dupuy	2
#93DF10	29	3	7	Pierre-Dupuy	Pierre-Dupuy	January 2011	Pierre-Dupuy	2
#93DF10	29	681	7	Pierre-Dupuy	Pierre-Dupuy	April 2011	Pierre-Dupuy	2
#93DF10	29	793	7	Pierre-Dupuy	Pierre-Dupuy	May 2011	Pierre-Dupuy	2
#93DF10	29	863	7	Pierre-Dupuy	Pierre-Dupuy	June 2011	Pierre-Dupuy	2
#93DF10	29	1553	7	Pierre-Dupuy	Pierre-Dupuy	July 2011	Pierre-Dupuy	2
#93DF10	29	1632	7	Pierre-Dupuy	Pierre-Dupuy	August 2011	Pierre-Dupuy	2
#93DF10	29	305	7	Pierre-Dupuy	Pierre-Dupuy	September 2011	Pierre-Dupuy	2
#93DF10	29	371	7	Pierre-Dupuy	Pierre-Dupuy	October 2011	Pierre-Dupuy	2
#93DF10	29	7	7	Pierre-Dupuy	Pierre-Dupuy	January 2012	Pierre-Dupuy	2
#93DF10	29	7	7	Pierre-Dupuy	Pierre-Dupuy	February 2012	Pierre-Dupuy	2
#93DF10	29	78	7	Pierre-Dupuy	Pierre-Dupuy	March 2012	Pierre-Dupuy	2
#93DF10	29	702	7	Pierre-Dupuy	Pierre-Dupuy	April 2012	Pierre-Dupuy	2
#93DF10	29	475	7	Pierre-Dupuy	Pierre-Dupuy	May 2012	Pierre-Dupuy	2
#93DF10	29	2109	7	Pierre-Dupuy	Pierre-Dupuy	June 2012	Pierre-Dupuy	2
#93DF10	29	3731	7	Pierre-Dupuy	Pierre-Dupuy	July 2012	Pierre-Dupuy	2
#93DF10	29	2152	7	Pierre-Dupuy	Pierre-Dupuy	August 2012	Pierre-Dupuy	2
#93DF10	29	442	7	Pierre-Dupuy	Pierre-Dupuy	September 2012	Pierre-Dupuy	2
#93DF10	29	411	7	Pierre-Dupuy	Pierre-Dupuy	October 2012	Pierre-Dupuy	2
#93DF10	29	5	7	Pierre-Dupuy	Pierre-Dupuy	January 2013	Pierre-Dupuy	2
#93DF10	29	153	7	Pierre-Dupuy	Pierre-Dupuy	March 2013	Pierre-Dupuy	2
#93DF10	29	1416	7	Pierre-Dupuy	Pierre-Dupuy	April 2013	Pierre-Dupuy	2
#93DF10	29	470	7	Pierre-Dupuy	Pierre-Dupuy	May 2013	Pierre-Dupuy	2
#93DF10	29	1450	7	Pierre-Dupuy	Pierre-Dupuy	June 2013	Pierre-Dupuy	2
#93DF10	29	2250	7	Pierre-Dupuy	Pierre-Dupuy	July 2013	Pierre-Dupuy	2
#93DF10	29	1941	7	Pierre-Dupuy	Pierre-Dupuy	August 2013	Pierre-Dupuy	2
#93DF10	30	136	7	Pierre-Dupuy	Pierre-Dupuy	October 2010	Pierre-Dupuy	2
#93DF10	30	54	7	Pierre-Dupuy	Pierre-Dupuy	November 2010	Pierre-Dupuy	2
#93DF10	30	1	7	Pierre-Dupuy	Pierre-Dupuy	January 2011	Pierre-Dupuy	2
#93DF10	30	2181	7	Pierre-Dupuy	Pierre-Dupuy	April 2011	Pierre-Dupuy	2
#93DF10	30	2787	7	Pierre-Dupuy	Pierre-Dupuy	May 2011	Pierre-Dupuy	2
#93DF10	30	987	7	Pierre-Dupuy	Pierre-Dupuy	June 2011	Pierre-Dupuy	2
#93DF10	30	3738	7	Pierre-Dupuy	Pierre-Dupuy	July 2011	Pierre-Dupuy	2
#93DF10	30	1530	7	Pierre-Dupuy	Pierre-Dupuy	August 2011	Pierre-Dupuy	2
#93DF10	30	782	7	Pierre-Dupuy	Pierre-Dupuy	September 2011	Pierre-Dupuy	2
#93DF10	30	482	7	Pierre-Dupuy	Pierre-Dupuy	October 2011	Pierre-Dupuy	2
#93DF10	30	2	7	Pierre-Dupuy	Pierre-Dupuy	January 2012	Pierre-Dupuy	2
#93DF10	30	196	7	Pierre-Dupuy	Pierre-Dupuy	March 2012	Pierre-Dupuy	2
#93DF10	30	851	7	Pierre-Dupuy	Pierre-Dupuy	April 2012	Pierre-Dupuy	2
#93DF10	30	2454	7	Pierre-Dupuy	Pierre-Dupuy	May 2012	Pierre-Dupuy	2
#93DF10	30	2870	7	Pierre-Dupuy	Pierre-Dupuy	June 2012	Pierre-Dupuy	2
#93DF10	30	2564	7	Pierre-Dupuy	Pierre-Dupuy	July 2012	Pierre-Dupuy	2
#93DF10	30	1796	7	Pierre-Dupuy	Pierre-Dupuy	August 2012	Pierre-Dupuy	2
#93DF10	30	133	7	Pierre-Dupuy	Pierre-Dupuy	September 2012	Pierre-Dupuy	2
#93DF10	30	338	7	Pierre-Dupuy	Pierre-Dupuy	October 2012	Pierre-Dupuy	2
#93DF10	30	4	7	Pierre-Dupuy	Pierre-Dupuy	January 2013	Pierre-Dupuy	2
#93DF10	30	449	7	Pierre-Dupuy	Pierre-Dupuy	March 2013	Pierre-Dupuy	2
#93DF10	30	1632	7	Pierre-Dupuy	Pierre-Dupuy	April 2013	Pierre-Dupuy	2
#93DF10	30	2626	7	Pierre-Dupuy	Pierre-Dupuy	May 2013	Pierre-Dupuy	2
#93DF10	30	4286	7	Pierre-Dupuy	Pierre-Dupuy	June 2013	Pierre-Dupuy	2
#93DF10	30	3321	7	Pierre-Dupuy	Pierre-Dupuy	July 2013	Pierre-Dupuy	2
#93DF10	30	1632	7	Pierre-Dupuy	Pierre-Dupuy	August 2013	Pierre-Dupuy	2
#93DF10	31	145	7	Pierre-Dupuy	Pierre-Dupuy	October 2010	Pierre-Dupuy	2
#93DF10	31	1	7	Pierre-Dupuy	Pierre-Dupuy	January 2011	Pierre-Dupuy	2
#93DF10	31	2973	7	Pierre-Dupuy	Pierre-Dupuy	May 2011	Pierre-Dupuy	2
#93DF10	31	3682	7	Pierre-Dupuy	Pierre-Dupuy	July 2011	Pierre-Dupuy	2
#93DF10	31	2243	7	Pierre-Dupuy	Pierre-Dupuy	August 2011	Pierre-Dupuy	2
#93DF10	31	447	7	Pierre-Dupuy	Pierre-Dupuy	October 2011	Pierre-Dupuy	2
#93DF10	31	524	7	Pierre-Dupuy	Pierre-Dupuy	March 2012	Pierre-Dupuy	2
#93DF10	31	1389	7	Pierre-Dupuy	Pierre-Dupuy	May 2012	Pierre-Dupuy	2
#93DF10	31	2505	7	Pierre-Dupuy	Pierre-Dupuy	July 2012	Pierre-Dupuy	2
#93DF10	31	875	7	Pierre-Dupuy	Pierre-Dupuy	August 2012	Pierre-Dupuy	2
#93DF10	31	245	7	Pierre-Dupuy	Pierre-Dupuy	October 2012	Pierre-Dupuy	2
#93DF10	31	321	7	Pierre-Dupuy	Pierre-Dupuy	March 2013	Pierre-Dupuy	2
#93DF10	31	2319	7	Pierre-Dupuy	Pierre-Dupuy	May 2013	Pierre-Dupuy	2
#93DF10	31	4373	7	Pierre-Dupuy	Pierre-Dupuy	July 2013	Pierre-Dupuy	2
#93DF10	31	1494	7	Pierre-Dupuy	Pierre-Dupuy	August 2013	Pierre-Dupuy	2
#F58AC1	1	2005	8	Rachel	Rachel	November 2010	Rachel	2
#F58AC1	1	548	8	Rachel	Rachel	December 2010	Rachel	2
#F58AC1	1	85	8	Rachel	Rachel	January 2011	Rachel	2
#F58AC1	1	6	8	Rachel	Rachel	February 2011	Rachel	2
#F58AC1	1	3	8	Rachel	Rachel	March 2011	Rachel	2
#F58AC1	1	797	8	Rachel	Rachel	April 2011	Rachel	2
#F58AC1	1	4846	8	Rachel	Rachel	May 2011	Rachel	2
#F58AC1	1	4714	8	Rachel	Rachel	June 2011	Rachel	2
#F58AC1	1	4840	8	Rachel	Rachel	July 2011	Rachel	2
#F58AC1	1	3681	8	Rachel	Rachel	August 2011	Rachel	2
#F58AC1	1	5658	8	Rachel	Rachel	September 2011	Rachel	2
#F58AC1	1	1600	8	Rachel	Rachel	October 2011	Rachel	2
#F58AC1	1	16	8	Rachel	Rachel	January 2012	Rachel	2
#F58AC1	1	14	8	Rachel	Rachel	March 2012	Rachel	2
#F58AC1	1	1086	8	Rachel	Rachel	April 2012	Rachel	2
#F58AC1	1	1960	8	Rachel	Rachel	May 2012	Rachel	2
#F58AC1	1	6595	8	Rachel	Rachel	June 2012	Rachel	2
#F58AC1	1	4522	8	Rachel	Rachel	July 2012	Rachel	2
#F58AC1	1	3889	8	Rachel	Rachel	August 2012	Rachel	2
#F58AC1	1	3845	8	Rachel	Rachel	September 2012	Rachel	2
#F58AC1	1	2987	8	Rachel	Rachel	October 2012	Rachel	2
#F58AC1	1	2461	8	Rachel	Rachel	November 2012	Rachel	2
#F58AC1	1	1	8	Rachel	Rachel	January 2013	Rachel	2
#F58AC1	1	294	8	Rachel	Rachel	February 2013	Rachel	2
#F58AC1	1	395	8	Rachel	Rachel	March 2013	Rachel	2
#F58AC1	1	2315	8	Rachel	Rachel	April 2013	Rachel	2
#F58AC1	1	6338	8	Rachel	Rachel	May 2013	Rachel	2
#F58AC1	1	5737	8	Rachel	Rachel	June 2013	Rachel	2
#F58AC1	1	4811	8	Rachel	Rachel	July 2013	Rachel	2
#F58AC1	1	4152	8	Rachel	Rachel	August 2013	Rachel	2
#F58AC1	1	5136	8	Rachel	Rachel	September 2013	Rachel	2
#F58AC1	2	2112	8	Rachel	Rachel	November 2010	Rachel	2
#F58AC1	2	1135	8	Rachel	Rachel	December 2010	Rachel	2
#F58AC1	2	124	8	Rachel	Rachel	January 2011	Rachel	2
#F58AC1	2	1	8	Rachel	Rachel	February 2011	Rachel	2
#F58AC1	2	3	8	Rachel	Rachel	March 2011	Rachel	2
#F58AC1	2	1120	8	Rachel	Rachel	April 2011	Rachel	2
#F58AC1	2	2537	8	Rachel	Rachel	May 2011	Rachel	2
#F58AC1	2	3681	8	Rachel	Rachel	June 2011	Rachel	2
#F58AC1	2	5018	8	Rachel	Rachel	July 2011	Rachel	2
#F58AC1	2	4768	8	Rachel	Rachel	August 2011	Rachel	2
#F58AC1	2	5705	8	Rachel	Rachel	September 2011	Rachel	2
#F58AC1	2	780	8	Rachel	Rachel	October 2011	Rachel	2
#F58AC1	2	43	8	Rachel	Rachel	January 2012	Rachel	2
#F58AC1	2	2	8	Rachel	Rachel	February 2012	Rachel	2
#F58AC1	2	1	8	Rachel	Rachel	March 2012	Rachel	2
#F58AC1	2	2122	8	Rachel	Rachel	April 2012	Rachel	2
#F58AC1	2	3501	8	Rachel	Rachel	May 2012	Rachel	2
#F58AC1	2	1436	8	Rachel	Rachel	June 2012	Rachel	2
#F58AC1	2	4464	8	Rachel	Rachel	July 2012	Rachel	2
#F58AC1	2	4828	8	Rachel	Rachel	August 2012	Rachel	2
#F58AC1	2	4247	8	Rachel	Rachel	September 2012	Rachel	2
#F58AC1	2	4497	8	Rachel	Rachel	October 2012	Rachel	2
#F58AC1	2	1888	8	Rachel	Rachel	November 2012	Rachel	2
#F58AC1	2	2	8	Rachel	Rachel	January 2013	Rachel	2
#F58AC1	2	155	8	Rachel	Rachel	February 2013	Rachel	2
#F58AC1	2	238	8	Rachel	Rachel	March 2013	Rachel	2
#F58AC1	2	2835	8	Rachel	Rachel	April 2013	Rachel	2
#F58AC1	2	5902	8	Rachel	Rachel	May 2013	Rachel	2
#F58AC1	2	6417	8	Rachel	Rachel	June 2013	Rachel	2
#F58AC1	2	4895	8	Rachel	Rachel	July 2013	Rachel	2
#F58AC1	2	5073	8	Rachel	Rachel	August 2013	Rachel	2
#F58AC1	2	2359	8	Rachel	Rachel	September 2013	Rachel	2
#F58AC1	3	1292	8	Rachel	Rachel	October 2010	Rachel	2
#F58AC1	3	2239	8	Rachel	Rachel	November 2010	Rachel	2
#F58AC1	3	1111	8	Rachel	Rachel	December 2010	Rachel	2
#F58AC1	3	242	8	Rachel	Rachel	January 2011	Rachel	2
#F58AC1	3	1425	8	Rachel	Rachel	April 2011	Rachel	2
#F58AC1	3	1804	8	Rachel	Rachel	May 2011	Rachel	2
#F58AC1	3	7515	8	Rachel	Rachel	June 2011	Rachel	2
#F58AC1	3	4312	8	Rachel	Rachel	July 2011	Rachel	2
#F58AC1	3	5582	8	Rachel	Rachel	August 2011	Rachel	2
#F58AC1	3	4067	8	Rachel	Rachel	September 2011	Rachel	2
#F58AC1	3	905	8	Rachel	Rachel	October 2011	Rachel	2
#F58AC1	3	58	8	Rachel	Rachel	January 2012	Rachel	2
#F58AC1	3	1	8	Rachel	Rachel	February 2012	Rachel	2
#F58AC1	3	2450	8	Rachel	Rachel	April 2012	Rachel	2
#F58AC1	3	3603	8	Rachel	Rachel	May 2012	Rachel	2
#F58AC1	3	4936	8	Rachel	Rachel	June 2012	Rachel	2
#F58AC1	3	5462	8	Rachel	Rachel	July 2012	Rachel	2
#F58AC1	3	5031	8	Rachel	Rachel	August 2012	Rachel	2
#F58AC1	3	4709	8	Rachel	Rachel	September 2012	Rachel	2
#F58AC1	3	3941	8	Rachel	Rachel	October 2012	Rachel	2
#F58AC1	3	1302	8	Rachel	Rachel	November 2012	Rachel	2
#F58AC1	3	128	8	Rachel	Rachel	February 2013	Rachel	2
#F58AC1	3	133	8	Rachel	Rachel	March 2013	Rachel	2
#F58AC1	3	3085	8	Rachel	Rachel	April 2013	Rachel	2
#F58AC1	3	6533	8	Rachel	Rachel	May 2013	Rachel	2
#F58AC1	3	5333	8	Rachel	Rachel	June 2013	Rachel	2
#F58AC1	3	6594	8	Rachel	Rachel	July 2013	Rachel	2
#F58AC1	3	4181	8	Rachel	Rachel	August 2013	Rachel	2
#F58AC1	3	5298	8	Rachel	Rachel	September 2013	Rachel	2
#F58AC1	4	3185	8	Rachel	Rachel	October 2010	Rachel	2
#F58AC1	4	1270	8	Rachel	Rachel	November 2010	Rachel	2
#F58AC1	4	461	8	Rachel	Rachel	December 2010	Rachel	2
#F58AC1	4	205	8	Rachel	Rachel	January 2011	Rachel	2
#F58AC1	4	679	8	Rachel	Rachel	April 2011	Rachel	2
#F58AC1	4	1267	8	Rachel	Rachel	May 2011	Rachel	2
#F58AC1	4	5468	8	Rachel	Rachel	June 2011	Rachel	2
#F58AC1	4	6038	8	Rachel	Rachel	July 2011	Rachel	2
#F58AC1	4	5379	8	Rachel	Rachel	August 2011	Rachel	2
#F58AC1	4	2324	8	Rachel	Rachel	September 2011	Rachel	2
#F58AC1	4	61	8	Rachel	Rachel	January 2012	Rachel	2
#F58AC1	4	2242	8	Rachel	Rachel	April 2012	Rachel	2
#F58AC1	4	2631	8	Rachel	Rachel	May 2012	Rachel	2
#F58AC1	4	3090	8	Rachel	Rachel	June 2012	Rachel	2
#F58AC1	4	4493	8	Rachel	Rachel	July 2012	Rachel	2
#F58AC1	4	4467	8	Rachel	Rachel	August 2012	Rachel	2
#F58AC1	4	3868	8	Rachel	Rachel	September 2012	Rachel	2
#F58AC1	4	3418	8	Rachel	Rachel	October 2012	Rachel	2
#F58AC1	4	1374	8	Rachel	Rachel	November 2012	Rachel	2
#F58AC1	4	125	8	Rachel	Rachel	January 2013	Rachel	2
#F58AC1	4	325	8	Rachel	Rachel	February 2013	Rachel	2
#F58AC1	4	357	8	Rachel	Rachel	March 2013	Rachel	2
#F58AC1	4	2492	8	Rachel	Rachel	April 2013	Rachel	2
#F58AC1	4	5821	8	Rachel	Rachel	May 2013	Rachel	2
#F58AC1	4	5778	8	Rachel	Rachel	June 2013	Rachel	2
#F58AC1	4	6466	8	Rachel	Rachel	July 2013	Rachel	2
#F58AC1	4	3447	8	Rachel	Rachel	August 2013	Rachel	2
#F58AC1	4	5561	8	Rachel	Rachel	September 2013	Rachel	2
#F58AC1	5	3721	8	Rachel	Rachel	October 2010	Rachel	2
#F58AC1	5	1007	8	Rachel	Rachel	November 2010	Rachel	2
#F58AC1	5	366	8	Rachel	Rachel	December 2010	Rachel	2
#F58AC1	5	184	8	Rachel	Rachel	January 2011	Rachel	2
#F58AC1	5	831	8	Rachel	Rachel	April 2011	Rachel	2
#F58AC1	5	1253	8	Rachel	Rachel	May 2011	Rachel	2
#F58AC1	5	5821	8	Rachel	Rachel	June 2011	Rachel	2
#F58AC1	5	5949	8	Rachel	Rachel	July 2011	Rachel	2
#F58AC1	5	5692	8	Rachel	Rachel	August 2011	Rachel	2
#F58AC1	5	1535	8	Rachel	Rachel	September 2011	Rachel	2
#F58AC1	5	95	8	Rachel	Rachel	January 2012	Rachel	2
#F58AC1	5	2	8	Rachel	Rachel	March 2012	Rachel	2
#F58AC1	5	2463	8	Rachel	Rachel	April 2012	Rachel	2
#F58AC1	5	4108	8	Rachel	Rachel	May 2012	Rachel	2
#F58AC1	5	5348	8	Rachel	Rachel	June 2012	Rachel	2
#F58AC1	5	5153	8	Rachel	Rachel	July 2012	Rachel	2
#F58AC1	5	2268	8	Rachel	Rachel	August 2012	Rachel	2
#F58AC1	5	4491	8	Rachel	Rachel	September 2012	Rachel	2
#F58AC1	5	4088	8	Rachel	Rachel	October 2012	Rachel	2
#F58AC1	5	2430	8	Rachel	Rachel	November 2012	Rachel	2
#F58AC1	5	97	8	Rachel	Rachel	January 2013	Rachel	2
#F58AC1	5	327	8	Rachel	Rachel	February 2013	Rachel	2
#F58AC1	5	400	8	Rachel	Rachel	March 2013	Rachel	2
#F58AC1	5	2553	8	Rachel	Rachel	April 2013	Rachel	2
#F58AC1	5	6170	8	Rachel	Rachel	May 2013	Rachel	2
#F58AC1	5	5980	8	Rachel	Rachel	June 2013	Rachel	2
#F58AC1	5	6022	8	Rachel	Rachel	July 2013	Rachel	2
#F58AC1	5	5988	8	Rachel	Rachel	August 2013	Rachel	2
#F58AC1	5	5823	8	Rachel	Rachel	September 2013	Rachel	2
#F58AC1	6	1922	8	Rachel	Rachel	October 2010	Rachel	2
#F58AC1	6	1432	8	Rachel	Rachel	November 2010	Rachel	2
#F58AC1	6	396	8	Rachel	Rachel	December 2010	Rachel	2
#F58AC1	6	242	8	Rachel	Rachel	January 2011	Rachel	2
#F58AC1	6	1	8	Rachel	Rachel	March 2011	Rachel	2
#F58AC1	6	1443	8	Rachel	Rachel	April 2011	Rachel	2
#F58AC1	6	2996	8	Rachel	Rachel	May 2011	Rachel	2
#F58AC1	6	5381	8	Rachel	Rachel	June 2011	Rachel	2
#F58AC1	6	4187	8	Rachel	Rachel	July 2011	Rachel	2
#F58AC1	6	4433	8	Rachel	Rachel	August 2011	Rachel	2
#F58AC1	6	4834	8	Rachel	Rachel	September 2011	Rachel	2
#F58AC1	6	75	8	Rachel	Rachel	January 2012	Rachel	2
#F58AC1	6	2138	8	Rachel	Rachel	April 2012	Rachel	2
#F58AC1	6	4633	8	Rachel	Rachel	May 2012	Rachel	2
#F58AC1	6	5269	8	Rachel	Rachel	June 2012	Rachel	2
#F58AC1	6	5610	8	Rachel	Rachel	July 2012	Rachel	2
#F58AC1	6	4604	8	Rachel	Rachel	August 2012	Rachel	2
#F58AC1	6	4732	8	Rachel	Rachel	September 2012	Rachel	2
#F58AC1	6	1775	8	Rachel	Rachel	October 2012	Rachel	2
#F58AC1	6	47	8	Rachel	Rachel	January 2013	Rachel	2
#F58AC1	6	379	8	Rachel	Rachel	February 2013	Rachel	2
#F58AC1	6	539	8	Rachel	Rachel	March 2013	Rachel	2
#F58AC1	6	1263	8	Rachel	Rachel	April 2013	Rachel	2
#F58AC1	6	6253	8	Rachel	Rachel	May 2013	Rachel	2
#F58AC1	6	3688	8	Rachel	Rachel	June 2013	Rachel	2
#F58AC1	6	5300	8	Rachel	Rachel	July 2013	Rachel	2
#F58AC1	6	6434	8	Rachel	Rachel	August 2013	Rachel	2
#F58AC1	6	5780	8	Rachel	Rachel	September 2013	Rachel	2
#F58AC1	7	2419	8	Rachel	Rachel	October 2010	Rachel	2
#F58AC1	7	1432	8	Rachel	Rachel	November 2010	Rachel	2
#F58AC1	7	215	8	Rachel	Rachel	January 2011	Rachel	2
#F58AC1	7	1725	8	Rachel	Rachel	April 2011	Rachel	2
#F58AC1	7	3269	8	Rachel	Rachel	May 2011	Rachel	2
#F58AC1	7	5065	8	Rachel	Rachel	June 2011	Rachel	2
#F58AC1	7	5524	8	Rachel	Rachel	July 2011	Rachel	2
#F58AC1	7	3134	8	Rachel	Rachel	August 2011	Rachel	2
#F58AC1	7	4192	8	Rachel	Rachel	September 2011	Rachel	2
#F58AC1	7	54	8	Rachel	Rachel	January 2012	Rachel	2
#F58AC1	7	1566	8	Rachel	Rachel	April 2012	Rachel	2
#F58AC1	7	5253	8	Rachel	Rachel	May 2012	Rachel	2
#F58AC1	7	5724	8	Rachel	Rachel	June 2012	Rachel	2
#F58AC1	7	4939	8	Rachel	Rachel	July 2012	Rachel	2
#F58AC1	7	4903	8	Rachel	Rachel	August 2012	Rachel	2
#F58AC1	7	6104	8	Rachel	Rachel	September 2012	Rachel	2
#F58AC1	7	2052	8	Rachel	Rachel	October 2012	Rachel	2
#F58AC1	7	200	8	Rachel	Rachel	January 2013	Rachel	2
#F58AC1	7	328	8	Rachel	Rachel	February 2013	Rachel	2
#F58AC1	7	562	8	Rachel	Rachel	March 2013	Rachel	2
#F58AC1	7	936	8	Rachel	Rachel	April 2013	Rachel	2
#F58AC1	7	6642	8	Rachel	Rachel	May 2013	Rachel	2
#F58AC1	7	2680	8	Rachel	Rachel	June 2013	Rachel	2
#F58AC1	7	4518	8	Rachel	Rachel	July 2013	Rachel	2
#F58AC1	7	5408	8	Rachel	Rachel	August 2013	Rachel	2
#F58AC1	7	3215	8	Rachel	Rachel	September 2013	Rachel	2
#F58AC1	8	2217	8	Rachel	Rachel	October 2010	Rachel	2
#F58AC1	8	1449	8	Rachel	Rachel	November 2010	Rachel	2
#F58AC1	8	2	8	Rachel	Rachel	December 2010	Rachel	2
#F58AC1	8	148	8	Rachel	Rachel	January 2011	Rachel	2
#F58AC1	8	20	8	Rachel	Rachel	March 2011	Rachel	2
#F58AC1	8	2083	8	Rachel	Rachel	April 2011	Rachel	2
#F58AC1	8	4059	8	Rachel	Rachel	May 2011	Rachel	2
#F58AC1	8	4557	8	Rachel	Rachel	June 2011	Rachel	2
#F58AC1	8	5037	8	Rachel	Rachel	July 2011	Rachel	2
#F58AC1	8	5427	8	Rachel	Rachel	August 2011	Rachel	2
#F58AC1	8	5453	8	Rachel	Rachel	September 2011	Rachel	2
#F58AC1	8	63	8	Rachel	Rachel	January 2012	Rachel	2
#F58AC1	8	1	8	Rachel	Rachel	February 2012	Rachel	2
#F58AC1	8	9	8	Rachel	Rachel	March 2012	Rachel	2
#F58AC1	8	1533	8	Rachel	Rachel	April 2012	Rachel	2
#F58AC1	8	1383	8	Rachel	Rachel	May 2012	Rachel	2
#F58AC1	8	4474	8	Rachel	Rachel	June 2012	Rachel	2
#F58AC1	8	5535	8	Rachel	Rachel	July 2012	Rachel	2
#F58AC1	8	4771	8	Rachel	Rachel	August 2012	Rachel	2
#F58AC1	8	2626	8	Rachel	Rachel	September 2012	Rachel	2
#F58AC1	8	2502	8	Rachel	Rachel	October 2012	Rachel	2
#F58AC1	8	335	8	Rachel	Rachel	January 2013	Rachel	2
#F58AC1	8	138	8	Rachel	Rachel	February 2013	Rachel	2
#F58AC1	8	621	8	Rachel	Rachel	March 2013	Rachel	2
#F58AC1	8	1412	8	Rachel	Rachel	April 2013	Rachel	2
#F58AC1	8	6683	8	Rachel	Rachel	May 2013	Rachel	2
#F58AC1	8	2320	8	Rachel	Rachel	June 2013	Rachel	2
#F58AC1	8	5803	8	Rachel	Rachel	July 2013	Rachel	2
#F58AC1	8	5206	8	Rachel	Rachel	August 2013	Rachel	2
#F58AC1	8	3971	8	Rachel	Rachel	September 2013	Rachel	2
#F58AC1	9	2277	8	Rachel	Rachel	October 2010	Rachel	2
#F58AC1	9	1922	8	Rachel	Rachel	November 2010	Rachel	2
#F58AC1	9	5	8	Rachel	Rachel	December 2010	Rachel	2
#F58AC1	9	121	8	Rachel	Rachel	January 2011	Rachel	2
#F58AC1	9	45	8	Rachel	Rachel	March 2011	Rachel	2
#F58AC1	9	2218	8	Rachel	Rachel	April 2011	Rachel	2
#F58AC1	9	4691	8	Rachel	Rachel	May 2011	Rachel	2
#F58AC1	9	4380	8	Rachel	Rachel	June 2011	Rachel	2
#F58AC1	9	4212	8	Rachel	Rachel	July 2011	Rachel	2
#F58AC1	9	5009	8	Rachel	Rachel	August 2011	Rachel	2
#F58AC1	9	5862	8	Rachel	Rachel	September 2011	Rachel	2
#F58AC1	9	173	8	Rachel	Rachel	January 2012	Rachel	2
#F58AC1	9	38	8	Rachel	Rachel	March 2012	Rachel	2
#F58AC1	9	1001	8	Rachel	Rachel	April 2012	Rachel	2
#F58AC1	9	3129	8	Rachel	Rachel	May 2012	Rachel	2
#F58AC1	9	6026	8	Rachel	Rachel	June 2012	Rachel	2
#F58AC1	9	4987	8	Rachel	Rachel	July 2012	Rachel	2
#F58AC1	9	3636	8	Rachel	Rachel	August 2012	Rachel	2
#F58AC1	9	4355	8	Rachel	Rachel	September 2012	Rachel	2
#F58AC1	9	4078	8	Rachel	Rachel	October 2012	Rachel	2
#F58AC1	9	366	8	Rachel	Rachel	January 2013	Rachel	2
#F58AC1	9	113	8	Rachel	Rachel	February 2013	Rachel	2
#F58AC1	9	671	8	Rachel	Rachel	March 2013	Rachel	2
#F58AC1	9	1435	8	Rachel	Rachel	April 2013	Rachel	2
#F58AC1	9	4687	8	Rachel	Rachel	May 2013	Rachel	2
#F58AC1	9	5220	8	Rachel	Rachel	June 2013	Rachel	2
#F58AC1	9	6663	8	Rachel	Rachel	July 2013	Rachel	2
#F58AC1	9	4698	8	Rachel	Rachel	August 2013	Rachel	2
#F58AC1	9	5494	8	Rachel	Rachel	September 2013	Rachel	2
#F58AC1	10	1802	8	Rachel	Rachel	October 2010	Rachel	2
#F58AC1	10	2119	8	Rachel	Rachel	November 2010	Rachel	2
#F58AC1	10	1	8	Rachel	Rachel	December 2010	Rachel	2
#F58AC1	10	190	8	Rachel	Rachel	January 2011	Rachel	2
#F58AC1	10	1	8	Rachel	Rachel	March 2011	Rachel	2
#F58AC1	10	1854	8	Rachel	Rachel	April 2011	Rachel	2
#F58AC1	10	4935	8	Rachel	Rachel	May 2011	Rachel	2
#F58AC1	10	5246	8	Rachel	Rachel	June 2011	Rachel	2
#F58AC1	10	4164	8	Rachel	Rachel	July 2011	Rachel	2
#F58AC1	10	3391	8	Rachel	Rachel	August 2011	Rachel	2
#F58AC1	10	4688	8	Rachel	Rachel	September 2011	Rachel	2
#F58AC1	10	241	8	Rachel	Rachel	January 2012	Rachel	2
#F58AC1	10	2	8	Rachel	Rachel	February 2012	Rachel	2
#F58AC1	10	58	8	Rachel	Rachel	March 2012	Rachel	2
#F58AC1	10	2108	8	Rachel	Rachel	April 2012	Rachel	2
#F58AC1	10	2437	8	Rachel	Rachel	May 2012	Rachel	2
#F58AC1	10	6170	8	Rachel	Rachel	June 2012	Rachel	2
#F58AC1	10	5952	8	Rachel	Rachel	July 2012	Rachel	2
#F58AC1	10	2456	8	Rachel	Rachel	August 2012	Rachel	2
#F58AC1	10	4984	8	Rachel	Rachel	September 2012	Rachel	2
#F58AC1	10	2703	8	Rachel	Rachel	October 2012	Rachel	2
#F58AC1	10	463	8	Rachel	Rachel	January 2013	Rachel	2
#F58AC1	10	146	8	Rachel	Rachel	February 2013	Rachel	2
#F58AC1	10	550	8	Rachel	Rachel	March 2013	Rachel	2
#F58AC1	10	773	8	Rachel	Rachel	April 2013	Rachel	2
#F58AC1	10	5308	8	Rachel	Rachel	May 2013	Rachel	2
#F58AC1	10	6284	8	Rachel	Rachel	June 2013	Rachel	2
#F58AC1	10	4540	8	Rachel	Rachel	July 2013	Rachel	2
#F58AC1	10	4692	8	Rachel	Rachel	August 2013	Rachel	2
#F58AC1	10	3264	8	Rachel	Rachel	September 2013	Rachel	2
#F58AC1	11	2352	8	Rachel	Rachel	October 2010	Rachel	2
#F58AC1	11	2380	8	Rachel	Rachel	November 2010	Rachel	2
#F58AC1	11	243	8	Rachel	Rachel	January 2011	Rachel	2
#F58AC1	11	85	8	Rachel	Rachel	February 2011	Rachel	2
#F58AC1	11	1139	8	Rachel	Rachel	April 2011	Rachel	2
#F58AC1	11	4742	8	Rachel	Rachel	May 2011	Rachel	2
#F58AC1	11	3388	8	Rachel	Rachel	June 2011	Rachel	2
#F58AC1	11	3684	8	Rachel	Rachel	July 2011	Rachel	2
#F58AC1	11	4650	8	Rachel	Rachel	August 2011	Rachel	2
#F58AC1	11	4958	8	Rachel	Rachel	September 2011	Rachel	2
#F58AC1	11	194	8	Rachel	Rachel	January 2012	Rachel	2
#F58AC1	11	285	8	Rachel	Rachel	March 2012	Rachel	2
#F58AC1	11	2311	8	Rachel	Rachel	April 2012	Rachel	2
#F58AC1	11	4499	8	Rachel	Rachel	May 2012	Rachel	2
#F58AC1	11	5721	8	Rachel	Rachel	June 2012	Rachel	2
#F58AC1	11	5474	8	Rachel	Rachel	July 2012	Rachel	2
#F58AC1	11	2608	8	Rachel	Rachel	August 2012	Rachel	2
#F58AC1	11	5451	8	Rachel	Rachel	September 2012	Rachel	2
#F58AC1	11	3457	8	Rachel	Rachel	October 2012	Rachel	2
#F58AC1	11	407	8	Rachel	Rachel	January 2013	Rachel	2
#F58AC1	11	274	8	Rachel	Rachel	February 2013	Rachel	2
#F58AC1	11	883	8	Rachel	Rachel	March 2013	Rachel	2
#F58AC1	11	1178	8	Rachel	Rachel	April 2013	Rachel	2
#F58AC1	11	2312	8	Rachel	Rachel	May 2013	Rachel	2
#F58AC1	11	1510	8	Rachel	Rachel	June 2013	Rachel	2
#F58AC1	11	6650	8	Rachel	Rachel	July 2013	Rachel	2
#F58AC1	11	5042	8	Rachel	Rachel	August 2013	Rachel	2
#F58AC1	11	5355	8	Rachel	Rachel	September 2013	Rachel	2
#F58AC1	12	2885	8	Rachel	Rachel	October 2010	Rachel	2
#F58AC1	12	2197	8	Rachel	Rachel	November 2010	Rachel	2
#F58AC1	12	1	8	Rachel	Rachel	December 2010	Rachel	2
#F58AC1	12	249	8	Rachel	Rachel	January 2011	Rachel	2
#F58AC1	12	15	8	Rachel	Rachel	February 2011	Rachel	2
#F58AC1	12	2453	8	Rachel	Rachel	April 2011	Rachel	2
#F58AC1	12	5058	8	Rachel	Rachel	May 2011	Rachel	2
#F58AC1	12	1488	8	Rachel	Rachel	June 2011	Rachel	2
#F58AC1	12	4804	8	Rachel	Rachel	July 2011	Rachel	2
#F58AC1	12	5163	8	Rachel	Rachel	August 2011	Rachel	2
#F58AC1	12	4385	8	Rachel	Rachel	September 2011	Rachel	2
#F58AC1	12	63	8	Rachel	Rachel	January 2012	Rachel	2
#F58AC1	12	548	8	Rachel	Rachel	March 2012	Rachel	2
#F58AC1	12	3213	8	Rachel	Rachel	April 2012	Rachel	2
#F58AC1	12	4855	8	Rachel	Rachel	May 2012	Rachel	2
#F58AC1	12	3030	8	Rachel	Rachel	June 2012	Rachel	2
#F58AC1	12	5140	8	Rachel	Rachel	July 2012	Rachel	2
#F58AC1	12	4178	8	Rachel	Rachel	August 2012	Rachel	2
#F58AC1	12	5697	8	Rachel	Rachel	September 2012	Rachel	2
#F58AC1	12	3224	8	Rachel	Rachel	October 2012	Rachel	2
#F58AC1	12	264	8	Rachel	Rachel	January 2013	Rachel	2
#F58AC1	12	392	8	Rachel	Rachel	February 2013	Rachel	2
#F58AC1	12	595	8	Rachel	Rachel	March 2013	Rachel	2
#F58AC1	12	1523	8	Rachel	Rachel	April 2013	Rachel	2
#F58AC1	12	2608	8	Rachel	Rachel	May 2013	Rachel	2
#F58AC1	12	5897	8	Rachel	Rachel	June 2013	Rachel	2
#F58AC1	12	6885	8	Rachel	Rachel	July 2013	Rachel	2
#F58AC1	12	5941	8	Rachel	Rachel	August 2013	Rachel	2
#F58AC1	12	3111	8	Rachel	Rachel	September 2013	Rachel	2
#F58AC1	13	3271	8	Rachel	Rachel	October 2010	Rachel	2
#F58AC1	13	1809	8	Rachel	Rachel	November 2010	Rachel	2
#F58AC1	13	45	8	Rachel	Rachel	December 2010	Rachel	2
#F58AC1	13	269	8	Rachel	Rachel	January 2011	Rachel	2
#F58AC1	13	1	8	Rachel	Rachel	February 2011	Rachel	2
#F58AC1	13	2	8	Rachel	Rachel	March 2011	Rachel	2
#F58AC1	13	1120	8	Rachel	Rachel	April 2011	Rachel	2
#F58AC1	13	4374	8	Rachel	Rachel	May 2011	Rachel	2
#F58AC1	13	2426	8	Rachel	Rachel	June 2011	Rachel	2
#F58AC1	13	4911	8	Rachel	Rachel	July 2011	Rachel	2
#F58AC1	13	4439	8	Rachel	Rachel	August 2011	Rachel	2
#F58AC1	13	4137	8	Rachel	Rachel	September 2011	Rachel	2
#F58AC1	13	325	8	Rachel	Rachel	March 2012	Rachel	2
#F58AC1	13	3728	8	Rachel	Rachel	April 2012	Rachel	2
#F58AC1	13	3496	8	Rachel	Rachel	May 2012	Rachel	2
#F58AC1	13	5887	8	Rachel	Rachel	June 2012	Rachel	2
#F58AC1	13	5185	8	Rachel	Rachel	July 2012	Rachel	2
#F58AC1	13	4842	8	Rachel	Rachel	August 2012	Rachel	2
#F58AC1	13	5742	8	Rachel	Rachel	September 2012	Rachel	2
#F58AC1	13	2309	8	Rachel	Rachel	October 2012	Rachel	2
#F58AC1	13	215	8	Rachel	Rachel	January 2013	Rachel	2
#F58AC1	13	441	8	Rachel	Rachel	February 2013	Rachel	2
#F58AC1	13	946	8	Rachel	Rachel	March 2013	Rachel	2
#F58AC1	13	1602	8	Rachel	Rachel	April 2013	Rachel	2
#F58AC1	13	2974	8	Rachel	Rachel	May 2013	Rachel	2
#F58AC1	13	6430	8	Rachel	Rachel	June 2013	Rachel	2
#F58AC1	13	5551	8	Rachel	Rachel	July 2013	Rachel	2
#F58AC1	13	4011	8	Rachel	Rachel	August 2013	Rachel	2
#F58AC1	13	4085	8	Rachel	Rachel	September 2013	Rachel	2
#F58AC1	14	2600	8	Rachel	Rachel	October 2010	Rachel	2
#F58AC1	14	1509	8	Rachel	Rachel	November 2010	Rachel	2
#F58AC1	14	2	8	Rachel	Rachel	December 2010	Rachel	2
#F58AC1	14	246	8	Rachel	Rachel	January 2011	Rachel	2
#F58AC1	14	3	8	Rachel	Rachel	February 2011	Rachel	2
#F58AC1	14	11	8	Rachel	Rachel	March 2011	Rachel	2
#F58AC1	14	2033	8	Rachel	Rachel	April 2011	Rachel	2
#F58AC1	14	945	8	Rachel	Rachel	May 2011	Rachel	2
#F58AC1	14	5201	8	Rachel	Rachel	June 2011	Rachel	2
#F58AC1	14	5445	8	Rachel	Rachel	July 2011	Rachel	2
#F58AC1	14	3646	8	Rachel	Rachel	August 2011	Rachel	2
#F58AC1	14	4953	8	Rachel	Rachel	September 2011	Rachel	2
#F58AC1	14	1	8	Rachel	Rachel	January 2012	Rachel	2
#F58AC1	14	1	8	Rachel	Rachel	February 2012	Rachel	2
#F58AC1	14	336	8	Rachel	Rachel	March 2012	Rachel	2
#F58AC1	14	3428	8	Rachel	Rachel	April 2012	Rachel	2
#F58AC1	14	5775	8	Rachel	Rachel	May 2012	Rachel	2
#F58AC1	14	6243	8	Rachel	Rachel	June 2012	Rachel	2
#F58AC1	14	4252	8	Rachel	Rachel	July 2012	Rachel	2
#F58AC1	14	4362	8	Rachel	Rachel	August 2012	Rachel	2
#F58AC1	14	4918	8	Rachel	Rachel	September 2012	Rachel	2
#F58AC1	14	952	8	Rachel	Rachel	October 2012	Rachel	2
#F58AC1	14	565	8	Rachel	Rachel	January 2013	Rachel	2
#F58AC1	14	472	8	Rachel	Rachel	February 2013	Rachel	2
#F58AC1	14	647	8	Rachel	Rachel	March 2013	Rachel	2
#F58AC1	14	1332	8	Rachel	Rachel	April 2013	Rachel	2
#F58AC1	14	4946	8	Rachel	Rachel	May 2013	Rachel	2
#F58AC1	14	6434	8	Rachel	Rachel	June 2013	Rachel	2
#F58AC1	14	4862	8	Rachel	Rachel	July 2013	Rachel	2
#F58AC1	14	4546	8	Rachel	Rachel	August 2013	Rachel	2
#F58AC1	14	3277	8	Rachel	Rachel	September 2013	Rachel	2
#F58AC1	15	786	8	Rachel	Rachel	October 2010	Rachel	2
#F58AC1	15	2004	8	Rachel	Rachel	November 2010	Rachel	2
#F58AC1	15	68	8	Rachel	Rachel	December 2010	Rachel	2
#F58AC1	15	90	8	Rachel	Rachel	January 2011	Rachel	2
#F58AC1	15	8	8	Rachel	Rachel	February 2011	Rachel	2
#F58AC1	15	28	8	Rachel	Rachel	March 2011	Rachel	2
#F58AC1	15	1973	8	Rachel	Rachel	April 2011	Rachel	2
#F58AC1	15	1033	8	Rachel	Rachel	May 2011	Rachel	2
#F58AC1	15	5520	8	Rachel	Rachel	June 2011	Rachel	2
#F58AC1	15	5298	8	Rachel	Rachel	July 2011	Rachel	2
#F58AC1	15	4371	8	Rachel	Rachel	August 2011	Rachel	2
#F58AC1	15	2475	8	Rachel	Rachel	September 2011	Rachel	2
#F58AC1	15	1	8	Rachel	Rachel	February 2012	Rachel	2
#F58AC1	15	565	8	Rachel	Rachel	March 2012	Rachel	2
#F58AC1	15	3604	8	Rachel	Rachel	April 2012	Rachel	2
#F58AC1	15	3765	8	Rachel	Rachel	May 2012	Rachel	2
#F58AC1	15	6491	8	Rachel	Rachel	June 2012	Rachel	2
#F58AC1	15	3545	8	Rachel	Rachel	July 2012	Rachel	2
#F58AC1	15	3877	8	Rachel	Rachel	August 2012	Rachel	2
#F58AC1	15	3426	8	Rachel	Rachel	September 2012	Rachel	2
#F58AC1	15	3183	8	Rachel	Rachel	October 2012	Rachel	2
#F58AC1	15	658	8	Rachel	Rachel	January 2013	Rachel	2
#F58AC1	15	373	8	Rachel	Rachel	February 2013	Rachel	2
#F58AC1	15	651	8	Rachel	Rachel	March 2013	Rachel	2
#F58AC1	15	2359	8	Rachel	Rachel	April 2013	Rachel	2
#F58AC1	15	3962	8	Rachel	Rachel	May 2013	Rachel	2
#F58AC1	15	6093	8	Rachel	Rachel	June 2013	Rachel	2
#F58AC1	15	5594	8	Rachel	Rachel	July 2013	Rachel	2
#F58AC1	15	6040	8	Rachel	Rachel	August 2013	Rachel	2
#F58AC1	15	3623	8	Rachel	Rachel	September 2013	Rachel	2
#F58AC1	16	1804	8	Rachel	Rachel	October 2010	Rachel	2
#F58AC1	16	2269	8	Rachel	Rachel	November 2010	Rachel	2
#F58AC1	16	99	8	Rachel	Rachel	December 2010	Rachel	2
#F58AC1	16	2	8	Rachel	Rachel	January 2011	Rachel	2
#F58AC1	16	56	8	Rachel	Rachel	February 2011	Rachel	2
#F58AC1	16	71	8	Rachel	Rachel	March 2011	Rachel	2
#F58AC1	16	742	8	Rachel	Rachel	April 2011	Rachel	2
#F58AC1	16	884	8	Rachel	Rachel	May 2011	Rachel	2
#F58AC1	16	5248	8	Rachel	Rachel	June 2011	Rachel	2
#F58AC1	16	4637	8	Rachel	Rachel	July 2011	Rachel	2
#F58AC1	16	5237	8	Rachel	Rachel	August 2011	Rachel	2
#F58AC1	16	4397	8	Rachel	Rachel	September 2011	Rachel	2
#F58AC1	16	422	8	Rachel	Rachel	March 2012	Rachel	2
#F58AC1	16	3616	8	Rachel	Rachel	April 2012	Rachel	2
#F58AC1	16	4348	8	Rachel	Rachel	May 2012	Rachel	2
#F58AC1	16	5537	8	Rachel	Rachel	June 2012	Rachel	2
#F58AC1	16	4379	8	Rachel	Rachel	July 2012	Rachel	2
#F58AC1	16	4943	8	Rachel	Rachel	August 2012	Rachel	2
#F58AC1	16	3696	8	Rachel	Rachel	September 2012	Rachel	2
#F58AC1	16	3593	8	Rachel	Rachel	October 2012	Rachel	2
#F58AC1	16	553	8	Rachel	Rachel	January 2013	Rachel	2
#F58AC1	16	252	8	Rachel	Rachel	February 2013	Rachel	2
#F58AC1	16	420	8	Rachel	Rachel	March 2013	Rachel	2
#F58AC1	16	2696	8	Rachel	Rachel	April 2013	Rachel	2
#F58AC1	16	4903	8	Rachel	Rachel	May 2013	Rachel	2
#F58AC1	16	1875	8	Rachel	Rachel	June 2013	Rachel	2
#F58AC1	16	5922	8	Rachel	Rachel	July 2013	Rachel	2
#F58AC1	16	5558	8	Rachel	Rachel	August 2013	Rachel	2
#F58AC1	16	4307	8	Rachel	Rachel	September 2013	Rachel	2
#F58AC1	17	2307	8	Rachel	Rachel	October 2010	Rachel	2
#F58AC1	17	954	8	Rachel	Rachel	November 2010	Rachel	2
#F58AC1	17	88	8	Rachel	Rachel	December 2010	Rachel	2
#F58AC1	17	8	8	Rachel	Rachel	January 2011	Rachel	2
#F58AC1	17	144	8	Rachel	Rachel	February 2011	Rachel	2
#F58AC1	17	341	8	Rachel	Rachel	March 2011	Rachel	2
#F58AC1	17	794	8	Rachel	Rachel	April 2011	Rachel	2
#F58AC1	17	1983	8	Rachel	Rachel	May 2011	Rachel	2
#F58AC1	17	5600	8	Rachel	Rachel	June 2011	Rachel	2
#F58AC1	17	4072	8	Rachel	Rachel	July 2011	Rachel	2
#F58AC1	17	5894	8	Rachel	Rachel	August 2011	Rachel	2
#F58AC1	17	3792	8	Rachel	Rachel	September 2011	Rachel	2
#F58AC1	17	1	8	Rachel	Rachel	February 2012	Rachel	2
#F58AC1	17	1008	8	Rachel	Rachel	March 2012	Rachel	2
#F58AC1	17	3333	8	Rachel	Rachel	April 2012	Rachel	2
#F58AC1	17	4988	8	Rachel	Rachel	May 2012	Rachel	2
#F58AC1	17	5128	8	Rachel	Rachel	June 2012	Rachel	2
#F58AC1	17	2641	8	Rachel	Rachel	July 2012	Rachel	2
#F58AC1	17	4154	8	Rachel	Rachel	August 2012	Rachel	2
#F58AC1	17	4788	8	Rachel	Rachel	September 2012	Rachel	2
#F58AC1	17	3834	8	Rachel	Rachel	October 2012	Rachel	2
#F58AC1	17	423	8	Rachel	Rachel	January 2013	Rachel	2
#F58AC1	17	184	8	Rachel	Rachel	February 2013	Rachel	2
#F58AC1	17	430	8	Rachel	Rachel	March 2013	Rachel	2
#F58AC1	17	2479	8	Rachel	Rachel	April 2013	Rachel	2
#F58AC1	17	5518	8	Rachel	Rachel	May 2013	Rachel	2
#F58AC1	17	4384	8	Rachel	Rachel	June 2013	Rachel	2
#F58AC1	17	4790	8	Rachel	Rachel	July 2013	Rachel	2
#F58AC1	17	5281	8	Rachel	Rachel	August 2013	Rachel	2
#F58AC1	17	5332	8	Rachel	Rachel	September 2013	Rachel	2
#F58AC1	18	2487	8	Rachel	Rachel	October 2010	Rachel	2
#F58AC1	18	1817	8	Rachel	Rachel	November 2010	Rachel	2
#F58AC1	18	29	8	Rachel	Rachel	December 2010	Rachel	2
#F58AC1	18	8	8	Rachel	Rachel	January 2011	Rachel	2
#F58AC1	18	214	8	Rachel	Rachel	February 2011	Rachel	2
#F58AC1	18	470	8	Rachel	Rachel	March 2011	Rachel	2
#F58AC1	18	1656	8	Rachel	Rachel	April 2011	Rachel	2
#F58AC1	18	2775	8	Rachel	Rachel	May 2011	Rachel	2
#F58AC1	18	5613	8	Rachel	Rachel	June 2011	Rachel	2
#F58AC1	18	3924	8	Rachel	Rachel	July 2011	Rachel	2
#F58AC1	18	4800	8	Rachel	Rachel	August 2011	Rachel	2
#F58AC1	18	4035	8	Rachel	Rachel	September 2011	Rachel	2
#F58AC1	18	2477	8	Rachel	Rachel	March 2012	Rachel	2
#F58AC1	18	3542	8	Rachel	Rachel	April 2012	Rachel	2
#F58AC1	18	5273	8	Rachel	Rachel	May 2012	Rachel	2
#F58AC1	18	5496	8	Rachel	Rachel	June 2012	Rachel	2
#F58AC1	18	5884	8	Rachel	Rachel	July 2012	Rachel	2
#F58AC1	18	4359	8	Rachel	Rachel	August 2012	Rachel	2
#F58AC1	18	2377	8	Rachel	Rachel	September 2012	Rachel	2
#F58AC1	18	4245	8	Rachel	Rachel	October 2012	Rachel	2
#F58AC1	18	315	8	Rachel	Rachel	January 2013	Rachel	2
#F58AC1	18	359	8	Rachel	Rachel	February 2013	Rachel	2
#F58AC1	18	703	8	Rachel	Rachel	March 2013	Rachel	2
#F58AC1	18	2694	8	Rachel	Rachel	April 2013	Rachel	2
#F58AC1	18	5141	8	Rachel	Rachel	May 2013	Rachel	2
#F58AC1	18	6181	8	Rachel	Rachel	June 2013	Rachel	2
#F58AC1	18	4853	8	Rachel	Rachel	July 2013	Rachel	2
#F58AC1	18	5345	8	Rachel	Rachel	August 2013	Rachel	2
#F58AC1	18	1511	8	Rachel	Rachel	September 2013	Rachel	2
#F58AC1	19	2770	8	Rachel	Rachel	October 2010	Rachel	2
#F58AC1	19	1685	8	Rachel	Rachel	November 2010	Rachel	2
#F58AC1	19	32	8	Rachel	Rachel	December 2010	Rachel	2
#F58AC1	19	2	8	Rachel	Rachel	January 2011	Rachel	2
#F58AC1	19	96	8	Rachel	Rachel	February 2011	Rachel	2
#F58AC1	19	480	8	Rachel	Rachel	March 2011	Rachel	2
#F58AC1	19	2554	8	Rachel	Rachel	April 2011	Rachel	2
#F58AC1	19	3246	8	Rachel	Rachel	May 2011	Rachel	2
#F58AC1	19	5219	8	Rachel	Rachel	June 2011	Rachel	2
#F58AC1	19	5475	8	Rachel	Rachel	July 2011	Rachel	2
#F58AC1	19	5648	8	Rachel	Rachel	August 2011	Rachel	2
#F58AC1	19	5116	8	Rachel	Rachel	September 2011	Rachel	2
#F58AC1	19	2	8	Rachel	Rachel	February 2012	Rachel	2
#F58AC1	19	2058	8	Rachel	Rachel	March 2012	Rachel	2
#F58AC1	19	3929	8	Rachel	Rachel	April 2012	Rachel	2
#F58AC1	19	5293	8	Rachel	Rachel	May 2012	Rachel	2
#F58AC1	19	5015	8	Rachel	Rachel	June 2012	Rachel	2
#F58AC1	19	5665	8	Rachel	Rachel	July 2012	Rachel	2
#F58AC1	19	4478	8	Rachel	Rachel	August 2012	Rachel	2
#F58AC1	19	4189	8	Rachel	Rachel	September 2012	Rachel	2
#F58AC1	19	1486	8	Rachel	Rachel	October 2012	Rachel	2
#F58AC1	19	91	8	Rachel	Rachel	January 2013	Rachel	2
#F58AC1	19	437	8	Rachel	Rachel	February 2013	Rachel	2
#F58AC1	19	101	8	Rachel	Rachel	March 2013	Rachel	2
#F58AC1	19	2366	8	Rachel	Rachel	April 2013	Rachel	2
#F58AC1	19	3309	8	Rachel	Rachel	May 2013	Rachel	2
#F58AC1	19	6661	8	Rachel	Rachel	June 2013	Rachel	2
#F58AC1	19	2956	8	Rachel	Rachel	July 2013	Rachel	2
#F58AC1	19	5947	8	Rachel	Rachel	August 2013	Rachel	2
#F58AC1	20	2937	8	Rachel	Rachel	October 2010	Rachel	2
#F58AC1	20	980	8	Rachel	Rachel	November 2010	Rachel	2
#F58AC1	20	89	8	Rachel	Rachel	December 2010	Rachel	2
#F58AC1	20	4	8	Rachel	Rachel	January 2011	Rachel	2
#F58AC1	20	128	8	Rachel	Rachel	February 2011	Rachel	2
#F58AC1	20	570	8	Rachel	Rachel	March 2011	Rachel	2
#F58AC1	20	530	8	Rachel	Rachel	April 2011	Rachel	2
#F58AC1	20	3851	8	Rachel	Rachel	May 2011	Rachel	2
#F58AC1	20	6212	8	Rachel	Rachel	June 2011	Rachel	2
#F58AC1	20	5182	8	Rachel	Rachel	July 2011	Rachel	2
#F58AC1	20	4415	8	Rachel	Rachel	August 2011	Rachel	2
#F58AC1	20	3441	8	Rachel	Rachel	September 2011	Rachel	2
#F58AC1	20	1	8	Rachel	Rachel	January 2012	Rachel	2
#F58AC1	20	10	8	Rachel	Rachel	February 2012	Rachel	2
#F58AC1	20	2609	8	Rachel	Rachel	March 2012	Rachel	2
#F58AC1	20	2065	8	Rachel	Rachel	April 2012	Rachel	2
#F58AC1	20	5539	8	Rachel	Rachel	May 2012	Rachel	2
#F58AC1	20	4852	8	Rachel	Rachel	June 2012	Rachel	2
#F58AC1	20	5775	8	Rachel	Rachel	July 2012	Rachel	2
#F58AC1	20	5201	8	Rachel	Rachel	August 2012	Rachel	2
#F58AC1	20	5119	8	Rachel	Rachel	September 2012	Rachel	2
#F58AC1	20	2243	8	Rachel	Rachel	October 2012	Rachel	2
#F58AC1	20	74	8	Rachel	Rachel	January 2013	Rachel	2
#F58AC1	20	174	8	Rachel	Rachel	February 2013	Rachel	2
#F58AC1	20	235	8	Rachel	Rachel	March 2013	Rachel	2
#F58AC1	20	1802	8	Rachel	Rachel	April 2013	Rachel	2
#F58AC1	20	3843	8	Rachel	Rachel	May 2013	Rachel	2
#F58AC1	20	6490	8	Rachel	Rachel	June 2013	Rachel	2
#F58AC1	20	4518	8	Rachel	Rachel	July 2013	Rachel	2
#F58AC1	20	6015	8	Rachel	Rachel	August 2013	Rachel	2
#F58AC1	21	1369	8	Rachel	Rachel	October 2010	Rachel	2
#F58AC1	21	921	8	Rachel	Rachel	November 2010	Rachel	2
#F58AC1	21	99	8	Rachel	Rachel	December 2010	Rachel	2
#F58AC1	21	5	8	Rachel	Rachel	January 2011	Rachel	2
#F58AC1	21	149	8	Rachel	Rachel	February 2011	Rachel	2
#F58AC1	21	243	8	Rachel	Rachel	March 2011	Rachel	2
#F58AC1	21	1582	8	Rachel	Rachel	April 2011	Rachel	2
#F58AC1	21	5090	8	Rachel	Rachel	May 2011	Rachel	2
#F58AC1	21	6393	8	Rachel	Rachel	June 2011	Rachel	2
#F58AC1	21	3774	8	Rachel	Rachel	July 2011	Rachel	2
#F58AC1	21	1471	8	Rachel	Rachel	August 2011	Rachel	2
#F58AC1	21	5502	8	Rachel	Rachel	September 2011	Rachel	2
#F58AC1	21	6	8	Rachel	Rachel	February 2012	Rachel	2
#F58AC1	21	2846	8	Rachel	Rachel	March 2012	Rachel	2
#F58AC1	21	755	8	Rachel	Rachel	April 2012	Rachel	2
#F58AC1	21	5053	8	Rachel	Rachel	May 2012	Rachel	2
#F58AC1	21	4957	8	Rachel	Rachel	June 2012	Rachel	2
#F58AC1	21	4848	8	Rachel	Rachel	July 2012	Rachel	2
#F58AC1	21	5640	8	Rachel	Rachel	August 2012	Rachel	2
#F58AC1	21	3886	8	Rachel	Rachel	September 2012	Rachel	2
#F58AC1	21	1648	8	Rachel	Rachel	October 2012	Rachel	2
#F58AC1	21	235	8	Rachel	Rachel	January 2013	Rachel	2
#F58AC1	21	200	8	Rachel	Rachel	February 2013	Rachel	2
#F58AC1	21	422	8	Rachel	Rachel	March 2013	Rachel	2
#F58AC1	21	1776	8	Rachel	Rachel	April 2013	Rachel	2
#F58AC1	21	3367	8	Rachel	Rachel	May 2013	Rachel	2
#F58AC1	21	6486	8	Rachel	Rachel	June 2013	Rachel	2
#F58AC1	21	5603	8	Rachel	Rachel	July 2013	Rachel	2
#F58AC1	21	6074	8	Rachel	Rachel	August 2013	Rachel	2
#F58AC1	22	2225	8	Rachel	Rachel	October 2010	Rachel	2
#F58AC1	22	895	8	Rachel	Rachel	November 2010	Rachel	2
#F58AC1	22	81	8	Rachel	Rachel	December 2010	Rachel	2
#F58AC1	22	210	8	Rachel	Rachel	February 2011	Rachel	2
#F58AC1	22	321	8	Rachel	Rachel	March 2011	Rachel	2
#F58AC1	22	2519	8	Rachel	Rachel	April 2011	Rachel	2
#F58AC1	22	3440	8	Rachel	Rachel	May 2011	Rachel	2
#F58AC1	22	5175	8	Rachel	Rachel	June 2011	Rachel	2
#F58AC1	22	4326	8	Rachel	Rachel	July 2011	Rachel	2
#F58AC1	22	4088	8	Rachel	Rachel	August 2011	Rachel	2
#F58AC1	22	4213	8	Rachel	Rachel	September 2011	Rachel	2
#F58AC1	22	3	8	Rachel	Rachel	February 2012	Rachel	2
#F58AC1	22	2254	8	Rachel	Rachel	March 2012	Rachel	2
#F58AC1	22	1779	8	Rachel	Rachel	April 2012	Rachel	2
#F58AC1	22	2069	8	Rachel	Rachel	May 2012	Rachel	2
#F58AC1	22	5263	8	Rachel	Rachel	June 2012	Rachel	2
#F58AC1	22	4787	8	Rachel	Rachel	July 2012	Rachel	2
#F58AC1	22	5154	8	Rachel	Rachel	August 2012	Rachel	2
#F58AC1	22	1974	8	Rachel	Rachel	September 2012	Rachel	2
#F58AC1	22	3721	8	Rachel	Rachel	October 2012	Rachel	2
#F58AC1	22	257	8	Rachel	Rachel	January 2013	Rachel	2
#F58AC1	22	330	8	Rachel	Rachel	February 2013	Rachel	2
#F58AC1	22	451	8	Rachel	Rachel	March 2013	Rachel	2
#F58AC1	22	1242	8	Rachel	Rachel	April 2013	Rachel	2
#F58AC1	22	4555	8	Rachel	Rachel	May 2013	Rachel	2
#F58AC1	22	1834	8	Rachel	Rachel	June 2013	Rachel	2
#F58AC1	22	6234	8	Rachel	Rachel	July 2013	Rachel	2
#F58AC1	22	3029	8	Rachel	Rachel	August 2013	Rachel	2
#F58AC1	23	2055	8	Rachel	Rachel	October 2010	Rachel	2
#F58AC1	23	1141	8	Rachel	Rachel	November 2010	Rachel	2
#F58AC1	23	57	8	Rachel	Rachel	December 2010	Rachel	2
#F58AC1	23	264	8	Rachel	Rachel	February 2011	Rachel	2
#F58AC1	23	523	8	Rachel	Rachel	March 2011	Rachel	2
#F58AC1	23	815	8	Rachel	Rachel	April 2011	Rachel	2
#F58AC1	23	3151	8	Rachel	Rachel	May 2011	Rachel	2
#F58AC1	23	2375	8	Rachel	Rachel	June 2011	Rachel	2
#F58AC1	23	4275	8	Rachel	Rachel	July 2011	Rachel	2
#F58AC1	23	5363	8	Rachel	Rachel	August 2011	Rachel	2
#F58AC1	23	5386	8	Rachel	Rachel	September 2011	Rachel	2
#F58AC1	23	13	8	Rachel	Rachel	February 2012	Rachel	2
#F58AC1	23	2325	8	Rachel	Rachel	March 2012	Rachel	2
#F58AC1	23	846	8	Rachel	Rachel	April 2012	Rachel	2
#F58AC1	23	4798	8	Rachel	Rachel	May 2012	Rachel	2
#F58AC1	23	4824	8	Rachel	Rachel	June 2012	Rachel	2
#F58AC1	23	3475	8	Rachel	Rachel	July 2012	Rachel	2
#F58AC1	23	5010	8	Rachel	Rachel	August 2012	Rachel	2
#F58AC1	23	3321	8	Rachel	Rachel	September 2012	Rachel	2
#F58AC1	23	3554	8	Rachel	Rachel	October 2012	Rachel	2
#F58AC1	23	163	8	Rachel	Rachel	January 2013	Rachel	2
#F58AC1	23	131	8	Rachel	Rachel	February 2013	Rachel	2
#F58AC1	23	326	8	Rachel	Rachel	March 2013	Rachel	2
#F58AC1	23	2339	8	Rachel	Rachel	April 2013	Rachel	2
#F58AC1	23	3337	8	Rachel	Rachel	May 2013	Rachel	2
#F58AC1	23	3846	8	Rachel	Rachel	June 2013	Rachel	2
#F58AC1	23	4166	8	Rachel	Rachel	July 2013	Rachel	2
#F58AC1	23	5793	8	Rachel	Rachel	August 2013	Rachel	2
#F58AC1	24	1297	8	Rachel	Rachel	October 2010	Rachel	2
#F58AC1	24	1462	8	Rachel	Rachel	November 2010	Rachel	2
#F58AC1	24	59	8	Rachel	Rachel	December 2010	Rachel	2
#F58AC1	24	7	8	Rachel	Rachel	January 2011	Rachel	2
#F58AC1	24	295	8	Rachel	Rachel	February 2011	Rachel	2
#F58AC1	24	432	8	Rachel	Rachel	March 2011	Rachel	2
#F58AC1	24	1982	8	Rachel	Rachel	April 2011	Rachel	2
#F58AC1	24	3843	8	Rachel	Rachel	May 2011	Rachel	2
#F58AC1	24	1452	8	Rachel	Rachel	June 2011	Rachel	2
#F58AC1	24	4686	8	Rachel	Rachel	July 2011	Rachel	2
#F58AC1	24	5405	8	Rachel	Rachel	August 2011	Rachel	2
#F58AC1	24	3675	8	Rachel	Rachel	September 2011	Rachel	2
#F58AC1	24	13	8	Rachel	Rachel	February 2012	Rachel	2
#F58AC1	24	1035	8	Rachel	Rachel	March 2012	Rachel	2
#F58AC1	24	1753	8	Rachel	Rachel	April 2012	Rachel	2
#F58AC1	24	5209	8	Rachel	Rachel	May 2012	Rachel	2
#F58AC1	24	4581	8	Rachel	Rachel	June 2012	Rachel	2
#F58AC1	24	4694	8	Rachel	Rachel	July 2012	Rachel	2
#F58AC1	24	5299	8	Rachel	Rachel	August 2012	Rachel	2
#F58AC1	24	4683	8	Rachel	Rachel	September 2012	Rachel	2
#F58AC1	24	3622	8	Rachel	Rachel	October 2012	Rachel	2
#F58AC1	24	189	8	Rachel	Rachel	January 2013	Rachel	2
#F58AC1	24	144	8	Rachel	Rachel	February 2013	Rachel	2
#F58AC1	24	402	8	Rachel	Rachel	March 2013	Rachel	2
#F58AC1	24	3560	8	Rachel	Rachel	April 2013	Rachel	2
#F58AC1	24	2391	8	Rachel	Rachel	May 2013	Rachel	2
#F58AC1	24	4902	8	Rachel	Rachel	June 2013	Rachel	2
#F58AC1	24	5338	8	Rachel	Rachel	July 2013	Rachel	2
#F58AC1	24	5172	8	Rachel	Rachel	August 2013	Rachel	2
#F58AC1	25	1300	8	Rachel	Rachel	October 2010	Rachel	2
#F58AC1	25	1286	8	Rachel	Rachel	November 2010	Rachel	2
#F58AC1	25	17	8	Rachel	Rachel	December 2010	Rachel	2
#F58AC1	25	34	8	Rachel	Rachel	January 2011	Rachel	2
#F58AC1	25	123	8	Rachel	Rachel	February 2011	Rachel	2
#F58AC1	25	551	8	Rachel	Rachel	March 2011	Rachel	2
#F58AC1	25	3092	8	Rachel	Rachel	April 2011	Rachel	2
#F58AC1	25	5264	8	Rachel	Rachel	May 2011	Rachel	2
#F58AC1	25	1646	8	Rachel	Rachel	June 2011	Rachel	2
#F58AC1	25	3678	8	Rachel	Rachel	July 2011	Rachel	2
#F58AC1	25	3554	8	Rachel	Rachel	August 2011	Rachel	2
#F58AC1	25	4330	8	Rachel	Rachel	September 2011	Rachel	2
#F58AC1	25	5	8	Rachel	Rachel	February 2012	Rachel	2
#F58AC1	25	723	8	Rachel	Rachel	March 2012	Rachel	2
#F58AC1	25	2454	8	Rachel	Rachel	April 2012	Rachel	2
#F58AC1	25	5174	8	Rachel	Rachel	May 2012	Rachel	2
#F58AC1	25	3283	8	Rachel	Rachel	June 2012	Rachel	2
#F58AC1	25	5059	8	Rachel	Rachel	July 2012	Rachel	2
#F58AC1	25	4833	8	Rachel	Rachel	August 2012	Rachel	2
#F58AC1	25	4420	8	Rachel	Rachel	September 2012	Rachel	2
#F58AC1	25	3767	8	Rachel	Rachel	October 2012	Rachel	2
#F58AC1	25	217	8	Rachel	Rachel	January 2013	Rachel	2
#F58AC1	25	410	8	Rachel	Rachel	February 2013	Rachel	2
#F58AC1	25	747	8	Rachel	Rachel	March 2013	Rachel	2
#F58AC1	25	3406	8	Rachel	Rachel	April 2013	Rachel	2
#F58AC1	25	1263	8	Rachel	Rachel	May 2013	Rachel	2
#F58AC1	25	4868	8	Rachel	Rachel	June 2013	Rachel	2
#F58AC1	25	6208	8	Rachel	Rachel	July 2013	Rachel	2
#F58AC1	25	5119	8	Rachel	Rachel	August 2013	Rachel	2
#F58AC1	26	2175	8	Rachel	Rachel	October 2010	Rachel	2
#F58AC1	26	639	8	Rachel	Rachel	November 2010	Rachel	2
#F58AC1	26	23	8	Rachel	Rachel	December 2010	Rachel	2
#F58AC1	26	50	8	Rachel	Rachel	January 2011	Rachel	2
#F58AC1	26	27	8	Rachel	Rachel	February 2011	Rachel	2
#F58AC1	26	470	8	Rachel	Rachel	March 2011	Rachel	2
#F58AC1	26	1356	8	Rachel	Rachel	April 2011	Rachel	2
#F58AC1	26	2634	8	Rachel	Rachel	May 2011	Rachel	2
#F58AC1	26	3273	8	Rachel	Rachel	June 2011	Rachel	2
#F58AC1	26	4207	8	Rachel	Rachel	July 2011	Rachel	2
#F58AC1	26	5410	8	Rachel	Rachel	August 2011	Rachel	2
#F58AC1	26	4975	8	Rachel	Rachel	September 2011	Rachel	2
#F58AC1	26	1	8	Rachel	Rachel	January 2012	Rachel	2
#F58AC1	26	1168	8	Rachel	Rachel	March 2012	Rachel	2
#F58AC1	26	2438	8	Rachel	Rachel	April 2012	Rachel	2
#F58AC1	26	5443	8	Rachel	Rachel	May 2012	Rachel	2
#F58AC1	26	3223	8	Rachel	Rachel	June 2012	Rachel	2
#F58AC1	26	4383	8	Rachel	Rachel	July 2012	Rachel	2
#F58AC1	26	4536	8	Rachel	Rachel	August 2012	Rachel	2
#F58AC1	26	3721	8	Rachel	Rachel	September 2012	Rachel	2
#F58AC1	26	4578	8	Rachel	Rachel	October 2012	Rachel	2
#F58AC1	26	119	8	Rachel	Rachel	January 2013	Rachel	2
#F58AC1	26	522	8	Rachel	Rachel	February 2013	Rachel	2
#F58AC1	26	1023	8	Rachel	Rachel	March 2013	Rachel	2
#F58AC1	26	3369	8	Rachel	Rachel	April 2013	Rachel	2
#F58AC1	26	1654	8	Rachel	Rachel	May 2013	Rachel	2
#F58AC1	26	5355	8	Rachel	Rachel	June 2013	Rachel	2
#F58AC1	26	5930	8	Rachel	Rachel	July 2013	Rachel	2
#F58AC1	26	4506	8	Rachel	Rachel	August 2013	Rachel	2
#F58AC1	27	2841	8	Rachel	Rachel	October 2010	Rachel	2
#F58AC1	27	345	8	Rachel	Rachel	November 2010	Rachel	2
#F58AC1	27	23	8	Rachel	Rachel	December 2010	Rachel	2
#F58AC1	27	115	8	Rachel	Rachel	January 2011	Rachel	2
#F58AC1	27	30	8	Rachel	Rachel	February 2011	Rachel	2
#F58AC1	27	355	8	Rachel	Rachel	March 2011	Rachel	2
#F58AC1	27	1984	8	Rachel	Rachel	April 2011	Rachel	2
#F58AC1	27	1537	8	Rachel	Rachel	May 2011	Rachel	2
#F58AC1	27	5742	8	Rachel	Rachel	June 2011	Rachel	2
#F58AC1	27	5455	8	Rachel	Rachel	July 2011	Rachel	2
#F58AC1	27	5012	8	Rachel	Rachel	August 2011	Rachel	2
#F58AC1	27	5035	8	Rachel	Rachel	September 2011	Rachel	2
#F58AC1	27	5	8	Rachel	Rachel	February 2012	Rachel	2
#F58AC1	27	1207	8	Rachel	Rachel	March 2012	Rachel	2
#F58AC1	27	1899	8	Rachel	Rachel	April 2012	Rachel	2
#F58AC1	27	5168	8	Rachel	Rachel	May 2012	Rachel	2
#F58AC1	27	2897	8	Rachel	Rachel	June 2012	Rachel	2
#F58AC1	27	5295	8	Rachel	Rachel	July 2012	Rachel	2
#F58AC1	27	3598	8	Rachel	Rachel	August 2012	Rachel	2
#F58AC1	27	4598	8	Rachel	Rachel	September 2012	Rachel	2
#F58AC1	27	2471	8	Rachel	Rachel	October 2012	Rachel	2
#F58AC1	27	90	8	Rachel	Rachel	January 2013	Rachel	2
#F58AC1	27	351	8	Rachel	Rachel	February 2013	Rachel	2
#F58AC1	27	587	8	Rachel	Rachel	March 2013	Rachel	2
#F58AC1	27	3944	8	Rachel	Rachel	April 2013	Rachel	2
#F58AC1	27	6057	8	Rachel	Rachel	May 2013	Rachel	2
#F58AC1	27	6074	8	Rachel	Rachel	June 2013	Rachel	2
#F58AC1	27	5506	8	Rachel	Rachel	July 2013	Rachel	2
#F58AC1	27	5888	8	Rachel	Rachel	August 2013	Rachel	2
#F58AC1	28	2424	8	Rachel	Rachel	October 2010	Rachel	2
#F58AC1	28	500	8	Rachel	Rachel	November 2010	Rachel	2
#F58AC1	28	40	8	Rachel	Rachel	December 2010	Rachel	2
#F58AC1	28	101	8	Rachel	Rachel	January 2011	Rachel	2
#F58AC1	28	10	8	Rachel	Rachel	February 2011	Rachel	2
#F58AC1	28	527	8	Rachel	Rachel	March 2011	Rachel	2
#F58AC1	28	1730	8	Rachel	Rachel	April 2011	Rachel	2
#F58AC1	28	1782	8	Rachel	Rachel	May 2011	Rachel	2
#F58AC1	28	4512	8	Rachel	Rachel	June 2011	Rachel	2
#F58AC1	28	5364	8	Rachel	Rachel	July 2011	Rachel	2
#F58AC1	28	922	8	Rachel	Rachel	August 2011	Rachel	2
#F58AC1	28	4327	8	Rachel	Rachel	September 2011	Rachel	2
#F58AC1	28	1	8	Rachel	Rachel	January 2012	Rachel	2
#F58AC1	28	3	8	Rachel	Rachel	February 2012	Rachel	2
#F58AC1	28	529	8	Rachel	Rachel	March 2012	Rachel	2
#F58AC1	28	2323	8	Rachel	Rachel	April 2012	Rachel	2
#F58AC1	28	3894	8	Rachel	Rachel	May 2012	Rachel	2
#F58AC1	28	5175	8	Rachel	Rachel	June 2012	Rachel	2
#F58AC1	28	4631	8	Rachel	Rachel	July 2012	Rachel	2
#F58AC1	28	4720	8	Rachel	Rachel	August 2012	Rachel	2
#F58AC1	28	4361	8	Rachel	Rachel	September 2012	Rachel	2
#F58AC1	28	1876	8	Rachel	Rachel	October 2012	Rachel	2
#F58AC1	28	265	8	Rachel	Rachel	January 2013	Rachel	2
#F58AC1	28	283	8	Rachel	Rachel	February 2013	Rachel	2
#F58AC1	28	786	8	Rachel	Rachel	March 2013	Rachel	2
#F58AC1	28	4915	8	Rachel	Rachel	April 2013	Rachel	2
#F58AC1	28	6435	8	Rachel	Rachel	May 2013	Rachel	2
#F58AC1	28	1993	8	Rachel	Rachel	June 2013	Rachel	2
#F58AC1	28	3297	8	Rachel	Rachel	July 2013	Rachel	2
#F58AC1	28	5673	8	Rachel	Rachel	August 2013	Rachel	2
#F58AC1	29	1899	8	Rachel	Rachel	October 2010	Rachel	2
#F58AC1	29	1175	8	Rachel	Rachel	November 2010	Rachel	2
#F58AC1	29	62	8	Rachel	Rachel	December 2010	Rachel	2
#F58AC1	29	6	8	Rachel	Rachel	January 2011	Rachel	2
#F58AC1	29	820	8	Rachel	Rachel	March 2011	Rachel	2
#F58AC1	29	2583	8	Rachel	Rachel	April 2011	Rachel	2
#F58AC1	29	2394	8	Rachel	Rachel	May 2011	Rachel	2
#F58AC1	29	3949	8	Rachel	Rachel	June 2011	Rachel	2
#F58AC1	29	4365	8	Rachel	Rachel	July 2011	Rachel	2
#F58AC1	29	4658	8	Rachel	Rachel	August 2011	Rachel	2
#F58AC1	29	2222	8	Rachel	Rachel	September 2011	Rachel	2
#F58AC1	29	4	8	Rachel	Rachel	February 2012	Rachel	2
#F58AC1	29	937	8	Rachel	Rachel	March 2012	Rachel	2
#F58AC1	29	2493	8	Rachel	Rachel	April 2012	Rachel	2
#F58AC1	29	2731	8	Rachel	Rachel	May 2012	Rachel	2
#F58AC1	29	5332	8	Rachel	Rachel	June 2012	Rachel	2
#F58AC1	29	4906	8	Rachel	Rachel	July 2012	Rachel	2
#F58AC1	29	5342	8	Rachel	Rachel	August 2012	Rachel	2
#F58AC1	29	2267	8	Rachel	Rachel	September 2012	Rachel	2
#F58AC1	29	2795	8	Rachel	Rachel	October 2012	Rachel	2
#F58AC1	29	294	8	Rachel	Rachel	January 2013	Rachel	2
#F58AC1	29	641	8	Rachel	Rachel	March 2013	Rachel	2
#F58AC1	29	4473	8	Rachel	Rachel	April 2013	Rachel	2
#F58AC1	29	3056	8	Rachel	Rachel	May 2013	Rachel	2
#F58AC1	29	3584	8	Rachel	Rachel	June 2013	Rachel	2
#F58AC1	29	5073	8	Rachel	Rachel	July 2013	Rachel	2
#F58AC1	29	6044	8	Rachel	Rachel	August 2013	Rachel	2
#F58AC1	30	1203	8	Rachel	Rachel	October 2010	Rachel	2
#F58AC1	30	974	8	Rachel	Rachel	November 2010	Rachel	2
#F58AC1	30	99	8	Rachel	Rachel	December 2010	Rachel	2
#F58AC1	30	1116	8	Rachel	Rachel	March 2011	Rachel	2
#F58AC1	30	3942	8	Rachel	Rachel	April 2011	Rachel	2
#F58AC1	30	5166	8	Rachel	Rachel	May 2011	Rachel	2
#F58AC1	30	3779	8	Rachel	Rachel	June 2011	Rachel	2
#F58AC1	30	4373	8	Rachel	Rachel	July 2011	Rachel	2
#F58AC1	30	5031	8	Rachel	Rachel	August 2011	Rachel	2
#F58AC1	30	3876	8	Rachel	Rachel	September 2011	Rachel	2
#F58AC1	30	1288	8	Rachel	Rachel	March 2012	Rachel	2
#F58AC1	30	3541	8	Rachel	Rachel	April 2012	Rachel	2
#F58AC1	30	5172	8	Rachel	Rachel	May 2012	Rachel	2
#F58AC1	30	4527	8	Rachel	Rachel	June 2012	Rachel	2
#F58AC1	30	5100	8	Rachel	Rachel	July 2012	Rachel	2
#F58AC1	30	5202	8	Rachel	Rachel	August 2012	Rachel	2
#F58AC1	30	1162	8	Rachel	Rachel	September 2012	Rachel	2
#F58AC1	30	2790	8	Rachel	Rachel	October 2012	Rachel	2
#F58AC1	30	336	8	Rachel	Rachel	January 2013	Rachel	2
#F58AC1	30	1264	8	Rachel	Rachel	March 2013	Rachel	2
#F58AC1	30	4928	8	Rachel	Rachel	April 2013	Rachel	2
#F58AC1	30	6751	8	Rachel	Rachel	May 2013	Rachel	2
#F58AC1	30	5441	8	Rachel	Rachel	June 2013	Rachel	2
#F58AC1	30	6343	8	Rachel	Rachel	July 2013	Rachel	2
#F58AC1	30	5109	8	Rachel	Rachel	August 2013	Rachel	2
#F58AC1	31	1084	8	Rachel	Rachel	October 2010	Rachel	2
#F58AC1	31	115	8	Rachel	Rachel	December 2010	Rachel	2
#F58AC1	31	7	8	Rachel	Rachel	January 2011	Rachel	2
#F58AC1	31	1101	8	Rachel	Rachel	March 2011	Rachel	2
#F58AC1	31	4958	8	Rachel	Rachel	May 2011	Rachel	2
#F58AC1	31	4593	8	Rachel	Rachel	July 2011	Rachel	2
#F58AC1	31	5936	8	Rachel	Rachel	August 2011	Rachel	2
#F58AC1	31	1370	8	Rachel	Rachel	March 2012	Rachel	2
#F58AC1	31	4410	8	Rachel	Rachel	May 2012	Rachel	2
#F58AC1	31	4468	8	Rachel	Rachel	July 2012	Rachel	2
#F58AC1	31	4188	8	Rachel	Rachel	August 2012	Rachel	2
#F58AC1	31	2570	8	Rachel	Rachel	October 2012	Rachel	2
#F58AC1	31	295	8	Rachel	Rachel	January 2013	Rachel	2
#F58AC1	31	2730	8	Rachel	Rachel	March 2013	Rachel	2
#F58AC1	31	8555	8	Rachel	Rachel	May 2013	Rachel	2
#F58AC1	31	6327	8	Rachel	Rachel	July 2013	Rachel	2
#F58AC1	31	3593	8	Rachel	Rachel	August 2013	Rachel	2
#A77B7B	1	98	9	Saint-Urbain	Saint-Urbain	January 2009	Saint-Urbain	2
#A77B7B	1	775	9	Saint-Urbain	Saint-Urbain	February 2009	Saint-Urbain	2
#A77B7B	1	1087	9	Saint-Urbain	Saint-Urbain	March 2009	Saint-Urbain	2
#A77B7B	1	1562	9	Saint-Urbain	Saint-Urbain	April 2009	Saint-Urbain	2
#A77B7B	1	2500	9	Saint-Urbain	Saint-Urbain	May 2009	Saint-Urbain	2
#A77B7B	1	1971	9	Saint-Urbain	Saint-Urbain	June 2009	Saint-Urbain	2
#A77B7B	1	1879	9	Saint-Urbain	Saint-Urbain	July 2009	Saint-Urbain	2
#A77B7B	1	2040	9	Saint-Urbain	Saint-Urbain	August 2009	Saint-Urbain	2
#A77B7B	1	2823	9	Saint-Urbain	Saint-Urbain	September 2009	Saint-Urbain	2
#A77B7B	1	2358	9	Saint-Urbain	Saint-Urbain	October 2009	Saint-Urbain	2
#A77B7B	1	1432	9	Saint-Urbain	Saint-Urbain	November 2009	Saint-Urbain	2
#A77B7B	1	1398	9	Saint-Urbain	Saint-Urbain	December 2009	Saint-Urbain	2
#A77B7B	1	267	9	Saint-Urbain	Saint-Urbain	January 2010	Saint-Urbain	2
#A77B7B	1	241	9	Saint-Urbain	Saint-Urbain	February 2010	Saint-Urbain	2
#A77B7B	1	396	9	Saint-Urbain	Saint-Urbain	March 2010	Saint-Urbain	2
#A77B7B	1	2209	9	Saint-Urbain	Saint-Urbain	May 2010	Saint-Urbain	2
#A77B7B	1	2305	9	Saint-Urbain	Saint-Urbain	June 2010	Saint-Urbain	2
#A77B7B	1	2004	9	Saint-Urbain	Saint-Urbain	July 2010	Saint-Urbain	2
#A77B7B	1	1672	9	Saint-Urbain	Saint-Urbain	August 2010	Saint-Urbain	2
#A77B7B	1	3095	9	Saint-Urbain	Saint-Urbain	September 2010	Saint-Urbain	2
#A77B7B	1	1899	9	Saint-Urbain	Saint-Urbain	October 2010	Saint-Urbain	2
#A77B7B	1	1694	9	Saint-Urbain	Saint-Urbain	November 2010	Saint-Urbain	2
#A77B7B	2	220	9	Saint-Urbain	Saint-Urbain	January 2009	Saint-Urbain	2
#A77B7B	2	759	9	Saint-Urbain	Saint-Urbain	February 2009	Saint-Urbain	2
#A77B7B	2	882	9	Saint-Urbain	Saint-Urbain	March 2009	Saint-Urbain	2
#A77B7B	2	2029	9	Saint-Urbain	Saint-Urbain	April 2009	Saint-Urbain	2
#A77B7B	2	1302	9	Saint-Urbain	Saint-Urbain	May 2009	Saint-Urbain	2
#A77B7B	2	2261	9	Saint-Urbain	Saint-Urbain	June 2009	Saint-Urbain	2
#A77B7B	2	2759	9	Saint-Urbain	Saint-Urbain	July 2009	Saint-Urbain	2
#A77B7B	2	960	9	Saint-Urbain	Saint-Urbain	August 2009	Saint-Urbain	2
#A77B7B	2	2902	9	Saint-Urbain	Saint-Urbain	September 2009	Saint-Urbain	2
#A77B7B	2	2682	9	Saint-Urbain	Saint-Urbain	October 2009	Saint-Urbain	2
#A77B7B	2	1933	9	Saint-Urbain	Saint-Urbain	November 2009	Saint-Urbain	2
#A77B7B	2	1588	9	Saint-Urbain	Saint-Urbain	December 2009	Saint-Urbain	2
#A77B7B	2	114	9	Saint-Urbain	Saint-Urbain	January 2010	Saint-Urbain	2
#A77B7B	2	281	9	Saint-Urbain	Saint-Urbain	February 2010	Saint-Urbain	2
#A77B7B	2	562	9	Saint-Urbain	Saint-Urbain	March 2010	Saint-Urbain	2
#A77B7B	2	1827	9	Saint-Urbain	Saint-Urbain	May 2010	Saint-Urbain	2
#A77B7B	2	3261	9	Saint-Urbain	Saint-Urbain	June 2010	Saint-Urbain	2
#A77B7B	2	2818	9	Saint-Urbain	Saint-Urbain	July 2010	Saint-Urbain	2
#A77B7B	2	2434	9	Saint-Urbain	Saint-Urbain	August 2010	Saint-Urbain	2
#A77B7B	2	2892	9	Saint-Urbain	Saint-Urbain	September 2010	Saint-Urbain	2
#A77B7B	2	1932	9	Saint-Urbain	Saint-Urbain	October 2010	Saint-Urbain	2
#A77B7B	2	1953	9	Saint-Urbain	Saint-Urbain	November 2010	Saint-Urbain	2
#A77B7B	3	170	9	Saint-Urbain	Saint-Urbain	January 2009	Saint-Urbain	2
#A77B7B	3	927	9	Saint-Urbain	Saint-Urbain	February 2009	Saint-Urbain	2
#A77B7B	3	1471	9	Saint-Urbain	Saint-Urbain	March 2009	Saint-Urbain	2
#A77B7B	3	1676	9	Saint-Urbain	Saint-Urbain	April 2009	Saint-Urbain	2
#A77B7B	3	1581	9	Saint-Urbain	Saint-Urbain	May 2009	Saint-Urbain	2
#A77B7B	3	2600	9	Saint-Urbain	Saint-Urbain	June 2009	Saint-Urbain	2
#A77B7B	3	2149	9	Saint-Urbain	Saint-Urbain	July 2009	Saint-Urbain	2
#A77B7B	3	2920	9	Saint-Urbain	Saint-Urbain	August 2009	Saint-Urbain	2
#A77B7B	3	2887	9	Saint-Urbain	Saint-Urbain	September 2009	Saint-Urbain	2
#A77B7B	3	1661	9	Saint-Urbain	Saint-Urbain	October 2009	Saint-Urbain	2
#A77B7B	3	1755	9	Saint-Urbain	Saint-Urbain	November 2009	Saint-Urbain	2
#A77B7B	3	1342	9	Saint-Urbain	Saint-Urbain	December 2009	Saint-Urbain	2
#A77B7B	3	150	9	Saint-Urbain	Saint-Urbain	January 2010	Saint-Urbain	2
#A77B7B	3	380	9	Saint-Urbain	Saint-Urbain	February 2010	Saint-Urbain	2
#A77B7B	3	583	9	Saint-Urbain	Saint-Urbain	March 2010	Saint-Urbain	2
#A77B7B	3	2221	9	Saint-Urbain	Saint-Urbain	May 2010	Saint-Urbain	2
#A77B7B	3	2007	9	Saint-Urbain	Saint-Urbain	June 2010	Saint-Urbain	2
#A77B7B	3	2187	9	Saint-Urbain	Saint-Urbain	July 2010	Saint-Urbain	2
#A77B7B	3	1352	9	Saint-Urbain	Saint-Urbain	August 2010	Saint-Urbain	2
#A77B7B	3	2812	9	Saint-Urbain	Saint-Urbain	September 2010	Saint-Urbain	2
#A77B7B	3	1520	9	Saint-Urbain	Saint-Urbain	October 2010	Saint-Urbain	2
#A77B7B	3	1955	9	Saint-Urbain	Saint-Urbain	November 2010	Saint-Urbain	2
#A77B7B	4	114	9	Saint-Urbain	Saint-Urbain	January 2009	Saint-Urbain	2
#A77B7B	4	534	9	Saint-Urbain	Saint-Urbain	February 2009	Saint-Urbain	2
#A77B7B	4	1228	9	Saint-Urbain	Saint-Urbain	March 2009	Saint-Urbain	2
#A77B7B	4	1896	9	Saint-Urbain	Saint-Urbain	April 2009	Saint-Urbain	2
#A77B7B	4	2546	9	Saint-Urbain	Saint-Urbain	May 2009	Saint-Urbain	2
#A77B7B	4	2726	9	Saint-Urbain	Saint-Urbain	June 2009	Saint-Urbain	2
#A77B7B	4	1609	9	Saint-Urbain	Saint-Urbain	July 2009	Saint-Urbain	2
#A77B7B	4	2489	9	Saint-Urbain	Saint-Urbain	August 2009	Saint-Urbain	2
#A77B7B	4	2735	9	Saint-Urbain	Saint-Urbain	September 2009	Saint-Urbain	2
#A77B7B	4	1566	9	Saint-Urbain	Saint-Urbain	October 2009	Saint-Urbain	2
#A77B7B	4	1861	9	Saint-Urbain	Saint-Urbain	November 2009	Saint-Urbain	2
#A77B7B	4	1634	9	Saint-Urbain	Saint-Urbain	December 2009	Saint-Urbain	2
#A77B7B	4	423	9	Saint-Urbain	Saint-Urbain	January 2010	Saint-Urbain	2
#A77B7B	4	376	9	Saint-Urbain	Saint-Urbain	February 2010	Saint-Urbain	2
#A77B7B	4	906	9	Saint-Urbain	Saint-Urbain	March 2010	Saint-Urbain	2
#A77B7B	4	2502	9	Saint-Urbain	Saint-Urbain	May 2010	Saint-Urbain	2
#A77B7B	4	2964	9	Saint-Urbain	Saint-Urbain	June 2010	Saint-Urbain	2
#A77B7B	4	1698	9	Saint-Urbain	Saint-Urbain	July 2010	Saint-Urbain	2
#A77B7B	4	1935	9	Saint-Urbain	Saint-Urbain	August 2010	Saint-Urbain	2
#A77B7B	4	1611	9	Saint-Urbain	Saint-Urbain	September 2010	Saint-Urbain	2
#A77B7B	4	2411	9	Saint-Urbain	Saint-Urbain	October 2010	Saint-Urbain	2
#A77B7B	4	1722	9	Saint-Urbain	Saint-Urbain	November 2010	Saint-Urbain	2
#A77B7B	5	216	9	Saint-Urbain	Saint-Urbain	January 2009	Saint-Urbain	2
#A77B7B	5	487	9	Saint-Urbain	Saint-Urbain	February 2009	Saint-Urbain	2
#A77B7B	5	1427	9	Saint-Urbain	Saint-Urbain	March 2009	Saint-Urbain	2
#A77B7B	5	1330	9	Saint-Urbain	Saint-Urbain	April 2009	Saint-Urbain	2
#A77B7B	5	2659	9	Saint-Urbain	Saint-Urbain	May 2009	Saint-Urbain	2
#A77B7B	5	2626	9	Saint-Urbain	Saint-Urbain	June 2009	Saint-Urbain	2
#A77B7B	5	2148	9	Saint-Urbain	Saint-Urbain	July 2009	Saint-Urbain	2
#A77B7B	5	2822	9	Saint-Urbain	Saint-Urbain	August 2009	Saint-Urbain	2
#A77B7B	5	1655	9	Saint-Urbain	Saint-Urbain	September 2009	Saint-Urbain	2
#A77B7B	5	2254	9	Saint-Urbain	Saint-Urbain	October 2009	Saint-Urbain	2
#A77B7B	5	1712	9	Saint-Urbain	Saint-Urbain	November 2009	Saint-Urbain	2
#A77B7B	5	1135	9	Saint-Urbain	Saint-Urbain	December 2009	Saint-Urbain	2
#A77B7B	5	836	9	Saint-Urbain	Saint-Urbain	January 2010	Saint-Urbain	2
#A77B7B	5	378	9	Saint-Urbain	Saint-Urbain	February 2010	Saint-Urbain	2
#A77B7B	5	719	9	Saint-Urbain	Saint-Urbain	March 2010	Saint-Urbain	2
#A77B7B	5	2891	9	Saint-Urbain	Saint-Urbain	May 2010	Saint-Urbain	2
#A77B7B	5	1668	9	Saint-Urbain	Saint-Urbain	June 2010	Saint-Urbain	2
#A77B7B	5	3103	9	Saint-Urbain	Saint-Urbain	July 2010	Saint-Urbain	2
#A77B7B	5	2401	9	Saint-Urbain	Saint-Urbain	August 2010	Saint-Urbain	2
#A77B7B	5	1510	9	Saint-Urbain	Saint-Urbain	September 2010	Saint-Urbain	2
#A77B7B	5	2648	9	Saint-Urbain	Saint-Urbain	October 2010	Saint-Urbain	2
#A77B7B	5	1465	9	Saint-Urbain	Saint-Urbain	November 2010	Saint-Urbain	2
#A77B7B	6	219	9	Saint-Urbain	Saint-Urbain	January 2009	Saint-Urbain	2
#A77B7B	6	737	9	Saint-Urbain	Saint-Urbain	February 2009	Saint-Urbain	2
#A77B7B	6	1276	9	Saint-Urbain	Saint-Urbain	March 2009	Saint-Urbain	2
#A77B7B	6	1246	9	Saint-Urbain	Saint-Urbain	April 2009	Saint-Urbain	2
#A77B7B	6	1906	9	Saint-Urbain	Saint-Urbain	May 2009	Saint-Urbain	2
#A77B7B	6	1691	9	Saint-Urbain	Saint-Urbain	June 2009	Saint-Urbain	2
#A77B7B	6	2493	9	Saint-Urbain	Saint-Urbain	July 2009	Saint-Urbain	2
#A77B7B	6	2655	9	Saint-Urbain	Saint-Urbain	August 2009	Saint-Urbain	2
#A77B7B	6	1532	9	Saint-Urbain	Saint-Urbain	September 2009	Saint-Urbain	2
#A77B7B	6	2473	9	Saint-Urbain	Saint-Urbain	October 2009	Saint-Urbain	2
#A77B7B	6	1781	9	Saint-Urbain	Saint-Urbain	November 2009	Saint-Urbain	2
#A77B7B	6	891	9	Saint-Urbain	Saint-Urbain	December 2009	Saint-Urbain	2
#A77B7B	6	602	9	Saint-Urbain	Saint-Urbain	January 2010	Saint-Urbain	2
#A77B7B	6	346	9	Saint-Urbain	Saint-Urbain	February 2010	Saint-Urbain	2
#A77B7B	6	1148	9	Saint-Urbain	Saint-Urbain	March 2010	Saint-Urbain	2
#A77B7B	6	2604	9	Saint-Urbain	Saint-Urbain	May 2010	Saint-Urbain	2
#A77B7B	6	1619	9	Saint-Urbain	Saint-Urbain	June 2010	Saint-Urbain	2
#A77B7B	6	2824	9	Saint-Urbain	Saint-Urbain	July 2010	Saint-Urbain	2
#A77B7B	6	2557	9	Saint-Urbain	Saint-Urbain	August 2010	Saint-Urbain	2
#A77B7B	6	1364	9	Saint-Urbain	Saint-Urbain	September 2010	Saint-Urbain	2
#A77B7B	6	1966	9	Saint-Urbain	Saint-Urbain	October 2010	Saint-Urbain	2
#A77B7B	6	1179	9	Saint-Urbain	Saint-Urbain	November 2010	Saint-Urbain	2
#A77B7B	7	191	9	Saint-Urbain	Saint-Urbain	January 2009	Saint-Urbain	2
#A77B7B	7	843	9	Saint-Urbain	Saint-Urbain	February 2009	Saint-Urbain	2
#A77B7B	7	1131	9	Saint-Urbain	Saint-Urbain	March 2009	Saint-Urbain	2
#A77B7B	7	1544	9	Saint-Urbain	Saint-Urbain	April 2009	Saint-Urbain	2
#A77B7B	7	1418	9	Saint-Urbain	Saint-Urbain	May 2009	Saint-Urbain	2
#A77B7B	7	2534	9	Saint-Urbain	Saint-Urbain	June 2009	Saint-Urbain	2
#A77B7B	7	2111	9	Saint-Urbain	Saint-Urbain	July 2009	Saint-Urbain	2
#A77B7B	7	2512	9	Saint-Urbain	Saint-Urbain	August 2009	Saint-Urbain	2
#A77B7B	7	1492	9	Saint-Urbain	Saint-Urbain	September 2009	Saint-Urbain	2
#A77B7B	7	2072	9	Saint-Urbain	Saint-Urbain	October 2009	Saint-Urbain	2
#A77B7B	7	1403	9	Saint-Urbain	Saint-Urbain	November 2009	Saint-Urbain	2
#A77B7B	7	1254	9	Saint-Urbain	Saint-Urbain	December 2009	Saint-Urbain	2
#A77B7B	7	452	9	Saint-Urbain	Saint-Urbain	January 2010	Saint-Urbain	2
#A77B7B	7	282	9	Saint-Urbain	Saint-Urbain	February 2010	Saint-Urbain	2
#A77B7B	7	535	9	Saint-Urbain	Saint-Urbain	March 2010	Saint-Urbain	2
#A77B7B	7	3003	9	Saint-Urbain	Saint-Urbain	May 2010	Saint-Urbain	2
#A77B7B	7	2444	9	Saint-Urbain	Saint-Urbain	June 2010	Saint-Urbain	2
#A77B7B	7	2526	9	Saint-Urbain	Saint-Urbain	July 2010	Saint-Urbain	2
#A77B7B	7	1892	9	Saint-Urbain	Saint-Urbain	August 2010	Saint-Urbain	2
#A77B7B	7	2335	9	Saint-Urbain	Saint-Urbain	September 2010	Saint-Urbain	2
#A77B7B	7	1813	9	Saint-Urbain	Saint-Urbain	October 2010	Saint-Urbain	2
#A77B7B	7	961	9	Saint-Urbain	Saint-Urbain	November 2010	Saint-Urbain	2
#A77B7B	8	65	9	Saint-Urbain	Saint-Urbain	January 2009	Saint-Urbain	2
#A77B7B	8	621	9	Saint-Urbain	Saint-Urbain	February 2009	Saint-Urbain	2
#A77B7B	8	1166	9	Saint-Urbain	Saint-Urbain	March 2009	Saint-Urbain	2
#A77B7B	8	1417	9	Saint-Urbain	Saint-Urbain	April 2009	Saint-Urbain	2
#A77B7B	8	1706	9	Saint-Urbain	Saint-Urbain	May 2009	Saint-Urbain	2
#A77B7B	8	2368	9	Saint-Urbain	Saint-Urbain	June 2009	Saint-Urbain	2
#A77B7B	8	2348	9	Saint-Urbain	Saint-Urbain	July 2009	Saint-Urbain	2
#A77B7B	8	1924	9	Saint-Urbain	Saint-Urbain	August 2009	Saint-Urbain	2
#A77B7B	8	2908	9	Saint-Urbain	Saint-Urbain	September 2009	Saint-Urbain	2
#A77B7B	8	2420	9	Saint-Urbain	Saint-Urbain	October 2009	Saint-Urbain	2
#A77B7B	8	1347	9	Saint-Urbain	Saint-Urbain	November 2009	Saint-Urbain	2
#A77B7B	8	1009	9	Saint-Urbain	Saint-Urbain	December 2009	Saint-Urbain	2
#A77B7B	8	488	9	Saint-Urbain	Saint-Urbain	January 2010	Saint-Urbain	2
#A77B7B	8	410	9	Saint-Urbain	Saint-Urbain	February 2010	Saint-Urbain	2
#A77B7B	8	756	9	Saint-Urbain	Saint-Urbain	March 2010	Saint-Urbain	2
#A77B7B	8	2143	9	Saint-Urbain	Saint-Urbain	May 2010	Saint-Urbain	2
#A77B7B	8	2726	9	Saint-Urbain	Saint-Urbain	June 2010	Saint-Urbain	2
#A77B7B	8	2570	9	Saint-Urbain	Saint-Urbain	July 2010	Saint-Urbain	2
#A77B7B	8	1227	9	Saint-Urbain	Saint-Urbain	August 2010	Saint-Urbain	2
#A77B7B	8	264	9	Saint-Urbain	Saint-Urbain	September 2010	Saint-Urbain	2
#A77B7B	8	1929	9	Saint-Urbain	Saint-Urbain	October 2010	Saint-Urbain	2
#A77B7B	8	1001	9	Saint-Urbain	Saint-Urbain	November 2010	Saint-Urbain	2
#A77B7B	9	170	9	Saint-Urbain	Saint-Urbain	January 2009	Saint-Urbain	2
#A77B7B	9	552	9	Saint-Urbain	Saint-Urbain	February 2009	Saint-Urbain	2
#A77B7B	9	813	9	Saint-Urbain	Saint-Urbain	March 2009	Saint-Urbain	2
#A77B7B	9	1905	9	Saint-Urbain	Saint-Urbain	April 2009	Saint-Urbain	2
#A77B7B	9	1366	9	Saint-Urbain	Saint-Urbain	May 2009	Saint-Urbain	2
#A77B7B	9	945	9	Saint-Urbain	Saint-Urbain	June 2009	Saint-Urbain	2
#A77B7B	9	3146	9	Saint-Urbain	Saint-Urbain	July 2009	Saint-Urbain	2
#A77B7B	9	1366	9	Saint-Urbain	Saint-Urbain	August 2009	Saint-Urbain	2
#A77B7B	9	2965	9	Saint-Urbain	Saint-Urbain	September 2009	Saint-Urbain	2
#A77B7B	9	1718	9	Saint-Urbain	Saint-Urbain	October 2009	Saint-Urbain	2
#A77B7B	9	2052	9	Saint-Urbain	Saint-Urbain	November 2009	Saint-Urbain	2
#A77B7B	9	1991	9	Saint-Urbain	Saint-Urbain	December 2009	Saint-Urbain	2
#A77B7B	9	335	9	Saint-Urbain	Saint-Urbain	January 2010	Saint-Urbain	2
#A77B7B	9	498	9	Saint-Urbain	Saint-Urbain	February 2010	Saint-Urbain	2
#A77B7B	9	923	9	Saint-Urbain	Saint-Urbain	March 2010	Saint-Urbain	2
#A77B7B	9	1335	9	Saint-Urbain	Saint-Urbain	May 2010	Saint-Urbain	2
#A77B7B	9	2645	9	Saint-Urbain	Saint-Urbain	June 2010	Saint-Urbain	2
#A77B7B	9	1932	9	Saint-Urbain	Saint-Urbain	July 2010	Saint-Urbain	2
#A77B7B	9	2585	9	Saint-Urbain	Saint-Urbain	August 2010	Saint-Urbain	2
#A77B7B	9	2261	9	Saint-Urbain	Saint-Urbain	September 2010	Saint-Urbain	2
#A77B7B	9	1465	9	Saint-Urbain	Saint-Urbain	October 2010	Saint-Urbain	2
#A77B7B	9	1409	9	Saint-Urbain	Saint-Urbain	November 2010	Saint-Urbain	2
#A77B7B	10	555	9	Saint-Urbain	Saint-Urbain	January 2009	Saint-Urbain	2
#A77B7B	10	604	9	Saint-Urbain	Saint-Urbain	February 2009	Saint-Urbain	2
#A77B7B	10	2038	9	Saint-Urbain	Saint-Urbain	March 2009	Saint-Urbain	2
#A77B7B	10	1974	9	Saint-Urbain	Saint-Urbain	April 2009	Saint-Urbain	2
#A77B7B	10	904	9	Saint-Urbain	Saint-Urbain	May 2009	Saint-Urbain	2
#A77B7B	10	2046	9	Saint-Urbain	Saint-Urbain	June 2009	Saint-Urbain	2
#A77B7B	10	2999	9	Saint-Urbain	Saint-Urbain	July 2009	Saint-Urbain	2
#A77B7B	10	1837	9	Saint-Urbain	Saint-Urbain	August 2009	Saint-Urbain	2
#A77B7B	10	2699	9	Saint-Urbain	Saint-Urbain	September 2009	Saint-Urbain	2
#A77B7B	10	1612	9	Saint-Urbain	Saint-Urbain	October 2009	Saint-Urbain	2
#A77B7B	10	2071	9	Saint-Urbain	Saint-Urbain	November 2009	Saint-Urbain	2
#A77B7B	10	679	9	Saint-Urbain	Saint-Urbain	December 2009	Saint-Urbain	2
#A77B7B	10	266	9	Saint-Urbain	Saint-Urbain	January 2010	Saint-Urbain	2
#A77B7B	10	439	9	Saint-Urbain	Saint-Urbain	February 2010	Saint-Urbain	2
#A77B7B	10	924	9	Saint-Urbain	Saint-Urbain	March 2010	Saint-Urbain	2
#A77B7B	10	2587	9	Saint-Urbain	Saint-Urbain	May 2010	Saint-Urbain	2
#A77B7B	10	1381	9	Saint-Urbain	Saint-Urbain	June 2010	Saint-Urbain	2
#A77B7B	10	1765	9	Saint-Urbain	Saint-Urbain	July 2010	Saint-Urbain	2
#A77B7B	10	2844	9	Saint-Urbain	Saint-Urbain	August 2010	Saint-Urbain	2
#A77B7B	10	3238	9	Saint-Urbain	Saint-Urbain	September 2010	Saint-Urbain	2
#A77B7B	10	1186	9	Saint-Urbain	Saint-Urbain	October 2010	Saint-Urbain	2
#A77B7B	10	1641	9	Saint-Urbain	Saint-Urbain	November 2010	Saint-Urbain	2
#A77B7B	11	612	9	Saint-Urbain	Saint-Urbain	January 2009	Saint-Urbain	2
#A77B7B	11	774	9	Saint-Urbain	Saint-Urbain	February 2009	Saint-Urbain	2
#A77B7B	11	2314	9	Saint-Urbain	Saint-Urbain	March 2009	Saint-Urbain	2
#A77B7B	11	1852	9	Saint-Urbain	Saint-Urbain	April 2009	Saint-Urbain	2
#A77B7B	11	2542	9	Saint-Urbain	Saint-Urbain	May 2009	Saint-Urbain	2
#A77B7B	11	2398	9	Saint-Urbain	Saint-Urbain	June 2009	Saint-Urbain	2
#A77B7B	11	1247	9	Saint-Urbain	Saint-Urbain	July 2009	Saint-Urbain	2
#A77B7B	11	2098	9	Saint-Urbain	Saint-Urbain	August 2009	Saint-Urbain	2
#A77B7B	11	2883	9	Saint-Urbain	Saint-Urbain	September 2009	Saint-Urbain	2
#A77B7B	11	1288	9	Saint-Urbain	Saint-Urbain	October 2009	Saint-Urbain	2
#A77B7B	11	1982	9	Saint-Urbain	Saint-Urbain	November 2009	Saint-Urbain	2
#A77B7B	11	1561	9	Saint-Urbain	Saint-Urbain	December 2009	Saint-Urbain	2
#A77B7B	11	595	9	Saint-Urbain	Saint-Urbain	January 2010	Saint-Urbain	2
#A77B7B	11	387	9	Saint-Urbain	Saint-Urbain	February 2010	Saint-Urbain	2
#A77B7B	11	1012	9	Saint-Urbain	Saint-Urbain	March 2010	Saint-Urbain	2
#A77B7B	11	2875	9	Saint-Urbain	Saint-Urbain	May 2010	Saint-Urbain	2
#A77B7B	11	2746	9	Saint-Urbain	Saint-Urbain	June 2010	Saint-Urbain	2
#A77B7B	11	1761	9	Saint-Urbain	Saint-Urbain	July 2010	Saint-Urbain	2
#A77B7B	11	3045	9	Saint-Urbain	Saint-Urbain	August 2010	Saint-Urbain	2
#A77B7B	11	2192	9	Saint-Urbain	Saint-Urbain	September 2010	Saint-Urbain	2
#A77B7B	11	1200	9	Saint-Urbain	Saint-Urbain	October 2010	Saint-Urbain	2
#A77B7B	11	1517	9	Saint-Urbain	Saint-Urbain	November 2010	Saint-Urbain	2
#A77B7B	12	837	9	Saint-Urbain	Saint-Urbain	January 2009	Saint-Urbain	2
#A77B7B	12	972	9	Saint-Urbain	Saint-Urbain	February 2009	Saint-Urbain	2
#A77B7B	12	1620	9	Saint-Urbain	Saint-Urbain	March 2009	Saint-Urbain	2
#A77B7B	12	1417	9	Saint-Urbain	Saint-Urbain	April 2009	Saint-Urbain	2
#A77B7B	12	2808	9	Saint-Urbain	Saint-Urbain	May 2009	Saint-Urbain	2
#A77B7B	12	2095	9	Saint-Urbain	Saint-Urbain	June 2009	Saint-Urbain	2
#A77B7B	12	1899	9	Saint-Urbain	Saint-Urbain	July 2009	Saint-Urbain	2
#A77B7B	12	2830	9	Saint-Urbain	Saint-Urbain	August 2009	Saint-Urbain	2
#A77B7B	12	2112	9	Saint-Urbain	Saint-Urbain	September 2009	Saint-Urbain	2
#A77B7B	12	1191	9	Saint-Urbain	Saint-Urbain	October 2009	Saint-Urbain	2
#A77B7B	12	1906	9	Saint-Urbain	Saint-Urbain	November 2009	Saint-Urbain	2
#A77B7B	12	915	9	Saint-Urbain	Saint-Urbain	December 2009	Saint-Urbain	2
#A77B7B	12	429	9	Saint-Urbain	Saint-Urbain	January 2010	Saint-Urbain	2
#A77B7B	12	358	9	Saint-Urbain	Saint-Urbain	February 2010	Saint-Urbain	2
#A77B7B	12	1025	9	Saint-Urbain	Saint-Urbain	March 2010	Saint-Urbain	2
#A77B7B	12	3005	9	Saint-Urbain	Saint-Urbain	May 2010	Saint-Urbain	2
#A77B7B	12	2051	9	Saint-Urbain	Saint-Urbain	June 2010	Saint-Urbain	2
#A77B7B	12	2555	9	Saint-Urbain	Saint-Urbain	July 2010	Saint-Urbain	2
#A77B7B	12	2818	9	Saint-Urbain	Saint-Urbain	August 2010	Saint-Urbain	2
#A77B7B	12	1789	9	Saint-Urbain	Saint-Urbain	September 2010	Saint-Urbain	2
#A77B7B	12	2270	9	Saint-Urbain	Saint-Urbain	October 2010	Saint-Urbain	2
#A77B7B	12	1717	9	Saint-Urbain	Saint-Urbain	November 2010	Saint-Urbain	2
#A77B7B	13	421	9	Saint-Urbain	Saint-Urbain	January 2009	Saint-Urbain	2
#A77B7B	13	638	9	Saint-Urbain	Saint-Urbain	February 2009	Saint-Urbain	2
#A77B7B	13	1383	9	Saint-Urbain	Saint-Urbain	March 2009	Saint-Urbain	2
#A77B7B	13	1370	9	Saint-Urbain	Saint-Urbain	April 2009	Saint-Urbain	2
#A77B7B	13	2610	9	Saint-Urbain	Saint-Urbain	May 2009	Saint-Urbain	2
#A77B7B	13	1885	9	Saint-Urbain	Saint-Urbain	June 2009	Saint-Urbain	2
#A77B7B	13	2148	9	Saint-Urbain	Saint-Urbain	July 2009	Saint-Urbain	2
#A77B7B	13	2807	9	Saint-Urbain	Saint-Urbain	August 2009	Saint-Urbain	2
#A77B7B	13	1834	9	Saint-Urbain	Saint-Urbain	September 2009	Saint-Urbain	2
#A77B7B	13	1646	9	Saint-Urbain	Saint-Urbain	October 2009	Saint-Urbain	2
#A77B7B	13	2021	9	Saint-Urbain	Saint-Urbain	November 2009	Saint-Urbain	2
#A77B7B	13	1322	9	Saint-Urbain	Saint-Urbain	December 2009	Saint-Urbain	2
#A77B7B	13	756	9	Saint-Urbain	Saint-Urbain	January 2010	Saint-Urbain	2
#A77B7B	13	290	9	Saint-Urbain	Saint-Urbain	February 2010	Saint-Urbain	2
#A77B7B	13	904	9	Saint-Urbain	Saint-Urbain	March 2010	Saint-Urbain	2
#A77B7B	13	3026	9	Saint-Urbain	Saint-Urbain	May 2010	Saint-Urbain	2
#A77B7B	13	2044	9	Saint-Urbain	Saint-Urbain	June 2010	Saint-Urbain	2
#A77B7B	13	1930	9	Saint-Urbain	Saint-Urbain	July 2010	Saint-Urbain	2
#A77B7B	13	2631	9	Saint-Urbain	Saint-Urbain	August 2010	Saint-Urbain	2
#A77B7B	13	2443	9	Saint-Urbain	Saint-Urbain	September 2010	Saint-Urbain	2
#A77B7B	13	2380	9	Saint-Urbain	Saint-Urbain	October 2010	Saint-Urbain	2
#A77B7B	13	1374	9	Saint-Urbain	Saint-Urbain	November 2010	Saint-Urbain	2
#A77B7B	14	824	9	Saint-Urbain	Saint-Urbain	January 2009	Saint-Urbain	2
#A77B7B	14	714	9	Saint-Urbain	Saint-Urbain	February 2009	Saint-Urbain	2
#A77B7B	14	1550	9	Saint-Urbain	Saint-Urbain	March 2009	Saint-Urbain	2
#A77B7B	14	1932	9	Saint-Urbain	Saint-Urbain	April 2009	Saint-Urbain	2
#A77B7B	14	1661	9	Saint-Urbain	Saint-Urbain	May 2009	Saint-Urbain	2
#A77B7B	14	1644	9	Saint-Urbain	Saint-Urbain	June 2009	Saint-Urbain	2
#A77B7B	14	2089	9	Saint-Urbain	Saint-Urbain	July 2009	Saint-Urbain	2
#A77B7B	14	2570	9	Saint-Urbain	Saint-Urbain	August 2009	Saint-Urbain	2
#A77B7B	14	2391	9	Saint-Urbain	Saint-Urbain	September 2009	Saint-Urbain	2
#A77B7B	14	2150	9	Saint-Urbain	Saint-Urbain	October 2009	Saint-Urbain	2
#A77B7B	14	1472	9	Saint-Urbain	Saint-Urbain	November 2009	Saint-Urbain	2
#A77B7B	14	707	9	Saint-Urbain	Saint-Urbain	December 2009	Saint-Urbain	2
#A77B7B	14	521	9	Saint-Urbain	Saint-Urbain	January 2010	Saint-Urbain	2
#A77B7B	14	353	9	Saint-Urbain	Saint-Urbain	February 2010	Saint-Urbain	2
#A77B7B	14	635	9	Saint-Urbain	Saint-Urbain	March 2010	Saint-Urbain	2
#A77B7B	14	2051	9	Saint-Urbain	Saint-Urbain	April 2010	Saint-Urbain	2
#A77B7B	14	2766	9	Saint-Urbain	Saint-Urbain	May 2010	Saint-Urbain	2
#A77B7B	14	1854	9	Saint-Urbain	Saint-Urbain	June 2010	Saint-Urbain	2
#A77B7B	14	2909	9	Saint-Urbain	Saint-Urbain	July 2010	Saint-Urbain	2
#A77B7B	14	1838	9	Saint-Urbain	Saint-Urbain	August 2010	Saint-Urbain	2
#A77B7B	14	2657	9	Saint-Urbain	Saint-Urbain	September 2010	Saint-Urbain	2
#A77B7B	14	2100	9	Saint-Urbain	Saint-Urbain	October 2010	Saint-Urbain	2
#A77B7B	14	1047	9	Saint-Urbain	Saint-Urbain	November 2010	Saint-Urbain	2
#A77B7B	15	312	9	Saint-Urbain	Saint-Urbain	January 2009	Saint-Urbain	2
#A77B7B	15	577	9	Saint-Urbain	Saint-Urbain	February 2009	Saint-Urbain	2
#A77B7B	15	1308	9	Saint-Urbain	Saint-Urbain	March 2009	Saint-Urbain	2
#A77B7B	15	1992	9	Saint-Urbain	Saint-Urbain	April 2009	Saint-Urbain	2
#A77B7B	15	2410	9	Saint-Urbain	Saint-Urbain	May 2009	Saint-Urbain	2
#A77B7B	15	1757	9	Saint-Urbain	Saint-Urbain	June 2009	Saint-Urbain	2
#A77B7B	15	2785	9	Saint-Urbain	Saint-Urbain	July 2009	Saint-Urbain	2
#A77B7B	15	1695	9	Saint-Urbain	Saint-Urbain	August 2009	Saint-Urbain	2
#A77B7B	15	2743	9	Saint-Urbain	Saint-Urbain	September 2009	Saint-Urbain	2
#A77B7B	15	2264	9	Saint-Urbain	Saint-Urbain	October 2009	Saint-Urbain	2
#A77B7B	15	1121	9	Saint-Urbain	Saint-Urbain	November 2009	Saint-Urbain	2
#A77B7B	15	775	9	Saint-Urbain	Saint-Urbain	December 2009	Saint-Urbain	2
#A77B7B	15	683	9	Saint-Urbain	Saint-Urbain	January 2010	Saint-Urbain	2
#A77B7B	15	491	9	Saint-Urbain	Saint-Urbain	February 2010	Saint-Urbain	2
#A77B7B	15	984	9	Saint-Urbain	Saint-Urbain	March 2010	Saint-Urbain	2
#A77B7B	15	2158	9	Saint-Urbain	Saint-Urbain	April 2010	Saint-Urbain	2
#A77B7B	15	2058	9	Saint-Urbain	Saint-Urbain	May 2010	Saint-Urbain	2
#A77B7B	15	3181	9	Saint-Urbain	Saint-Urbain	June 2010	Saint-Urbain	2
#A77B7B	15	2876	9	Saint-Urbain	Saint-Urbain	July 2010	Saint-Urbain	2
#A77B7B	15	1276	9	Saint-Urbain	Saint-Urbain	August 2010	Saint-Urbain	2
#A77B7B	15	2905	9	Saint-Urbain	Saint-Urbain	September 2010	Saint-Urbain	2
#A77B7B	15	1238	9	Saint-Urbain	Saint-Urbain	October 2010	Saint-Urbain	2
#A77B7B	15	1585	9	Saint-Urbain	Saint-Urbain	November 2010	Saint-Urbain	2
#A77B7B	16	380	9	Saint-Urbain	Saint-Urbain	January 2009	Saint-Urbain	2
#A77B7B	16	561	9	Saint-Urbain	Saint-Urbain	February 2009	Saint-Urbain	2
#A77B7B	16	1512	9	Saint-Urbain	Saint-Urbain	March 2009	Saint-Urbain	2
#A77B7B	16	1818	9	Saint-Urbain	Saint-Urbain	April 2009	Saint-Urbain	2
#A77B7B	16	1175	9	Saint-Urbain	Saint-Urbain	May 2009	Saint-Urbain	2
#A77B7B	16	2507	9	Saint-Urbain	Saint-Urbain	June 2009	Saint-Urbain	2
#A77B7B	16	2236	9	Saint-Urbain	Saint-Urbain	July 2009	Saint-Urbain	2
#A77B7B	16	1356	9	Saint-Urbain	Saint-Urbain	August 2009	Saint-Urbain	2
#A77B7B	16	2952	9	Saint-Urbain	Saint-Urbain	September 2009	Saint-Urbain	2
#A77B7B	16	2263	9	Saint-Urbain	Saint-Urbain	October 2009	Saint-Urbain	2
#A77B7B	16	1875	9	Saint-Urbain	Saint-Urbain	November 2009	Saint-Urbain	2
#A77B7B	16	680	9	Saint-Urbain	Saint-Urbain	December 2009	Saint-Urbain	2
#A77B7B	16	519	9	Saint-Urbain	Saint-Urbain	January 2010	Saint-Urbain	2
#A77B7B	16	473	9	Saint-Urbain	Saint-Urbain	February 2010	Saint-Urbain	2
#A77B7B	16	1255	9	Saint-Urbain	Saint-Urbain	March 2010	Saint-Urbain	2
#A77B7B	16	1724	9	Saint-Urbain	Saint-Urbain	April 2010	Saint-Urbain	2
#A77B7B	16	2081	9	Saint-Urbain	Saint-Urbain	May 2010	Saint-Urbain	2
#A77B7B	16	2301	9	Saint-Urbain	Saint-Urbain	June 2010	Saint-Urbain	2
#A77B7B	16	2228	9	Saint-Urbain	Saint-Urbain	July 2010	Saint-Urbain	2
#A77B7B	16	1634	9	Saint-Urbain	Saint-Urbain	August 2010	Saint-Urbain	2
#A77B7B	16	2228	9	Saint-Urbain	Saint-Urbain	September 2010	Saint-Urbain	2
#A77B7B	16	1339	9	Saint-Urbain	Saint-Urbain	October 2010	Saint-Urbain	2
#A77B7B	16	1643	9	Saint-Urbain	Saint-Urbain	November 2010	Saint-Urbain	2
#A77B7B	17	630	9	Saint-Urbain	Saint-Urbain	January 2009	Saint-Urbain	2
#A77B7B	17	614	9	Saint-Urbain	Saint-Urbain	February 2009	Saint-Urbain	2
#A77B7B	17	1865	9	Saint-Urbain	Saint-Urbain	March 2009	Saint-Urbain	2
#A77B7B	17	1667	9	Saint-Urbain	Saint-Urbain	April 2009	Saint-Urbain	2
#A77B7B	17	1136	9	Saint-Urbain	Saint-Urbain	May 2009	Saint-Urbain	2
#A77B7B	17	2760	9	Saint-Urbain	Saint-Urbain	June 2009	Saint-Urbain	2
#A77B7B	17	2385	9	Saint-Urbain	Saint-Urbain	July 2009	Saint-Urbain	2
#A77B7B	17	2146	9	Saint-Urbain	Saint-Urbain	August 2009	Saint-Urbain	2
#A77B7B	17	2801	9	Saint-Urbain	Saint-Urbain	September 2009	Saint-Urbain	2
#A77B7B	17	1553	9	Saint-Urbain	Saint-Urbain	October 2009	Saint-Urbain	2
#A77B7B	17	1918	9	Saint-Urbain	Saint-Urbain	November 2009	Saint-Urbain	2
#A77B7B	17	278	9	Saint-Urbain	Saint-Urbain	December 2009	Saint-Urbain	2
#A77B7B	17	332	9	Saint-Urbain	Saint-Urbain	January 2010	Saint-Urbain	2
#A77B7B	17	620	9	Saint-Urbain	Saint-Urbain	February 2010	Saint-Urbain	2
#A77B7B	17	1323	9	Saint-Urbain	Saint-Urbain	March 2010	Saint-Urbain	2
#A77B7B	17	1526	9	Saint-Urbain	Saint-Urbain	April 2010	Saint-Urbain	2
#A77B7B	17	2750	9	Saint-Urbain	Saint-Urbain	May 2010	Saint-Urbain	2
#A77B7B	17	2705	9	Saint-Urbain	Saint-Urbain	June 2010	Saint-Urbain	2
#A77B7B	17	1458	9	Saint-Urbain	Saint-Urbain	July 2010	Saint-Urbain	2
#A77B7B	17	2525	9	Saint-Urbain	Saint-Urbain	August 2010	Saint-Urbain	2
#A77B7B	17	2525	9	Saint-Urbain	Saint-Urbain	September 2010	Saint-Urbain	2
#A77B7B	17	1327	9	Saint-Urbain	Saint-Urbain	October 2010	Saint-Urbain	2
#A77B7B	17	512	9	Saint-Urbain	Saint-Urbain	November 2010	Saint-Urbain	2
#A77B7B	18	563	9	Saint-Urbain	Saint-Urbain	January 2009	Saint-Urbain	2
#A77B7B	18	554	9	Saint-Urbain	Saint-Urbain	February 2009	Saint-Urbain	2
#A77B7B	18	2521	9	Saint-Urbain	Saint-Urbain	March 2009	Saint-Urbain	2
#A77B7B	18	1118	9	Saint-Urbain	Saint-Urbain	April 2009	Saint-Urbain	2
#A77B7B	18	1395	9	Saint-Urbain	Saint-Urbain	May 2009	Saint-Urbain	2
#A77B7B	18	1562	9	Saint-Urbain	Saint-Urbain	June 2009	Saint-Urbain	2
#A77B7B	18	1545	9	Saint-Urbain	Saint-Urbain	July 2009	Saint-Urbain	2
#A77B7B	18	2268	9	Saint-Urbain	Saint-Urbain	August 2009	Saint-Urbain	2
#A77B7B	18	2342	9	Saint-Urbain	Saint-Urbain	September 2009	Saint-Urbain	2
#A77B7B	18	1415	9	Saint-Urbain	Saint-Urbain	October 2009	Saint-Urbain	2
#A77B7B	18	1936	9	Saint-Urbain	Saint-Urbain	November 2009	Saint-Urbain	2
#A77B7B	18	281	9	Saint-Urbain	Saint-Urbain	December 2009	Saint-Urbain	2
#A77B7B	18	644	9	Saint-Urbain	Saint-Urbain	January 2010	Saint-Urbain	2
#A77B7B	18	860	9	Saint-Urbain	Saint-Urbain	February 2010	Saint-Urbain	2
#A77B7B	18	1245	9	Saint-Urbain	Saint-Urbain	March 2010	Saint-Urbain	2
#A77B7B	18	1640	9	Saint-Urbain	Saint-Urbain	April 2010	Saint-Urbain	2
#A77B7B	18	3046	9	Saint-Urbain	Saint-Urbain	May 2010	Saint-Urbain	2
#A77B7B	18	3283	9	Saint-Urbain	Saint-Urbain	June 2010	Saint-Urbain	2
#A77B7B	18	1661	9	Saint-Urbain	Saint-Urbain	July 2010	Saint-Urbain	2
#A77B7B	18	2677	9	Saint-Urbain	Saint-Urbain	August 2010	Saint-Urbain	2
#A77B7B	18	1951	9	Saint-Urbain	Saint-Urbain	September 2010	Saint-Urbain	2
#A77B7B	18	2009	9	Saint-Urbain	Saint-Urbain	October 2010	Saint-Urbain	2
#A77B7B	19	267	9	Saint-Urbain	Saint-Urbain	January 2009	Saint-Urbain	2
#A77B7B	19	447	9	Saint-Urbain	Saint-Urbain	February 2009	Saint-Urbain	2
#A77B7B	19	2403	9	Saint-Urbain	Saint-Urbain	March 2009	Saint-Urbain	2
#A77B7B	19	1321	9	Saint-Urbain	Saint-Urbain	April 2009	Saint-Urbain	2
#A77B7B	19	2166	9	Saint-Urbain	Saint-Urbain	May 2009	Saint-Urbain	2
#A77B7B	19	1703	9	Saint-Urbain	Saint-Urbain	June 2009	Saint-Urbain	2
#A77B7B	19	1523	9	Saint-Urbain	Saint-Urbain	July 2009	Saint-Urbain	2
#A77B7B	19	2692	9	Saint-Urbain	Saint-Urbain	August 2009	Saint-Urbain	2
#A77B7B	19	1785	9	Saint-Urbain	Saint-Urbain	September 2009	Saint-Urbain	2
#A77B7B	19	2042	9	Saint-Urbain	Saint-Urbain	October 2009	Saint-Urbain	2
#A77B7B	19	1853	9	Saint-Urbain	Saint-Urbain	November 2009	Saint-Urbain	2
#A77B7B	19	286	9	Saint-Urbain	Saint-Urbain	December 2009	Saint-Urbain	2
#A77B7B	19	540	9	Saint-Urbain	Saint-Urbain	January 2010	Saint-Urbain	2
#A77B7B	19	435	9	Saint-Urbain	Saint-Urbain	February 2010	Saint-Urbain	2
#A77B7B	19	1398	9	Saint-Urbain	Saint-Urbain	March 2010	Saint-Urbain	2
#A77B7B	19	1816	9	Saint-Urbain	Saint-Urbain	April 2010	Saint-Urbain	2
#A77B7B	19	3029	9	Saint-Urbain	Saint-Urbain	May 2010	Saint-Urbain	2
#A77B7B	19	1936	9	Saint-Urbain	Saint-Urbain	June 2010	Saint-Urbain	2
#A77B7B	19	1411	9	Saint-Urbain	Saint-Urbain	July 2010	Saint-Urbain	2
#A77B7B	19	2461	9	Saint-Urbain	Saint-Urbain	August 2010	Saint-Urbain	2
#A77B7B	19	1747	9	Saint-Urbain	Saint-Urbain	September 2010	Saint-Urbain	2
#A77B7B	19	2107	9	Saint-Urbain	Saint-Urbain	October 2010	Saint-Urbain	2
#A77B7B	20	301	9	Saint-Urbain	Saint-Urbain	January 2009	Saint-Urbain	2
#A77B7B	20	305	9	Saint-Urbain	Saint-Urbain	February 2009	Saint-Urbain	2
#A77B7B	20	1561	9	Saint-Urbain	Saint-Urbain	March 2009	Saint-Urbain	2
#A77B7B	20	1617	9	Saint-Urbain	Saint-Urbain	April 2009	Saint-Urbain	2
#A77B7B	20	1873	9	Saint-Urbain	Saint-Urbain	May 2009	Saint-Urbain	2
#A77B7B	20	1389	9	Saint-Urbain	Saint-Urbain	June 2009	Saint-Urbain	2
#A77B7B	20	2584	9	Saint-Urbain	Saint-Urbain	July 2009	Saint-Urbain	2
#A77B7B	20	2402	9	Saint-Urbain	Saint-Urbain	August 2009	Saint-Urbain	2
#A77B7B	20	1653	9	Saint-Urbain	Saint-Urbain	September 2009	Saint-Urbain	2
#A77B7B	20	2144	9	Saint-Urbain	Saint-Urbain	October 2009	Saint-Urbain	2
#A77B7B	20	1670	9	Saint-Urbain	Saint-Urbain	November 2009	Saint-Urbain	2
#A77B7B	20	204	9	Saint-Urbain	Saint-Urbain	December 2009	Saint-Urbain	2
#A77B7B	20	544	9	Saint-Urbain	Saint-Urbain	January 2010	Saint-Urbain	2
#A77B7B	20	519	9	Saint-Urbain	Saint-Urbain	February 2010	Saint-Urbain	2
#A77B7B	20	1115	9	Saint-Urbain	Saint-Urbain	March 2010	Saint-Urbain	2
#A77B7B	20	2579	9	Saint-Urbain	Saint-Urbain	April 2010	Saint-Urbain	2
#A77B7B	20	2770	9	Saint-Urbain	Saint-Urbain	May 2010	Saint-Urbain	2
#A77B7B	20	1613	9	Saint-Urbain	Saint-Urbain	June 2010	Saint-Urbain	2
#A77B7B	20	2853	9	Saint-Urbain	Saint-Urbain	July 2010	Saint-Urbain	2
#A77B7B	20	2524	9	Saint-Urbain	Saint-Urbain	August 2010	Saint-Urbain	2
#A77B7B	20	2676	9	Saint-Urbain	Saint-Urbain	September 2010	Saint-Urbain	2
#A77B7B	20	2099	9	Saint-Urbain	Saint-Urbain	October 2010	Saint-Urbain	2
#A77B7B	21	243	9	Saint-Urbain	Saint-Urbain	January 2009	Saint-Urbain	2
#A77B7B	21	375	9	Saint-Urbain	Saint-Urbain	February 2009	Saint-Urbain	2
#A77B7B	21	1615	9	Saint-Urbain	Saint-Urbain	March 2009	Saint-Urbain	2
#A77B7B	21	911	9	Saint-Urbain	Saint-Urbain	April 2009	Saint-Urbain	2
#A77B7B	21	2614	9	Saint-Urbain	Saint-Urbain	May 2009	Saint-Urbain	2
#A77B7B	21	1483	9	Saint-Urbain	Saint-Urbain	June 2009	Saint-Urbain	2
#A77B7B	21	2654	9	Saint-Urbain	Saint-Urbain	July 2009	Saint-Urbain	2
#A77B7B	21	2125	9	Saint-Urbain	Saint-Urbain	August 2009	Saint-Urbain	2
#A77B7B	21	2616	9	Saint-Urbain	Saint-Urbain	September 2009	Saint-Urbain	2
#A77B7B	21	2260	9	Saint-Urbain	Saint-Urbain	October 2009	Saint-Urbain	2
#A77B7B	21	1524	9	Saint-Urbain	Saint-Urbain	November 2009	Saint-Urbain	2
#A77B7B	21	231	9	Saint-Urbain	Saint-Urbain	December 2009	Saint-Urbain	2
#A77B7B	21	549	9	Saint-Urbain	Saint-Urbain	January 2010	Saint-Urbain	2
#A77B7B	21	367	9	Saint-Urbain	Saint-Urbain	February 2010	Saint-Urbain	2
#A77B7B	21	757	9	Saint-Urbain	Saint-Urbain	March 2010	Saint-Urbain	2
#A77B7B	21	2605	9	Saint-Urbain	Saint-Urbain	April 2010	Saint-Urbain	2
#A77B7B	21	2576	9	Saint-Urbain	Saint-Urbain	May 2010	Saint-Urbain	2
#A77B7B	21	2827	9	Saint-Urbain	Saint-Urbain	June 2010	Saint-Urbain	2
#A77B7B	21	2508	9	Saint-Urbain	Saint-Urbain	July 2010	Saint-Urbain	2
#A77B7B	21	1321	9	Saint-Urbain	Saint-Urbain	August 2010	Saint-Urbain	2
#A77B7B	21	2637	9	Saint-Urbain	Saint-Urbain	September 2010	Saint-Urbain	2
#A77B7B	21	1425	9	Saint-Urbain	Saint-Urbain	October 2010	Saint-Urbain	2
#A77B7B	22	389	9	Saint-Urbain	Saint-Urbain	January 2009	Saint-Urbain	2
#A77B7B	22	592	9	Saint-Urbain	Saint-Urbain	February 2009	Saint-Urbain	2
#A77B7B	22	1245	9	Saint-Urbain	Saint-Urbain	March 2009	Saint-Urbain	2
#A77B7B	22	1440	9	Saint-Urbain	Saint-Urbain	April 2009	Saint-Urbain	2
#A77B7B	22	2218	9	Saint-Urbain	Saint-Urbain	May 2009	Saint-Urbain	2
#A77B7B	22	2322	9	Saint-Urbain	Saint-Urbain	June 2009	Saint-Urbain	2
#A77B7B	22	2123	9	Saint-Urbain	Saint-Urbain	July 2009	Saint-Urbain	2
#A77B7B	22	1760	9	Saint-Urbain	Saint-Urbain	August 2009	Saint-Urbain	2
#A77B7B	22	1856	9	Saint-Urbain	Saint-Urbain	September 2009	Saint-Urbain	2
#A77B7B	22	1703	9	Saint-Urbain	Saint-Urbain	October 2009	Saint-Urbain	2
#A77B7B	22	1063	9	Saint-Urbain	Saint-Urbain	November 2009	Saint-Urbain	2
#A77B7B	22	569	9	Saint-Urbain	Saint-Urbain	December 2009	Saint-Urbain	2
#A77B7B	22	560	9	Saint-Urbain	Saint-Urbain	January 2010	Saint-Urbain	2
#A77B7B	22	381	9	Saint-Urbain	Saint-Urbain	February 2010	Saint-Urbain	2
#A77B7B	22	1006	9	Saint-Urbain	Saint-Urbain	March 2010	Saint-Urbain	2
#A77B7B	22	2653	9	Saint-Urbain	Saint-Urbain	April 2010	Saint-Urbain	2
#A77B7B	22	1681	9	Saint-Urbain	Saint-Urbain	May 2010	Saint-Urbain	2
#A77B7B	22	2935	9	Saint-Urbain	Saint-Urbain	June 2010	Saint-Urbain	2
#A77B7B	22	2857	9	Saint-Urbain	Saint-Urbain	July 2010	Saint-Urbain	2
#A77B7B	22	843	9	Saint-Urbain	Saint-Urbain	August 2010	Saint-Urbain	2
#A77B7B	22	2288	9	Saint-Urbain	Saint-Urbain	September 2010	Saint-Urbain	2
#A77B7B	22	1892	9	Saint-Urbain	Saint-Urbain	October 2010	Saint-Urbain	2
#A77B7B	23	346	9	Saint-Urbain	Saint-Urbain	January 2009	Saint-Urbain	2
#A77B7B	23	475	9	Saint-Urbain	Saint-Urbain	February 2009	Saint-Urbain	2
#A77B7B	23	1758	9	Saint-Urbain	Saint-Urbain	March 2009	Saint-Urbain	2
#A77B7B	23	1551	9	Saint-Urbain	Saint-Urbain	April 2009	Saint-Urbain	2
#A77B7B	23	1734	9	Saint-Urbain	Saint-Urbain	May 2009	Saint-Urbain	2
#A77B7B	23	2673	9	Saint-Urbain	Saint-Urbain	June 2009	Saint-Urbain	2
#A77B7B	23	2643	9	Saint-Urbain	Saint-Urbain	July 2009	Saint-Urbain	2
#A77B7B	23	1352	9	Saint-Urbain	Saint-Urbain	August 2009	Saint-Urbain	2
#A77B7B	23	2017	9	Saint-Urbain	Saint-Urbain	September 2009	Saint-Urbain	2
#A77B7B	23	1776	9	Saint-Urbain	Saint-Urbain	October 2009	Saint-Urbain	2
#A77B7B	23	1545	9	Saint-Urbain	Saint-Urbain	November 2009	Saint-Urbain	2
#A77B7B	23	218	9	Saint-Urbain	Saint-Urbain	December 2009	Saint-Urbain	2
#A77B7B	23	580	9	Saint-Urbain	Saint-Urbain	January 2010	Saint-Urbain	2
#A77B7B	23	520	9	Saint-Urbain	Saint-Urbain	February 2010	Saint-Urbain	2
#A77B7B	23	799	9	Saint-Urbain	Saint-Urbain	March 2010	Saint-Urbain	2
#A77B7B	23	2808	9	Saint-Urbain	Saint-Urbain	April 2010	Saint-Urbain	2
#A77B7B	23	1861	9	Saint-Urbain	Saint-Urbain	May 2010	Saint-Urbain	2
#A77B7B	23	2753	9	Saint-Urbain	Saint-Urbain	June 2010	Saint-Urbain	2
#A77B7B	23	2441	9	Saint-Urbain	Saint-Urbain	July 2010	Saint-Urbain	2
#A77B7B	23	2102	9	Saint-Urbain	Saint-Urbain	August 2010	Saint-Urbain	2
#A77B7B	23	2678	9	Saint-Urbain	Saint-Urbain	September 2010	Saint-Urbain	2
#A77B7B	23	1424	9	Saint-Urbain	Saint-Urbain	October 2010	Saint-Urbain	2
#A77B7B	24	633	9	Saint-Urbain	Saint-Urbain	January 2009	Saint-Urbain	2
#A77B7B	24	724	9	Saint-Urbain	Saint-Urbain	February 2009	Saint-Urbain	2
#A77B7B	24	2022	9	Saint-Urbain	Saint-Urbain	March 2009	Saint-Urbain	2
#A77B7B	24	1681	9	Saint-Urbain	Saint-Urbain	April 2009	Saint-Urbain	2
#A77B7B	24	1745	9	Saint-Urbain	Saint-Urbain	May 2009	Saint-Urbain	2
#A77B7B	24	1724	9	Saint-Urbain	Saint-Urbain	June 2009	Saint-Urbain	2
#A77B7B	24	2202	9	Saint-Urbain	Saint-Urbain	July 2009	Saint-Urbain	2
#A77B7B	24	2293	9	Saint-Urbain	Saint-Urbain	August 2009	Saint-Urbain	2
#A77B7B	24	2847	9	Saint-Urbain	Saint-Urbain	September 2009	Saint-Urbain	2
#A77B7B	24	1166	9	Saint-Urbain	Saint-Urbain	October 2009	Saint-Urbain	2
#A77B7B	24	1689	9	Saint-Urbain	Saint-Urbain	November 2009	Saint-Urbain	2
#A77B7B	24	118	9	Saint-Urbain	Saint-Urbain	December 2009	Saint-Urbain	2
#A77B7B	24	419	9	Saint-Urbain	Saint-Urbain	January 2010	Saint-Urbain	2
#A77B7B	24	296	9	Saint-Urbain	Saint-Urbain	February 2010	Saint-Urbain	2
#A77B7B	24	1036	9	Saint-Urbain	Saint-Urbain	March 2010	Saint-Urbain	2
#A77B7B	24	2274	9	Saint-Urbain	Saint-Urbain	April 2010	Saint-Urbain	2
#A77B7B	24	1606	9	Saint-Urbain	Saint-Urbain	May 2010	Saint-Urbain	2
#A77B7B	24	1371	9	Saint-Urbain	Saint-Urbain	June 2010	Saint-Urbain	2
#A77B7B	24	1800	9	Saint-Urbain	Saint-Urbain	July 2010	Saint-Urbain	2
#A77B7B	24	2942	9	Saint-Urbain	Saint-Urbain	August 2010	Saint-Urbain	2
#A77B7B	24	1960	9	Saint-Urbain	Saint-Urbain	September 2010	Saint-Urbain	2
#A77B7B	24	944	9	Saint-Urbain	Saint-Urbain	October 2010	Saint-Urbain	2
#A77B7B	25	276	9	Saint-Urbain	Saint-Urbain	January 2009	Saint-Urbain	2
#A77B7B	25	1048	9	Saint-Urbain	Saint-Urbain	February 2009	Saint-Urbain	2
#A77B7B	25	2266	9	Saint-Urbain	Saint-Urbain	March 2009	Saint-Urbain	2
#A77B7B	25	1571	9	Saint-Urbain	Saint-Urbain	April 2009	Saint-Urbain	2
#A77B7B	25	2280	9	Saint-Urbain	Saint-Urbain	May 2009	Saint-Urbain	2
#A77B7B	25	2122	9	Saint-Urbain	Saint-Urbain	June 2009	Saint-Urbain	2
#A77B7B	25	1904	9	Saint-Urbain	Saint-Urbain	July 2009	Saint-Urbain	2
#A77B7B	25	2681	9	Saint-Urbain	Saint-Urbain	August 2009	Saint-Urbain	2
#A77B7B	25	2715	9	Saint-Urbain	Saint-Urbain	September 2009	Saint-Urbain	2
#A77B7B	25	1267	9	Saint-Urbain	Saint-Urbain	October 2009	Saint-Urbain	2
#A77B7B	25	1730	9	Saint-Urbain	Saint-Urbain	November 2009	Saint-Urbain	2
#A77B7B	25	54	9	Saint-Urbain	Saint-Urbain	December 2009	Saint-Urbain	2
#A77B7B	25	651	9	Saint-Urbain	Saint-Urbain	January 2010	Saint-Urbain	2
#A77B7B	25	266	9	Saint-Urbain	Saint-Urbain	February 2010	Saint-Urbain	2
#A77B7B	25	1285	9	Saint-Urbain	Saint-Urbain	March 2010	Saint-Urbain	2
#A77B7B	25	1899	9	Saint-Urbain	Saint-Urbain	April 2010	Saint-Urbain	2
#A77B7B	25	3060	9	Saint-Urbain	Saint-Urbain	May 2010	Saint-Urbain	2
#A77B7B	25	2760	9	Saint-Urbain	Saint-Urbain	June 2010	Saint-Urbain	2
#A77B7B	25	1754	9	Saint-Urbain	Saint-Urbain	July 2010	Saint-Urbain	2
#A77B7B	25	2834	9	Saint-Urbain	Saint-Urbain	August 2010	Saint-Urbain	2
#A77B7B	25	1718	9	Saint-Urbain	Saint-Urbain	September 2010	Saint-Urbain	2
#A77B7B	25	1340	9	Saint-Urbain	Saint-Urbain	October 2010	Saint-Urbain	2
#A77B7B	26	240	9	Saint-Urbain	Saint-Urbain	January 2009	Saint-Urbain	2
#A77B7B	26	728	9	Saint-Urbain	Saint-Urbain	February 2009	Saint-Urbain	2
#A77B7B	26	1746	9	Saint-Urbain	Saint-Urbain	March 2009	Saint-Urbain	2
#A77B7B	26	1224	9	Saint-Urbain	Saint-Urbain	April 2009	Saint-Urbain	2
#A77B7B	26	2347	9	Saint-Urbain	Saint-Urbain	May 2009	Saint-Urbain	2
#A77B7B	26	1961	9	Saint-Urbain	Saint-Urbain	June 2009	Saint-Urbain	2
#A77B7B	26	1173	9	Saint-Urbain	Saint-Urbain	July 2009	Saint-Urbain	2
#A77B7B	26	2515	9	Saint-Urbain	Saint-Urbain	August 2009	Saint-Urbain	2
#A77B7B	26	1859	9	Saint-Urbain	Saint-Urbain	September 2009	Saint-Urbain	2
#A77B7B	26	1860	9	Saint-Urbain	Saint-Urbain	October 2009	Saint-Urbain	2
#A77B7B	26	2136	9	Saint-Urbain	Saint-Urbain	November 2009	Saint-Urbain	2
#A77B7B	26	106	9	Saint-Urbain	Saint-Urbain	December 2009	Saint-Urbain	2
#A77B7B	26	574	9	Saint-Urbain	Saint-Urbain	January 2010	Saint-Urbain	2
#A77B7B	26	325	9	Saint-Urbain	Saint-Urbain	February 2010	Saint-Urbain	2
#A77B7B	26	1103	9	Saint-Urbain	Saint-Urbain	March 2010	Saint-Urbain	2
#A77B7B	26	2811	9	Saint-Urbain	Saint-Urbain	April 2010	Saint-Urbain	2
#A77B7B	26	3085	9	Saint-Urbain	Saint-Urbain	May 2010	Saint-Urbain	2
#A77B7B	26	2031	9	Saint-Urbain	Saint-Urbain	June 2010	Saint-Urbain	2
#A77B7B	26	2487	9	Saint-Urbain	Saint-Urbain	July 2010	Saint-Urbain	2
#A77B7B	26	3037	9	Saint-Urbain	Saint-Urbain	August 2010	Saint-Urbain	2
#A77B7B	26	1390	9	Saint-Urbain	Saint-Urbain	September 2010	Saint-Urbain	2
#A77B7B	26	1768	9	Saint-Urbain	Saint-Urbain	October 2010	Saint-Urbain	2
#A77B7B	27	419	9	Saint-Urbain	Saint-Urbain	January 2009	Saint-Urbain	2
#A77B7B	27	1296	9	Saint-Urbain	Saint-Urbain	February 2009	Saint-Urbain	2
#A77B7B	27	1752	9	Saint-Urbain	Saint-Urbain	March 2009	Saint-Urbain	2
#A77B7B	27	2349	9	Saint-Urbain	Saint-Urbain	April 2009	Saint-Urbain	2
#A77B7B	27	1181	9	Saint-Urbain	Saint-Urbain	May 2009	Saint-Urbain	2
#A77B7B	27	1060	9	Saint-Urbain	Saint-Urbain	June 2009	Saint-Urbain	2
#A77B7B	27	2173	9	Saint-Urbain	Saint-Urbain	July 2009	Saint-Urbain	2
#A77B7B	27	2762	9	Saint-Urbain	Saint-Urbain	August 2009	Saint-Urbain	2
#A77B7B	27	859	9	Saint-Urbain	Saint-Urbain	September 2009	Saint-Urbain	2
#A77B7B	27	1750	9	Saint-Urbain	Saint-Urbain	October 2009	Saint-Urbain	2
#A77B7B	27	1817	9	Saint-Urbain	Saint-Urbain	November 2009	Saint-Urbain	2
#A77B7B	27	124	9	Saint-Urbain	Saint-Urbain	December 2009	Saint-Urbain	2
#A77B7B	27	705	9	Saint-Urbain	Saint-Urbain	January 2010	Saint-Urbain	2
#A77B7B	27	444	9	Saint-Urbain	Saint-Urbain	February 2010	Saint-Urbain	2
#A77B7B	27	3856	9	Saint-Urbain	Saint-Urbain	April 2010	Saint-Urbain	2
#A77B7B	27	3122	9	Saint-Urbain	Saint-Urbain	May 2010	Saint-Urbain	2
#A77B7B	27	1942	9	Saint-Urbain	Saint-Urbain	June 2010	Saint-Urbain	2
#A77B7B	27	2790	9	Saint-Urbain	Saint-Urbain	July 2010	Saint-Urbain	2
#A77B7B	27	2967	9	Saint-Urbain	Saint-Urbain	August 2010	Saint-Urbain	2
#A77B7B	27	2510	9	Saint-Urbain	Saint-Urbain	September 2010	Saint-Urbain	2
#A77B7B	27	2258	9	Saint-Urbain	Saint-Urbain	October 2010	Saint-Urbain	2
#A77B7B	28	469	9	Saint-Urbain	Saint-Urbain	January 2009	Saint-Urbain	2
#A77B7B	28	1298	9	Saint-Urbain	Saint-Urbain	February 2009	Saint-Urbain	2
#A77B7B	28	1801	9	Saint-Urbain	Saint-Urbain	March 2009	Saint-Urbain	2
#A77B7B	28	2386	9	Saint-Urbain	Saint-Urbain	April 2009	Saint-Urbain	2
#A77B7B	28	1367	9	Saint-Urbain	Saint-Urbain	May 2009	Saint-Urbain	2
#A77B7B	28	1351	9	Saint-Urbain	Saint-Urbain	June 2009	Saint-Urbain	2
#A77B7B	28	2757	9	Saint-Urbain	Saint-Urbain	July 2009	Saint-Urbain	2
#A77B7B	28	2577	9	Saint-Urbain	Saint-Urbain	August 2009	Saint-Urbain	2
#A77B7B	28	1705	9	Saint-Urbain	Saint-Urbain	September 2009	Saint-Urbain	2
#A77B7B	28	1883	9	Saint-Urbain	Saint-Urbain	October 2009	Saint-Urbain	2
#A77B7B	28	1268	9	Saint-Urbain	Saint-Urbain	November 2009	Saint-Urbain	2
#A77B7B	28	201	9	Saint-Urbain	Saint-Urbain	December 2009	Saint-Urbain	2
#A77B7B	28	766	9	Saint-Urbain	Saint-Urbain	January 2010	Saint-Urbain	2
#A77B7B	28	321	9	Saint-Urbain	Saint-Urbain	February 2010	Saint-Urbain	2
#A77B7B	28	1609	9	Saint-Urbain	Saint-Urbain	April 2010	Saint-Urbain	2
#A77B7B	28	2770	9	Saint-Urbain	Saint-Urbain	May 2010	Saint-Urbain	2
#A77B7B	28	1807	9	Saint-Urbain	Saint-Urbain	June 2010	Saint-Urbain	2
#A77B7B	28	2436	9	Saint-Urbain	Saint-Urbain	July 2010	Saint-Urbain	2
#A77B7B	28	2090	9	Saint-Urbain	Saint-Urbain	August 2010	Saint-Urbain	2
#A77B7B	28	1794	9	Saint-Urbain	Saint-Urbain	September 2010	Saint-Urbain	2
#A77B7B	28	1999	9	Saint-Urbain	Saint-Urbain	October 2010	Saint-Urbain	2
#A77B7B	29	64	9	Saint-Urbain	Saint-Urbain	January 2009	Saint-Urbain	2
#A77B7B	29	1633	9	Saint-Urbain	Saint-Urbain	March 2009	Saint-Urbain	2
#A77B7B	29	2465	9	Saint-Urbain	Saint-Urbain	April 2009	Saint-Urbain	2
#A77B7B	29	1330	9	Saint-Urbain	Saint-Urbain	May 2009	Saint-Urbain	2
#A77B7B	29	845	9	Saint-Urbain	Saint-Urbain	June 2009	Saint-Urbain	2
#A77B7B	29	2224	9	Saint-Urbain	Saint-Urbain	July 2009	Saint-Urbain	2
#A77B7B	29	1194	9	Saint-Urbain	Saint-Urbain	August 2009	Saint-Urbain	2
#A77B7B	29	2004	9	Saint-Urbain	Saint-Urbain	September 2009	Saint-Urbain	2
#A77B7B	29	2025	9	Saint-Urbain	Saint-Urbain	October 2009	Saint-Urbain	2
#A77B7B	29	964	9	Saint-Urbain	Saint-Urbain	November 2009	Saint-Urbain	2
#A77B7B	29	136	9	Saint-Urbain	Saint-Urbain	December 2009	Saint-Urbain	2
#A77B7B	29	389	9	Saint-Urbain	Saint-Urbain	January 2010	Saint-Urbain	2
#A77B7B	29	3121	9	Saint-Urbain	Saint-Urbain	April 2010	Saint-Urbain	2
#A77B7B	29	2050	9	Saint-Urbain	Saint-Urbain	May 2010	Saint-Urbain	2
#A77B7B	29	2600	9	Saint-Urbain	Saint-Urbain	June 2010	Saint-Urbain	2
#A77B7B	29	2787	9	Saint-Urbain	Saint-Urbain	July 2010	Saint-Urbain	2
#A77B7B	29	1941	9	Saint-Urbain	Saint-Urbain	August 2010	Saint-Urbain	2
#A77B7B	29	2494	9	Saint-Urbain	Saint-Urbain	September 2010	Saint-Urbain	2
#A77B7B	29	1776	9	Saint-Urbain	Saint-Urbain	October 2010	Saint-Urbain	2
#A77B7B	30	312	9	Saint-Urbain	Saint-Urbain	January 2009	Saint-Urbain	2
#A77B7B	30	1756	9	Saint-Urbain	Saint-Urbain	March 2009	Saint-Urbain	2
#A77B7B	30	2537	9	Saint-Urbain	Saint-Urbain	April 2009	Saint-Urbain	2
#A77B7B	30	1475	9	Saint-Urbain	Saint-Urbain	May 2009	Saint-Urbain	2
#A77B7B	30	2556	9	Saint-Urbain	Saint-Urbain	June 2009	Saint-Urbain	2
#A77B7B	30	2765	9	Saint-Urbain	Saint-Urbain	July 2009	Saint-Urbain	2
#A77B7B	30	1378	9	Saint-Urbain	Saint-Urbain	August 2009	Saint-Urbain	2
#A77B7B	30	2324	9	Saint-Urbain	Saint-Urbain	September 2009	Saint-Urbain	2
#A77B7B	30	2132	9	Saint-Urbain	Saint-Urbain	October 2009	Saint-Urbain	2
#A77B7B	30	1088	9	Saint-Urbain	Saint-Urbain	November 2009	Saint-Urbain	2
#A77B7B	30	162	9	Saint-Urbain	Saint-Urbain	December 2009	Saint-Urbain	2
#A77B7B	30	94	9	Saint-Urbain	Saint-Urbain	January 2010	Saint-Urbain	2
#A77B7B	30	2887	9	Saint-Urbain	Saint-Urbain	April 2010	Saint-Urbain	2
#A77B7B	30	1684	9	Saint-Urbain	Saint-Urbain	May 2010	Saint-Urbain	2
#A77B7B	30	2706	9	Saint-Urbain	Saint-Urbain	June 2010	Saint-Urbain	2
#A77B7B	30	2608	9	Saint-Urbain	Saint-Urbain	July 2010	Saint-Urbain	2
#A77B7B	30	2932	9	Saint-Urbain	Saint-Urbain	August 2010	Saint-Urbain	2
#A77B7B	30	1661	9	Saint-Urbain	Saint-Urbain	September 2010	Saint-Urbain	2
#A77B7B	30	1308	9	Saint-Urbain	Saint-Urbain	October 2010	Saint-Urbain	2
#A77B7B	31	579	9	Saint-Urbain	Saint-Urbain	January 2009	Saint-Urbain	2
#A77B7B	31	1419	9	Saint-Urbain	Saint-Urbain	March 2009	Saint-Urbain	2
#A77B7B	31	1213	9	Saint-Urbain	Saint-Urbain	May 2009	Saint-Urbain	2
#A77B7B	31	2371	9	Saint-Urbain	Saint-Urbain	July 2009	Saint-Urbain	2
#A77B7B	31	2431	9	Saint-Urbain	Saint-Urbain	August 2009	Saint-Urbain	2
#A77B7B	31	1429	9	Saint-Urbain	Saint-Urbain	October 2009	Saint-Urbain	2
#A77B7B	31	249	9	Saint-Urbain	Saint-Urbain	December 2009	Saint-Urbain	2
#A77B7B	31	104	9	Saint-Urbain	Saint-Urbain	January 2010	Saint-Urbain	2
#A77B7B	31	3035	9	Saint-Urbain	Saint-Urbain	May 2010	Saint-Urbain	2
#A77B7B	31	1811	9	Saint-Urbain	Saint-Urbain	July 2010	Saint-Urbain	2
#A77B7B	31	2893	9	Saint-Urbain	Saint-Urbain	August 2010	Saint-Urbain	2
#A77B7B	31	963	9	Saint-Urbain	Saint-Urbain	October 2010	Saint-Urbain	2
#D21BD5	1	351	10	Totem_Laurier	Totem_Laurier	March 2013	Totem_Laurier	2
#D21BD5	1	524	10	Totem_Laurier	Totem_Laurier	April 2013	Totem_Laurier	2
#D21BD5	1	3565	10	Totem_Laurier	Totem_Laurier	May 2013	Totem_Laurier	2
#D21BD5	1	3172	10	Totem_Laurier	Totem_Laurier	June 2013	Totem_Laurier	2
#D21BD5	1	2358	10	Totem_Laurier	Totem_Laurier	July 2013	Totem_Laurier	2
#D21BD5	1	2651	10	Totem_Laurier	Totem_Laurier	August 2013	Totem_Laurier	2
#D21BD5	1	2858	10	Totem_Laurier	Totem_Laurier	September 2013	Totem_Laurier	2
#D21BD5	2	209	10	Totem_Laurier	Totem_Laurier	March 2013	Totem_Laurier	2
#D21BD5	2	818	10	Totem_Laurier	Totem_Laurier	April 2013	Totem_Laurier	2
#D21BD5	2	3551	10	Totem_Laurier	Totem_Laurier	May 2013	Totem_Laurier	2
#D21BD5	2	2497	10	Totem_Laurier	Totem_Laurier	June 2013	Totem_Laurier	2
#D21BD5	2	2858	10	Totem_Laurier	Totem_Laurier	July 2013	Totem_Laurier	2
#D21BD5	2	3168	10	Totem_Laurier	Totem_Laurier	August 2013	Totem_Laurier	2
#D21BD5	2	1533	10	Totem_Laurier	Totem_Laurier	September 2013	Totem_Laurier	2
#D21BD5	3	87	10	Totem_Laurier	Totem_Laurier	March 2013	Totem_Laurier	2
#D21BD5	3	947	10	Totem_Laurier	Totem_Laurier	April 2013	Totem_Laurier	2
#D21BD5	3	3724	10	Totem_Laurier	Totem_Laurier	May 2013	Totem_Laurier	2
#D21BD5	3	3253	10	Totem_Laurier	Totem_Laurier	June 2013	Totem_Laurier	2
#D21BD5	3	3787	10	Totem_Laurier	Totem_Laurier	July 2013	Totem_Laurier	2
#D21BD5	3	2516	10	Totem_Laurier	Totem_Laurier	August 2013	Totem_Laurier	2
#D21BD5	3	3524	10	Totem_Laurier	Totem_Laurier	September 2013	Totem_Laurier	2
#D21BD5	4	249	10	Totem_Laurier	Totem_Laurier	March 2013	Totem_Laurier	2
#D21BD5	4	1147	10	Totem_Laurier	Totem_Laurier	April 2013	Totem_Laurier	2
#D21BD5	4	3359	10	Totem_Laurier	Totem_Laurier	May 2013	Totem_Laurier	2
#D21BD5	4	3465	10	Totem_Laurier	Totem_Laurier	June 2013	Totem_Laurier	2
#D21BD5	4	3843	10	Totem_Laurier	Totem_Laurier	July 2013	Totem_Laurier	2
#D21BD5	4	1886	10	Totem_Laurier	Totem_Laurier	August 2013	Totem_Laurier	2
#D21BD5	4	2913	10	Totem_Laurier	Totem_Laurier	September 2013	Totem_Laurier	2
#D21BD5	5	229	10	Totem_Laurier	Totem_Laurier	March 2013	Totem_Laurier	2
#D21BD5	5	995	10	Totem_Laurier	Totem_Laurier	April 2013	Totem_Laurier	2
#D21BD5	5	3265	10	Totem_Laurier	Totem_Laurier	May 2013	Totem_Laurier	2
#D21BD5	5	3797	10	Totem_Laurier	Totem_Laurier	June 2013	Totem_Laurier	2
#D21BD5	5	3553	10	Totem_Laurier	Totem_Laurier	July 2013	Totem_Laurier	2
#D21BD5	5	3356	10	Totem_Laurier	Totem_Laurier	August 2013	Totem_Laurier	2
#D21BD5	5	2363	10	Totem_Laurier	Totem_Laurier	September 2013	Totem_Laurier	2
#D21BD5	6	457	10	Totem_Laurier	Totem_Laurier	March 2013	Totem_Laurier	2
#D21BD5	6	965	10	Totem_Laurier	Totem_Laurier	April 2013	Totem_Laurier	2
#D21BD5	6	3579	10	Totem_Laurier	Totem_Laurier	May 2013	Totem_Laurier	2
#D21BD5	6	2410	10	Totem_Laurier	Totem_Laurier	June 2013	Totem_Laurier	2
#D21BD5	6	2803	10	Totem_Laurier	Totem_Laurier	July 2013	Totem_Laurier	2
#D21BD5	6	3790	10	Totem_Laurier	Totem_Laurier	August 2013	Totem_Laurier	2
#D21BD5	6	3534	10	Totem_Laurier	Totem_Laurier	September 2013	Totem_Laurier	2
#D21BD5	7	454	10	Totem_Laurier	Totem_Laurier	March 2013	Totem_Laurier	2
#D21BD5	7	701	10	Totem_Laurier	Totem_Laurier	April 2013	Totem_Laurier	2
#D21BD5	7	3806	10	Totem_Laurier	Totem_Laurier	May 2013	Totem_Laurier	2
#D21BD5	7	1950	10	Totem_Laurier	Totem_Laurier	June 2013	Totem_Laurier	2
#D21BD5	7	2293	10	Totem_Laurier	Totem_Laurier	July 2013	Totem_Laurier	2
#D21BD5	7	3485	10	Totem_Laurier	Totem_Laurier	August 2013	Totem_Laurier	2
#D21BD5	7	2170	10	Totem_Laurier	Totem_Laurier	September 2013	Totem_Laurier	2
#D21BD5	8	553	10	Totem_Laurier	Totem_Laurier	March 2013	Totem_Laurier	2
#D21BD5	8	1356	10	Totem_Laurier	Totem_Laurier	April 2013	Totem_Laurier	2
#D21BD5	8	1937	10	Totem_Laurier	Totem_Laurier	May 2013	Totem_Laurier	2
#D21BD5	8	1469	10	Totem_Laurier	Totem_Laurier	June 2013	Totem_Laurier	2
#D21BD5	8	3654	10	Totem_Laurier	Totem_Laurier	July 2013	Totem_Laurier	2
#D21BD5	8	3612	10	Totem_Laurier	Totem_Laurier	August 2013	Totem_Laurier	2
#D21BD5	8	2224	10	Totem_Laurier	Totem_Laurier	September 2013	Totem_Laurier	2
#D21BD5	9	543	10	Totem_Laurier	Totem_Laurier	March 2013	Totem_Laurier	2
#D21BD5	9	1160	10	Totem_Laurier	Totem_Laurier	April 2013	Totem_Laurier	2
#D21BD5	9	2960	10	Totem_Laurier	Totem_Laurier	May 2013	Totem_Laurier	2
#D21BD5	9	2800	10	Totem_Laurier	Totem_Laurier	June 2013	Totem_Laurier	2
#D21BD5	9	4136	10	Totem_Laurier	Totem_Laurier	July 2013	Totem_Laurier	2
#D21BD5	9	3143	10	Totem_Laurier	Totem_Laurier	August 2013	Totem_Laurier	2
#D21BD5	9	3466	10	Totem_Laurier	Totem_Laurier	September 2013	Totem_Laurier	2
#D21BD5	10	488	10	Totem_Laurier	Totem_Laurier	March 2013	Totem_Laurier	2
#D21BD5	10	1450	10	Totem_Laurier	Totem_Laurier	April 2013	Totem_Laurier	2
#D21BD5	10	3223	10	Totem_Laurier	Totem_Laurier	May 2013	Totem_Laurier	2
#D21BD5	10	3689	10	Totem_Laurier	Totem_Laurier	June 2013	Totem_Laurier	2
#D21BD5	10	3264	10	Totem_Laurier	Totem_Laurier	July 2013	Totem_Laurier	2
#D21BD5	10	2800	10	Totem_Laurier	Totem_Laurier	August 2013	Totem_Laurier	2
#D21BD5	10	2464	10	Totem_Laurier	Totem_Laurier	September 2013	Totem_Laurier	2
#D21BD5	11	700	10	Totem_Laurier	Totem_Laurier	March 2013	Totem_Laurier	2
#D21BD5	11	1286	10	Totem_Laurier	Totem_Laurier	April 2013	Totem_Laurier	2
#D21BD5	11	1595	10	Totem_Laurier	Totem_Laurier	May 2013	Totem_Laurier	2
#D21BD5	11	1000	10	Totem_Laurier	Totem_Laurier	June 2013	Totem_Laurier	2
#D21BD5	11	4155	10	Totem_Laurier	Totem_Laurier	July 2013	Totem_Laurier	2
#D21BD5	11	2556	10	Totem_Laurier	Totem_Laurier	August 2013	Totem_Laurier	2
#D21BD5	11	3790	10	Totem_Laurier	Totem_Laurier	September 2013	Totem_Laurier	2
#D21BD5	12	649	10	Totem_Laurier	Totem_Laurier	March 2013	Totem_Laurier	2
#D21BD5	12	447	10	Totem_Laurier	Totem_Laurier	April 2013	Totem_Laurier	2
#D21BD5	12	1608	10	Totem_Laurier	Totem_Laurier	May 2013	Totem_Laurier	2
#D21BD5	12	3376	10	Totem_Laurier	Totem_Laurier	June 2013	Totem_Laurier	2
#D21BD5	12	3948	10	Totem_Laurier	Totem_Laurier	July 2013	Totem_Laurier	2
#D21BD5	12	3519	10	Totem_Laurier	Totem_Laurier	August 2013	Totem_Laurier	2
#D21BD5	12	2433	10	Totem_Laurier	Totem_Laurier	September 2013	Totem_Laurier	2
#D21BD5	13	94	10	Totem_Laurier	Totem_Laurier	February 2013	Totem_Laurier	2
#D21BD5	13	696	10	Totem_Laurier	Totem_Laurier	March 2013	Totem_Laurier	2
#D21BD5	13	435	10	Totem_Laurier	Totem_Laurier	April 2013	Totem_Laurier	2
#D21BD5	13	2002	10	Totem_Laurier	Totem_Laurier	May 2013	Totem_Laurier	2
#D21BD5	13	3805	10	Totem_Laurier	Totem_Laurier	June 2013	Totem_Laurier	2
#D21BD5	13	2974	10	Totem_Laurier	Totem_Laurier	July 2013	Totem_Laurier	2
#D21BD5	13	2765	10	Totem_Laurier	Totem_Laurier	August 2013	Totem_Laurier	2
#D21BD5	13	3065	10	Totem_Laurier	Totem_Laurier	September 2013	Totem_Laurier	2
#D21BD5	14	216	10	Totem_Laurier	Totem_Laurier	February 2013	Totem_Laurier	2
#D21BD5	14	519	10	Totem_Laurier	Totem_Laurier	March 2013	Totem_Laurier	2
#D21BD5	14	818	10	Totem_Laurier	Totem_Laurier	April 2013	Totem_Laurier	2
#D21BD5	14	2836	10	Totem_Laurier	Totem_Laurier	May 2013	Totem_Laurier	2
#D21BD5	14	3846	10	Totem_Laurier	Totem_Laurier	June 2013	Totem_Laurier	2
#D21BD5	14	2720	10	Totem_Laurier	Totem_Laurier	July 2013	Totem_Laurier	2
#D21BD5	14	2874	10	Totem_Laurier	Totem_Laurier	August 2013	Totem_Laurier	2
#D21BD5	14	2456	10	Totem_Laurier	Totem_Laurier	September 2013	Totem_Laurier	2
#D21BD5	15	137	10	Totem_Laurier	Totem_Laurier	February 2013	Totem_Laurier	2
#D21BD5	15	607	10	Totem_Laurier	Totem_Laurier	March 2013	Totem_Laurier	2
#D21BD5	15	1819	10	Totem_Laurier	Totem_Laurier	April 2013	Totem_Laurier	2
#D21BD5	15	2311	10	Totem_Laurier	Totem_Laurier	May 2013	Totem_Laurier	2
#D21BD5	15	3079	10	Totem_Laurier	Totem_Laurier	June 2013	Totem_Laurier	2
#D21BD5	15	3840	10	Totem_Laurier	Totem_Laurier	July 2013	Totem_Laurier	2
#D21BD5	15	3649	10	Totem_Laurier	Totem_Laurier	August 2013	Totem_Laurier	2
#D21BD5	15	2527	10	Totem_Laurier	Totem_Laurier	September 2013	Totem_Laurier	2
#D21BD5	16	107	10	Totem_Laurier	Totem_Laurier	February 2013	Totem_Laurier	2
#D21BD5	16	418	10	Totem_Laurier	Totem_Laurier	March 2013	Totem_Laurier	2
#D21BD5	16	1129	10	Totem_Laurier	Totem_Laurier	April 2013	Totem_Laurier	2
#D21BD5	16	2973	10	Totem_Laurier	Totem_Laurier	May 2013	Totem_Laurier	2
#D21BD5	16	1018	10	Totem_Laurier	Totem_Laurier	June 2013	Totem_Laurier	2
#D21BD5	16	4046	10	Totem_Laurier	Totem_Laurier	July 2013	Totem_Laurier	2
#D21BD5	16	3381	10	Totem_Laurier	Totem_Laurier	August 2013	Totem_Laurier	2
#D21BD5	16	3012	10	Totem_Laurier	Totem_Laurier	September 2013	Totem_Laurier	2
#D21BD5	17	82	10	Totem_Laurier	Totem_Laurier	February 2013	Totem_Laurier	2
#D21BD5	17	398	10	Totem_Laurier	Totem_Laurier	March 2013	Totem_Laurier	2
#D21BD5	17	2325	10	Totem_Laurier	Totem_Laurier	April 2013	Totem_Laurier	2
#D21BD5	17	3147	10	Totem_Laurier	Totem_Laurier	May 2013	Totem_Laurier	2
#D21BD5	17	2937	10	Totem_Laurier	Totem_Laurier	June 2013	Totem_Laurier	2
#D21BD5	17	2967	10	Totem_Laurier	Totem_Laurier	July 2013	Totem_Laurier	2
#D21BD5	17	2776	10	Totem_Laurier	Totem_Laurier	August 2013	Totem_Laurier	2
#D21BD5	17	3745	10	Totem_Laurier	Totem_Laurier	September 2013	Totem_Laurier	2
#D21BD5	18	134	10	Totem_Laurier	Totem_Laurier	February 2013	Totem_Laurier	2
#D21BD5	18	603	10	Totem_Laurier	Totem_Laurier	March 2013	Totem_Laurier	2
#D21BD5	18	1659	10	Totem_Laurier	Totem_Laurier	April 2013	Totem_Laurier	2
#D21BD5	18	3213	10	Totem_Laurier	Totem_Laurier	May 2013	Totem_Laurier	2
#D21BD5	18	3715	10	Totem_Laurier	Totem_Laurier	June 2013	Totem_Laurier	2
#D21BD5	18	3382	10	Totem_Laurier	Totem_Laurier	July 2013	Totem_Laurier	2
#D21BD5	18	2913	10	Totem_Laurier	Totem_Laurier	August 2013	Totem_Laurier	2
#D21BD5	18	3921	10	Totem_Laurier	Totem_Laurier	September 2013	Totem_Laurier	2
#D21BD5	19	204	10	Totem_Laurier	Totem_Laurier	February 2013	Totem_Laurier	2
#D21BD5	19	228	10	Totem_Laurier	Totem_Laurier	March 2013	Totem_Laurier	2
#D21BD5	19	2033	10	Totem_Laurier	Totem_Laurier	April 2013	Totem_Laurier	2
#D21BD5	19	1884	10	Totem_Laurier	Totem_Laurier	May 2013	Totem_Laurier	2
#D21BD5	19	4019	10	Totem_Laurier	Totem_Laurier	June 2013	Totem_Laurier	2
#D21BD5	19	2245	10	Totem_Laurier	Totem_Laurier	July 2013	Totem_Laurier	2
#D21BD5	19	3579	10	Totem_Laurier	Totem_Laurier	August 2013	Totem_Laurier	2
#D21BD5	20	143	10	Totem_Laurier	Totem_Laurier	February 2013	Totem_Laurier	2
#D21BD5	20	220	10	Totem_Laurier	Totem_Laurier	March 2013	Totem_Laurier	2
#D21BD5	20	1053	10	Totem_Laurier	Totem_Laurier	April 2013	Totem_Laurier	2
#D21BD5	20	2260	10	Totem_Laurier	Totem_Laurier	May 2013	Totem_Laurier	2
#D21BD5	20	4034	10	Totem_Laurier	Totem_Laurier	June 2013	Totem_Laurier	2
#D21BD5	20	2538	10	Totem_Laurier	Totem_Laurier	July 2013	Totem_Laurier	2
#D21BD5	20	4248	10	Totem_Laurier	Totem_Laurier	August 2013	Totem_Laurier	2
#D21BD5	21	144	10	Totem_Laurier	Totem_Laurier	February 2013	Totem_Laurier	2
#D21BD5	21	344	10	Totem_Laurier	Totem_Laurier	March 2013	Totem_Laurier	2
#D21BD5	21	1246	10	Totem_Laurier	Totem_Laurier	April 2013	Totem_Laurier	2
#D21BD5	21	2321	10	Totem_Laurier	Totem_Laurier	May 2013	Totem_Laurier	2
#D21BD5	21	3869	10	Totem_Laurier	Totem_Laurier	June 2013	Totem_Laurier	2
#D21BD5	21	2867	10	Totem_Laurier	Totem_Laurier	July 2013	Totem_Laurier	2
#D21BD5	21	4293	10	Totem_Laurier	Totem_Laurier	August 2013	Totem_Laurier	2
#D21BD5	22	223	10	Totem_Laurier	Totem_Laurier	February 2013	Totem_Laurier	2
#D21BD5	22	338	10	Totem_Laurier	Totem_Laurier	March 2013	Totem_Laurier	2
#D21BD5	22	2124	10	Totem_Laurier	Totem_Laurier	April 2013	Totem_Laurier	2
#D21BD5	22	3083	10	Totem_Laurier	Totem_Laurier	May 2013	Totem_Laurier	2
#D21BD5	22	1047	10	Totem_Laurier	Totem_Laurier	June 2013	Totem_Laurier	2
#D21BD5	22	3463	10	Totem_Laurier	Totem_Laurier	July 2013	Totem_Laurier	2
#D21BD5	22	2008	10	Totem_Laurier	Totem_Laurier	August 2013	Totem_Laurier	2
#D21BD5	23	99	10	Totem_Laurier	Totem_Laurier	February 2013	Totem_Laurier	2
#D21BD5	23	320	10	Totem_Laurier	Totem_Laurier	March 2013	Totem_Laurier	2
#D21BD5	23	2486	10	Totem_Laurier	Totem_Laurier	April 2013	Totem_Laurier	2
#D21BD5	23	2360	10	Totem_Laurier	Totem_Laurier	May 2013	Totem_Laurier	2
#D21BD5	23	2098	10	Totem_Laurier	Totem_Laurier	June 2013	Totem_Laurier	2
#D21BD5	23	2465	10	Totem_Laurier	Totem_Laurier	July 2013	Totem_Laurier	2
#D21BD5	23	3653	10	Totem_Laurier	Totem_Laurier	August 2013	Totem_Laurier	2
#D21BD5	24	120	10	Totem_Laurier	Totem_Laurier	February 2013	Totem_Laurier	2
#D21BD5	24	298	10	Totem_Laurier	Totem_Laurier	March 2013	Totem_Laurier	2
#D21BD5	24	2270	10	Totem_Laurier	Totem_Laurier	April 2013	Totem_Laurier	2
#D21BD5	24	1678	10	Totem_Laurier	Totem_Laurier	May 2013	Totem_Laurier	2
#D21BD5	24	2568	10	Totem_Laurier	Totem_Laurier	June 2013	Totem_Laurier	2
#D21BD5	24	3278	10	Totem_Laurier	Totem_Laurier	July 2013	Totem_Laurier	2
#D21BD5	24	2778	10	Totem_Laurier	Totem_Laurier	August 2013	Totem_Laurier	2
#D21BD5	25	391	10	Totem_Laurier	Totem_Laurier	February 2013	Totem_Laurier	2
#D21BD5	25	668	10	Totem_Laurier	Totem_Laurier	March 2013	Totem_Laurier	2
#D21BD5	25	2193	10	Totem_Laurier	Totem_Laurier	April 2013	Totem_Laurier	2
#D21BD5	25	919	10	Totem_Laurier	Totem_Laurier	May 2013	Totem_Laurier	2
#D21BD5	25	3101	10	Totem_Laurier	Totem_Laurier	June 2013	Totem_Laurier	2
#D21BD5	25	3671	10	Totem_Laurier	Totem_Laurier	July 2013	Totem_Laurier	2
#D21BD5	25	2742	10	Totem_Laurier	Totem_Laurier	August 2013	Totem_Laurier	2
#D21BD5	26	432	10	Totem_Laurier	Totem_Laurier	February 2013	Totem_Laurier	2
#D21BD5	26	758	10	Totem_Laurier	Totem_Laurier	March 2013	Totem_Laurier	2
#D21BD5	26	2087	10	Totem_Laurier	Totem_Laurier	April 2013	Totem_Laurier	2
#D21BD5	26	850	10	Totem_Laurier	Totem_Laurier	May 2013	Totem_Laurier	2
#D21BD5	26	3313	10	Totem_Laurier	Totem_Laurier	June 2013	Totem_Laurier	2
#D21BD5	26	3469	10	Totem_Laurier	Totem_Laurier	July 2013	Totem_Laurier	2
#D21BD5	26	2875	10	Totem_Laurier	Totem_Laurier	August 2013	Totem_Laurier	2
#D21BD5	27	340	10	Totem_Laurier	Totem_Laurier	February 2013	Totem_Laurier	2
#D21BD5	27	700	10	Totem_Laurier	Totem_Laurier	March 2013	Totem_Laurier	2
#D21BD5	27	2331	10	Totem_Laurier	Totem_Laurier	April 2013	Totem_Laurier	2
#D21BD5	27	3435	10	Totem_Laurier	Totem_Laurier	May 2013	Totem_Laurier	2
#D21BD5	27	3587	10	Totem_Laurier	Totem_Laurier	June 2013	Totem_Laurier	2
#D21BD5	27	3015	10	Totem_Laurier	Totem_Laurier	July 2013	Totem_Laurier	2
#D21BD5	27	3738	10	Totem_Laurier	Totem_Laurier	August 2013	Totem_Laurier	2
#D21BD5	28	306	10	Totem_Laurier	Totem_Laurier	February 2013	Totem_Laurier	2
#D21BD5	28	978	10	Totem_Laurier	Totem_Laurier	March 2013	Totem_Laurier	2
#D21BD5	28	2609	10	Totem_Laurier	Totem_Laurier	April 2013	Totem_Laurier	2
#D21BD5	28	3846	10	Totem_Laurier	Totem_Laurier	May 2013	Totem_Laurier	2
#D21BD5	28	1210	10	Totem_Laurier	Totem_Laurier	June 2013	Totem_Laurier	2
#D21BD5	28	1979	10	Totem_Laurier	Totem_Laurier	July 2013	Totem_Laurier	2
#D21BD5	28	3886	10	Totem_Laurier	Totem_Laurier	August 2013	Totem_Laurier	2
#D21BD5	29	757	10	Totem_Laurier	Totem_Laurier	March 2013	Totem_Laurier	2
#D21BD5	29	2734	10	Totem_Laurier	Totem_Laurier	April 2013	Totem_Laurier	2
#D21BD5	29	2011	10	Totem_Laurier	Totem_Laurier	May 2013	Totem_Laurier	2
#D21BD5	29	2015	10	Totem_Laurier	Totem_Laurier	June 2013	Totem_Laurier	2
#D21BD5	29	3203	10	Totem_Laurier	Totem_Laurier	July 2013	Totem_Laurier	2
#D21BD5	29	3995	10	Totem_Laurier	Totem_Laurier	August 2013	Totem_Laurier	2
#D21BD5	30	961	10	Totem_Laurier	Totem_Laurier	March 2013	Totem_Laurier	2
#D21BD5	30	2970	10	Totem_Laurier	Totem_Laurier	April 2013	Totem_Laurier	2
#D21BD5	30	3852	10	Totem_Laurier	Totem_Laurier	May 2013	Totem_Laurier	2
#D21BD5	30	2719	10	Totem_Laurier	Totem_Laurier	June 2013	Totem_Laurier	2
#D21BD5	30	3627	10	Totem_Laurier	Totem_Laurier	July 2013	Totem_Laurier	2
#D21BD5	30	3106	10	Totem_Laurier	Totem_Laurier	August 2013	Totem_Laurier	2
#D21BD5	31	647	10	Totem_Laurier	Totem_Laurier	March 2013	Totem_Laurier	2
#D21BD5	31	3986	10	Totem_Laurier	Totem_Laurier	May 2013	Totem_Laurier	2
#D21BD5	31	3989	10	Totem_Laurier	Totem_Laurier	July 2013	Totem_Laurier	2
#D21BD5	31	2303	10	Totem_Laurier	Totem_Laurier	August 2013	Totem_Laurier	2
