x	y	group
-73.5517852973529	45.490851250017	1274
-73.5520030008104	45.4908588771977	1274
-73.552054224999	45.4908565300953	1274
-73.5521293773459	45.4908394670178	1274
-73.5522239735059	45.4908101347658	1274
-73.5523039086861	45.4907967341868	1274
-73.5492134766074	45.4900590376033	1562
-73.548995775642	45.4900248210322	1562
-73.548811365402	45.4900871428764	1562
-73.548230038795	45.4900093020029	1562
-73.5479965976966	45.4899731768125	1562
-73.5740569025955	45.4779816665034	1752
-73.5740163265841	45.4779071966988	1752
-73.5739410097261	45.4776921092148	1752
-73.5738881086206	45.4775811105419	1752
-73.5535738175952	45.5252158997188	1
-73.5534606701615	45.5251889868693	1
-73.5530469843927	45.525081930856	1
-73.5527605057562	45.525006665143	1
-73.5473109232875	45.4706919990258	420
-73.5472633400075	45.4706779166751	420
-73.5471650998759	45.470636671626	420
-73.5470422162293	45.470597766115	420
-73.5468835960391	45.4705613512565	420
-73.5467754939937	45.470523909839	420
-73.5466645230985	45.4704664510457	420
-73.5465694020016	45.4704002605009	420
-73.5464722207124	45.4703207849981	420
-73.5464033753725	45.4702499293208	420
-73.5463311700966	45.4701613329649	420
-73.5462805838466	45.4700818040862	420
-73.5462362959244	45.4699876671537	420
-73.5462173810196	45.4699222548821	420
-73.5462205682345	45.4698981125856	420
-73.5599847695565	45.4689744564751	1803
-73.5600505645248	45.4690164338845	1803
-73.5601553408632	45.469057711005	1803
-73.5608356916648	45.4692913994075	1803
-73.5612051784503	45.4694069079676	1803
-73.5612721085778	45.4694222516626	1803
-73.5613592728779	45.4694306072696	1803
-73.5615968097061	45.4694394589471	1803
-73.5617426946887	45.4694502973388	1803
-73.56188291442	45.4694750727552	1803
-73.5620253199744	45.469503943759	1803
-73.56212597584	45.4695107549495	1803
-73.5622092745668	45.4695021968276	1803
-73.5622955037453	45.4694785293318	1803
-73.5310070421681	45.5524752676133	151
-73.5310296171075	45.5524991206961	151
-73.5310528134597	45.5525301975285	151
-73.5310777357952	45.5525906845359	151
-73.5311078748134	45.5526158277295	151
-73.5312140286083	45.5526809226738	151
-73.5417135017883	45.5369439794832	212
-73.5416988231726	45.5369146368715	212
-73.5417072112009	45.53680842826	212
-73.5417071821271	45.5367056388481	212
-73.5417010690163	45.536640003386	212
-73.5380889605866	45.5406803354231	220
-73.5380928647364	45.5406577746857	220
-73.5381283716688	45.5406161478686	220
-73.5381752089585	45.5405609892017	220
-73.5381979812696	45.5405498709027	220
-73.5350445263693	45.5462169954687	221
-73.5351265252125	45.5460960607653	221
-73.5351913119867	45.5459829459838	221
-73.5352230683739	45.5458577010612	221
-73.5352256415352	45.5458169913778	221
-73.5352623758873	45.5457229519497	221
-73.5353115573767	45.5456296725598	221
-73.5347333633642	45.5471775570808	222
-73.5347577044419	45.547163311964	222
-73.5348013512539	45.5471775690415	222
-73.5348758030921	45.5472034065342	222
-73.5349248649211	45.5472113113713	222
-73.5350163005109	45.5472146771849	222
-73.5350804570082	45.5472114683013	222
-73.5351410870449	45.5472032536385	222
-73.535192380259	45.5471851243256	222
-73.5352396534448	45.547154921247	222
-73.5352687169566	45.5471169528311	222
-73.5352748318318	45.5470561145441	222
-73.5352743861522	45.5469829883591	222
-73.5352607098993	45.5468786848331	222
-73.535236296296	45.5468094769004	222
-73.5352202114159	45.5467877655834	222
-73.5351768412085	45.5467767190491	222
-73.5351318063696	45.5467636488299	222
-73.5351020934081	45.546744772154	222
-73.5350501142776	45.546704948427	222
-73.5350129810709	45.5466515696211	222
-73.5349897729078	45.5465935489272	222
-73.5349688855304	45.5465053577319	222
-73.5349665646523	45.546414845639	222
-73.5349779495538	45.5463466196	222
-73.5336502908003	45.5476948146947	223
-73.533715623182	45.5477145958185	223
-73.5340425713543	45.5478181608686	223
-73.5341162454461	45.5478416152739	223
-73.5341629642539	45.5478502643649	223
-73.5341962786681	45.5478483660711	223
-73.5342430047143	45.5478397757458	223
-73.534266193658	45.5478241295526	223
-73.5342908961972	45.5477887633964	223
-73.5346198607252	45.5473054686802	223
-73.5331416683315	45.549416473617	224
-73.5332440740137	45.5492434403219	224
-73.5333062179982	45.5491235115249	224
-73.5333370967057	45.5490906221066	224
-73.5335617525733	45.5489152968799	224
-73.5336099503839	45.5488624996111	224
-73.5336565114953	45.5487933383129	224
-73.533795140982	45.5485256428271	224
-73.5338418614199	45.5484063686472	224
-73.5338528450208	45.5483607906408	224
-73.5338407873536	45.5483339135423	224
-73.5338186735301	45.5482940911994	224
-73.533771900114	45.5482501606818	224
-73.5336621250407	45.5481655665155	224
-73.5335699121369	45.5481051986766	224
-73.5335206916297	45.5479639950483	224
-73.5322783330116	45.5505789840665	225
-73.5323387459215	45.5504468848766	225
-73.5323740753595	45.550313756109	225
-73.5324036379451	45.5502188946973	225
-73.5324465159507	45.5501308791116	225
-73.5325187124921	45.5500504799142	225
-73.5326125761523	45.5499820497072	225
-73.532731353295	45.5498993503152	225
-73.5327856289711	45.5498438786187	225
-73.5328630620866	45.5497497233425	225
-73.5316739446368	45.5515518209255	226
-73.5316813683694	45.5515328168405	226
-73.5316717410403	45.5514808639918	226
-73.5316260122292	45.551358426428	226
-73.5316184799031	45.5512788345796	226
-73.5316330992233	45.5512261747721	226
-73.531666340787	45.5511674077578	226
-73.5317547774059	45.5510665028911	226
-73.5318411378713	45.5509867917491	226
-73.5283819468701	45.55438965	227
-73.52838516645	45.55438965	227
-73.5284190438346	45.55438965	227
-73.5284501044185	45.55438965	227
-73.5284673402508	45.55438965	227
-73.52799191044	45.55438965	228
-73.5279849756618	45.55438965	228
-73.5280276986922	45.55438965	228
-73.528065093549	45.55438965	228
-73.5280784093802	45.55438965	228
-73.526913717998	45.55438965	235
-73.5269559427128	45.55438965	235
-73.5270896889152	45.55438965	235
-73.5272072625947	45.55438965	235
-73.5273010788253	45.55438965	235
-73.5273597323998	45.55438965	235
-73.5273928756298	45.55438965	235
-73.5274196359983	45.55438965	235
-73.527451468608	45.55438965	235
-73.5274841576435	45.55438965	235
-73.5274946368356	45.55438965	235
-73.5435090369625	45.5329963174737	380
-73.5433438175915	45.5331899204953	380
-73.5432817271363	45.5332940652559	380
-73.543141466662	45.5336243581142	380
-73.542849216664	45.5343231429496	380
-73.5426292727056	45.5349179920974	380
-73.5423651040865	45.5356674586336	380
-73.5422729605763	45.5358392605524	380
-73.5421843544555	45.5359550052313	380
-73.5420717289189	45.5361205895078	380
-73.5419642960134	45.5362666189271	380
-73.5418654782843	45.5363476751253	380
-73.5417769184373	45.5363894661929	380
-73.5417304002269	45.5363990178608	380
-73.5439149471632	45.5325578855701	381
-73.5436688760496	45.5328227602521	381
-73.6224963	45.55438965	382
-73.6224963	45.55438965	382
-73.6224963	45.55438965	382
-73.6224963	45.55438965	382
-73.6224963	45.55438965	382
-73.6224963	45.55438965	382
-73.6224963	45.55438965	382
-73.6224963	45.55438965	382
-73.6224963	45.55438965	382
-73.6224963	45.55438965	382
-73.6224963	45.55438965	382
-73.6224963	45.55438965	383
-73.6224963	45.55438965	383
-73.5449711569773	45.5284438103193	389
-73.5449695531111	45.5285036522312	389
-73.5449516297232	45.5285709556365	389
-73.5448870797177	45.5286850345281	389
-73.5448431553607	45.5287458727974	389
-73.5447800365081	45.5287848112538	389
-73.5456880156087	45.5260929090056	399
-73.5456724854939	45.5261307879278	399
-73.5456508746879	45.5262324051291	399
-73.5456651915757	45.5263266918939	399
-73.5456773907088	45.5264176852918	399
-73.5456642785172	45.5265008956705	399
-73.5455932588054	45.5267658927993	399
-73.5455651104188	45.5268940498989	399
-73.545544394734	45.5270233405902	399
-73.5817808909417	45.4723707861911	516
-73.5818225364945	45.4723374179164	516
-73.5819208161856	45.4722415192363	516
-73.582103871755	45.4720498182001	516
-73.5822195216265	45.471937705476	516
-73.5828274906757	45.4713357441963	516
-73.5832696592943	45.4708868779019	516
-73.5833678171783	45.4707922718922	516
-73.5837554701656	45.4704910765459	516
-73.5837721874089	45.4704805298399	516
-73.5808696705756	45.4720167851567	527
-73.5816266712457	45.4723168284254	527
-73.5827183206644	45.4698626351873	539
-73.5825889727901	45.4698920377045	539
-73.5743955250679	45.4782619953585	540
-73.5745426999577	45.4781314611731	540
-73.574784978097	45.4779262782966	540
-73.5749869836371	45.4777611682186	540
-73.5725998468299	45.4802226245506	541
-73.5727459895229	45.4801051880978	541
-73.572815180571	45.4800406747429	541
-73.5728394725656	45.4799668075569	541
-73.5728111267242	45.4798497610479	541
-73.5727722312002	45.4797378392792	541
-73.5727474009207	45.4796494825652	541
-73.5727675718439	45.4795756308955	541
-73.5730221832907	45.4793897411486	541
-73.5716613265393	45.4805406175931	542
-73.5717691947119	45.4805008708894	542
-73.5718832659701	45.4804930822029	542
-73.5720282564377	45.4805157085681	542
-73.5721269581196	45.4805129285764	542
-73.5722347131654	45.480491714939	542
-73.5723726380964	45.4804023438221	542
-73.5724981942734	45.4802957794464	542
-73.5674949460557	45.4838794279878	543
-73.5677712641652	45.4837335464954	543
-73.5678809308616	45.483653608346	543
-73.5681510871931	45.4834391920316	543
-73.5688184363896	45.4828890722109	543
-73.5689868106749	45.4827412044145	543
-73.5691415545276	45.4825853809635	543
-73.569302240085	45.4824188299399	543
-73.5694572271179	45.4822870020166	543
-73.5696163344014	45.4821802931206	543
-73.5698507887378	45.4820510221703	543
-73.5699321922309	45.4819991993977	543
-73.5700471114302	45.4819019553843	543
-73.5705689433511	45.4814822801457	543
-73.5708789166555	45.4812452050183	543
-73.5660105974895	45.485089327468	544
-73.5660623382254	45.4849367894678	544
-73.5661100153846	45.4848935026085	544
-73.5662914667408	45.4847880981799	544
-73.5663555235963	45.484747493507	544
-73.5664169353116	45.4846670446716	544
-73.5664612885559	45.4846118159923	544
-73.5662595660139	45.4856664304223	545
-73.5664571163457	45.4855935272139	545
-73.5641149971511	45.4870775992736	546
-73.5640266428978	45.4868200460207	546
-73.5651502568084	45.4856001573365	547
-73.5652893404	45.4857132717793	547
-73.5652972454361	45.4857358122354	547
-73.5650380268728	45.4858809553915	547
-73.564951014351	45.4859302752131	547
-73.5649416493452	45.4859583882476	547
-73.5649868377362	45.4859975397105	547
-73.5651153055497	45.4861070806712	547
-73.5641204499546	45.4860241378469	548
-73.5642983594177	45.4859359670785	548
-73.564169907872	45.4871788489219	558
-73.5642628582101	45.4871345927116	558
-73.5643707204988	45.4870747142296	558
-73.5644517281838	45.4870446638132	558
-73.5645114999376	45.4870326004969	558
-73.5645758117862	45.4870425770218	558
-73.5646220444911	45.4870686334805	558
-73.5646804032467	45.4871254440598	558
-73.5646946302893	45.4871616581884	558
-73.564694196877	45.4872107271245	558
-73.5545774464239	45.55438965	569
-73.5546272384861	45.55438965	569
-73.5546221931998	45.55438965	569
-73.5545964706525	45.55438965	569
-73.5545815631683	45.55438965	569
-73.55456315942	45.55438965	569
-73.55454840073	45.55438965	569
-73.554537259276	45.55438965	569
-73.5545550476087	45.55438965	569
-73.554591120991	45.55438965	569
-73.5836403701528	45.5403148689626	580
-73.5833917662583	45.5404473432038	580
-73.5923146360387	45.5333550571569	591
-73.5918959340666	45.5337188224137	591
-73.5918419995159	45.5337839779246	591
-73.5911730719914	45.5343507135388	591
-73.5904513474043	45.5349840005002	591
-73.5890250921529	45.5361918165823	591
-73.5880928227814	45.5369815565028	591
-73.5878281485414	45.5372057642451	591
-73.5872143594956	45.537748353273	591
-73.586499206972	45.5383487828656	591
-73.5940730561844	45.5318630301725	602
-73.5934984583759	45.5323633704797	602
-73.5929049614174	45.5328666148108	602
-73.592845832378	45.5329168490219	602
-73.6013070214943	45.5286413153907	613
-73.6012124665774	45.5286413607125	613
-73.6011148366833	45.5286534612325	613
-73.6008938054826	45.5287080962706	613
-73.6008189136886	45.5287851157943	613
-73.6007535275259	45.5288370740898	613
-73.6006428499184	45.5288835717257	613
-73.600515087173	45.5288892358273	613
-73.6003536122775	45.528853976995	613
-73.6002337451591	45.5288003302936	613
-73.6001392604178	45.5288090721982	613
-73.5999542108726	45.5288951855177	613
-73.5998641212062	45.528937250984	613
-73.5997678079157	45.5289631500391	613
-73.5996089808176	45.5289648339695	613
-73.5994353082643	45.5289592620133	613
-73.5992682923186	45.5290077007677	613
-73.598422511488	45.5292534132849	613
-73.5983404131341	45.5292951334966	613
-73.5982888669431	45.5293481056828	613
-73.6065115681485	45.5285036753729	624
-73.6063267219036	45.5285591776485	624
-73.6061670623002	45.5285907140749	624
-73.6060401504982	45.5285916752414	624
-73.6058568058421	45.5285750904016	624
-73.6055665283346	45.5285349194727	624
-73.6050948035149	45.5284618068283	624
-73.6049832822813	45.5284513080801	624
-73.6047805632789	45.5284478021677	624
-73.6043953872915	45.5284352431032	624
-73.6036926525857	45.5284218688751	624
-73.6033117082023	45.5284223358088	624
-73.6030028199543	45.5284341972794	624
-73.6028135163584	45.5284649118595	624
-73.6025751595016	45.5285035401578	624
-73.6024332643061	45.5285114266176	624
-73.6021724413886	45.5285421605071	624
-73.6017220899963	45.5285839593975	624
-73.5680959413633	45.5288328168949	635
-73.568052290859	45.5288846308744	635
-73.5674792040051	45.5295025441491	635
-73.5673911450092	45.5295715696085	635
-73.5932715564389	45.5340294441317	646
-73.5933676938893	45.5340198316749	646
-73.5934426941959	45.5339859933913	646
-73.5934756859259	45.5339370441514	646
-73.593473627221	45.5338541558033	646
-73.593494255865	45.5337909151175	646
-73.5935503898913	45.5337470932004	646
-73.5936633438785	45.5336976050735	646
-73.5937189654434	45.5336452655591	646
-73.5939578257396	45.533356737692	646
-73.5578230214413	45.4894396882399	657
-73.5576935803521	45.4895600637734	657
-73.5575944859839	45.4896315147132	657
-73.5573633529351	45.4897720553362	657
-73.5623079611937	45.4880819670367	668
-73.5627701334283	45.4879128443259	668
-73.5631343949366	45.4877611195088	668
-73.5634670636193	45.4876334624438	668
-73.5637042821496	45.4874787920337	668
-73.558259200801	45.4901986026862	676
-73.5584704174186	45.4901006406812	676
-73.5590155026622	45.4898197206935	676
-73.5592910344929	45.4896721232119	676
-73.5593766131202	45.4896418812619	676
-73.5595913621159	45.4895848509572	676
-73.5597985429579	45.4894906034205	676
-73.5601017834488	45.4893429472265	676
-73.5609726098328	45.4888555571005	676
-73.5573228589338	45.4906307668834	677
-73.5575522307298	45.4905002910353	677
-73.5550121285393	45.4907690942584	678
-73.554679175644	45.4907412595222	678
-73.5570922666918	45.4896621541037	679
-73.5570525378146	45.4895111123161	679
-73.5570316577176	45.4894311235227	679
-73.5570006026093	45.4893990988629	679
-73.556920831018	45.4893825281813	679
-73.5568731755361	45.4893956809141	679
-73.5568169596529	45.489434617762	679
-73.5567900331819	45.489476018075	679
-73.5567557550929	45.4895243199546	679
-73.5566779253612	45.4901468867353	679
-73.5527365963512	45.4962316450745	682
-73.5526230009812	45.4962689682353	682
-73.5525125601129	45.496266108731	682
-73.5523004731197	45.4962574364029	682
-73.5522353989549	45.4962134895171	682
-73.5521974699269	45.496169512219	682
-73.5521899161213	45.4961264266359	682
-73.5522097450212	45.4960781187078	682
-73.5687491136374	45.5231588301482	686
-73.5725119356692	45.5248691165647	686
-73.5725690767956	45.5249148434987	686
-73.5725921464636	45.5249694411809	686
-73.5726417986232	45.5250649520781	686
-73.5727258848751	45.5251491600133	686
-73.5727866730397	45.525223731816	686
-73.5728350514514	45.5253018965912	686
-73.5728862728675	45.5254366529166	686
-73.5729763404293	45.5255977798831	686
-73.5729820810368	45.5256349134892	686
-73.5729795608129	45.5257287920949	686
-73.5729968914855	45.5258295539448	686
-73.5730546118774	45.5260009280416	686
-73.5731171305943	45.5262355768436	686
-73.5731251356548	45.5263199820253	686
-73.5730947129027	45.5264079666361	686
-73.5730446111496	45.5264950216781	686
-73.5728805184856	45.5266791186107	686
-73.5728071503019	45.5267608864645	686
-73.5728056267125	45.5268107370606	686
-73.5728247801076	45.5268426237046	686
-73.5728692890342	45.5268708464722	686
-73.5729679240093	45.5269152795375	686
-73.5522412177722	45.491290170299	687
-73.5522789443249	45.4910357685604	687
-73.5509707061141	45.4955694490183	696
-73.5509925779207	45.4956027178073	696
-73.5510250404712	45.4956364562318	696
-73.551077080881	45.4956674259504	696
-73.5511903485128	45.4957017448338	696
-73.5513929930166	45.4957643126296	696
-73.5514480231968	45.4957701817597	696
-73.551478501315	45.4957663034181	696
-73.5515048252995	45.4957553928739	696
-73.5515308794809	45.4957387735283	696
-73.5282888645522	45.5170054065845	700
-73.5272112327991	45.5171461988098	700
-73.5213491985992	45.4977479784327	709
-73.521223766825	45.497685146074	709
-73.5207158758169	45.4976211279269	709
-73.5207814742761	45.4970367309163	709
-73.5211830089718	45.4966485040542	709
-73.5213331487068	45.4962727070779	709
-73.5564949819548	45.55438965	720
-73.5564496970735	45.55438965	720
-73.5562837759927	45.55438965	720
-73.5558343314894	45.55438965	720
-73.5553633053633	45.55438965	720
-73.5548472932528	45.55438965	720
-73.554617961179	45.55438965	720
-73.5918249495042	45.5027577516852	951
-73.5914201233721	45.5030914445829	951
-73.5908512969863	45.5034139822179	951
-73.5899821644142	45.5038469077088	951
-73.589452427192	45.5040130811875	951
-73.5892103547019	45.5040592570618	951
-73.5867130441607	45.5104386747881	952
-73.5864612113321	45.5102397159905	952
-73.5859976629792	45.509924983877	952
-73.5853078475109	45.5093044962001	952
-73.5850606143542	45.5090436283138	952
-73.584857582055	45.5087481541388	952
-73.5847640310017	45.5085562503478	952
-73.5847373804652	45.508328604755	952
-73.5847051231404	45.5081221455966	952
-73.5844221775994	45.5074553382439	952
-73.5844252196158	45.5073334009721	952
-73.5844900499222	45.5068227669601	952
-73.5846328129638	45.5061304260553	952
-73.5847337462436	45.505734730755	952
-73.5848506366733	45.505327554894	952
-73.5848798329154	45.5051677588343	952
-73.5848700671716	45.5050790789571	952
-73.5847517769845	45.5048054221485	952
-73.5847562953658	45.5046938942274	952
-73.5847643383621	45.5046031604469	952
-73.5848527251658	45.5044363106448	952
-73.585159595772	45.5041429417998	952
-73.5853718279024	45.5039391920493	952
-73.5855612138091	45.503701943698	952
-73.5858422434099	45.5033499071293	952
-73.5861753102891	45.5029771051359	952
-73.5864102605292	45.5027514315477	952
-73.5865341430403	45.5026226904738	952
-73.5867005785989	45.5023719250746	952
-73.5868332306198	45.5022036606975	952
-73.5870141053331	45.5020565129943	952
-73.5872660827148	45.5019319335035	952
-73.5873803731909	45.5018259992652	952
-73.5875257262051	45.5016293081614	952
-73.5848343237981	45.5146334698119	953
-73.5848915752904	45.5145724157336	953
-73.5853491874545	45.5147848223399	953
-73.5854667601375	45.5146648941584	953
-73.5855779616716	45.5146628571118	953
-73.5860532369746	45.5147455593353	953
-73.5865556326654	45.5148963761398	953
-73.5870584736876	45.5150470104998	953
-73.5875561922159	45.5151189141395	953
-73.5883759889632	45.5150823972515	953
-73.588658535668	45.5150939389615	953
-73.5895590502516	45.515235849296	953
-73.5897682445122	45.5152379741052	953
-73.5899013197561	45.5152091215562	953
-73.590075075073	45.515144855966	953
-73.5901631426433	45.5150829704534	953
-73.5901893249055	45.5149877621456	953
-73.5901917052713	45.5149044547541	953
-73.5901512415603	45.5148401891727	953
-73.5900084292306	45.5147616423009	953
-73.5890055651202	45.5144185924291	953
-73.5888493071328	45.5143228360647	953
-73.5886699143759	45.5141415521894	953
-73.5885148481442	45.513892866079	953
-73.5883101500974	45.5136286628226	953
-73.5881078324859	45.5134715690887	953
-73.587915354065	45.513374340615	953
-73.5869745556577	45.512881941225	953
-73.586462105413	45.5124992240187	953
-73.586041458236	45.512148329819	953
-73.5858313308394	45.5119612731306	953
-73.5854781618675	45.5116550088806	953
-73.5851977948787	45.5112476560406	953
-73.5849207328877	45.5109747300316	953
-73.5848421859281	45.5109128447002	953
-73.5848310113285	45.5108459506724	953
-73.5848850296855	45.510734329026	953
-73.5849826183519	45.510705766478	953
-73.5850663825463	45.5106938922426	953
-73.585151613213	45.510746230093	953
-73.5852668756741	45.51085058988	953
-73.5856919520677	45.5112341646568	953
-73.5860359672872	45.511586740562	953
-73.5861589115459	45.5116750698105	953
-73.5863913558683	45.5118038084107	953
-73.5865077589791	45.5118669614417	953
-73.5871295305107	45.5120666213989	953
-73.5876200734183	45.5121973185857	953
-73.5459016774578	45.5261198983975	1026
-73.5458212031975	45.5260917475532	1026
-73.5456962893804	45.5260785397147	1026
-73.5449468394078	45.5306933591734	1030
-73.5442477029478	45.5304382774528	1030
-73.5833302771842	45.5162650364033	1031
-73.5856714067746	45.5173205416862	1031
-73.538352410435	45.4744171510443	1032
-73.5383742174216	45.4745760299721	1032
-73.538448983931	45.4746912950055	1032
-73.5386078627583	45.4747629463027	1032
-73.5387449347401	45.4748127905641	1032
-73.5388228163884	45.4748252516179	1032
-73.5389214985857	45.4748397300386	1032
-73.5390907191752	45.4748711812061	1032
-73.5392215712458	45.4748750959407	1032
-73.5393243752465	45.474803444834	1032
-73.5394116028649	45.474632104838	1032
-73.5394365249253	45.4745106092694	1032
-73.5394707928649	45.4744202663729	1032
-73.5395424440822	45.4743704220645	1032
-73.5396359023964	45.4743641915348	1032
-73.5397075536442	45.4743891136358	1032
-73.5398072421887	45.4744701106948	1032
-73.5398664325188	45.4745822604897	1032
-73.5399443141738	45.4746663727919	1032
-73.5400315417699	45.4746694880588	1032
-73.5401281151735	45.4745853757766	1032
-73.5402994551976	45.4745324161839	1032
-73.5405019478215	45.4745043786468	1032
-73.5408913565611	45.4743859983512	1032
-73.5409785842558	45.474326808266	1032
-73.5410284286178	45.4742582723268	1032
-73.5410440049416	45.4741803905113	1032
-73.5409941606312	45.4740651254145	1032
-73.5404427576213	45.4734171490304	1032
-73.5396514787418	45.4725573340769	1032
-73.5515755235181	45.4908439284479	1068
-73.5517852973529	45.490851250017	1068
-73.5492134766074	45.4900590376033	1072
-73.5492848332548	45.4900696890877	1072
-73.5493518302456	45.4901001826924	1072
-73.5494538414957	45.4901581837313	1072
-73.5495354150577	45.4902049726658	1072
-73.549606635092	45.4902406026787	1072
-73.549717857853	45.4902832268497	1072
-73.5498112153771	45.4903019620835	1072
-73.5499687018345	45.4903139338043	1072
-73.5500121243791	45.4903114370505	1072
-73.5501889283109	45.4903375683635	1072
-73.550323432077	45.490389832389	1072
-73.5504585064231	45.4904420720378	1072
-73.5505934532614	45.4904941556563	1072
-73.5508016646532	45.4905750146391	1072
-73.5511884234028	45.4907473417794	1072
-73.5512708425714	45.4907879711121	1072
-73.5513654265245	45.4908182531303	1072
-73.5515245238804	45.4908422379178	1072
-73.5515755235181	45.4908439284479	1072
-73.5473109232875	45.4706919990258	1073
-73.5474040471742	45.4707004335103	1073
-73.547542645732	45.4707117617388	1073
-73.5923146360387	45.5333550571569	1074
-73.5924606071809	45.5332358357057	1074
-73.592845832378	45.5329168490219	1074
-73.5462205682345	45.4698981125856	1087
-73.5462246440137	45.4698829549914	1087
-73.5462383746492	45.4698350012931	1087
-73.5462978360036	45.4696839166926	1087
-73.5463198248628	45.4696294884312	1087
-73.546362720638	45.4694668653027	1087
-73.5463969745284	45.4693368338547	1087
-73.5464148631805	45.4693119036951	1087
-73.5464510831059	45.4692884473133	1087
-73.546535593926	45.469254070431	1087
-73.5465871928068	45.4692270582607	1087
-73.5466194475886	45.4691987764386	1087
-73.5466359675032	45.469168587666	1087
-73.5466405821733	45.4691490568327	1087
-73.5466378964771	45.4690394511219	1087
-73.5466434894699	45.4689794384227	1087
-73.5310070421681	45.5524752676133	1435
-73.5311089277066	45.5524000539828	1435
-73.5311769171894	45.5523533457368	1435
-73.531210989027	45.5523135547512	1435
-73.5312576538445	45.5522402013964	1435
-73.5313093511227	45.5521693733456	1435
-73.5313781855422	45.5521071622709	1435
-73.5314688537913	45.5520441855878	1435
-73.5315246782102	45.5519826878321	1435
-73.5315586506322	45.5519377454025	1435
-73.531593058383	45.5518178673427	1435
-73.531611610265	45.5517002735185	1435
-73.5316435588707	45.5516104667209	1435
-73.5316739446368	45.5515518209255	1435
-73.5381979812696	45.5405498709027	1448
-73.5383301847056	45.5405302333586	1448
-73.5385845499461	45.5404981514403	1448
-73.5386765414958	45.5404828010106	1448
-73.5387306826535	45.5404645486967	1448
-73.5387942514175	45.5404239841584	1448
-73.5392711240108	45.5398554371635	1448
-73.5393815464447	45.5397173395105	1448
-73.5394268950695	45.5396222873254	1448
-73.5394811154036	45.5394891573733	1448
-73.5395168348269	45.5393967702904	1448
-73.5395533800369	45.5393405986206	1448
-73.5396110831253	45.5392785326372	1448
-73.5398630644216	45.5390710963767	1448
-73.5404436575058	45.5386329842059	1448
-73.5404721752177	45.538608731837	1448
-73.5405027060576	45.5385639325524	1448
-73.5407924419167	45.5381041949794	1448
-73.5409291363636	45.537930499477	1448
-73.5413698261673	45.5374121372838	1448
-73.5415537759253	45.5371988908935	1448
-73.5416668555331	45.5370252322762	1448
-73.5417135017883	45.5369439794832	1448
-73.5353115573767	45.5456296725598	1451
-73.5354046980405	45.5454863527266	1451
-73.5349779495538	45.5463466196	1459
-73.5350445263693	45.5462169954687	1459
-73.5346198607252	45.5473054686802	1462
-73.5347333633642	45.5471775570808	1462
-73.5335206916297	45.5479639950483	1473
-73.5336502908003	45.5476948146947	1473
-73.5328630620866	45.5497497233425	1484
-73.5330877309148	45.5494931980748	1484
-73.5331416683315	45.549416473617	1484
-73.5318411378713	45.5509867917491	1495
-73.5320819085528	45.5508173914961	1495
-73.532159160217	45.5507517614514	1495
-73.5322118517837	45.5506965184528	1495
-73.5322501540013	45.5506352807988	1495
-73.5322783330116	45.5505789840665	1495
-73.5280784093802	45.55438965	1501
-73.5281416683982	45.55438965	1501
-73.5282210102417	45.55438965	1501
-73.5283703068328	45.55438965	1501
-73.5284018320651	45.55438965	1501
-73.5284126651533	45.55438965	1501
-73.5284024374265	45.55438965	1501
-73.5283819468701	45.55438965	1501
-73.5274946368356	45.55438965	1510
-73.5275220861411	45.55438965	1510
-73.5275504114295	45.55438965	1510
-73.5275671734862	45.55438965	1510
-73.527574973308	45.55438965	1510
-73.5275843182072	45.55438965	1510
-73.5276068025306	45.55438965	1510
-73.5276217036783	45.55438965	1510
-73.5276468680453	45.55438965	1510
-73.527792732739	45.55438965	1510
-73.5278842400086	45.55438965	1510
-73.5279865795221	45.55438965	1510
-73.5281390373456	45.55438965	1510
-73.5281937464367	45.55438965	1510
-73.5282053561473	45.55438965	1510
-73.5282004496114	45.55438965	1510
-73.5281726330621	45.55438965	1510
-73.5280306594143	45.55438965	1510
-73.52799191044	45.55438965	1510
-73.5266021142765	45.55438965	1521
-73.5266839919647	45.55438965	1521
-73.5267599504499	45.55438965	1521
-73.526804036027	45.55438965	1521
-73.526839474178	45.55438965	1521
-73.5268962063504	45.55438965	1521
-73.526913717998	45.55438965	1521
-73.5436688760496	45.5328227602521	1556
-73.5435090369625	45.5329963174737	1556
-73.6224963	45.55438965	1557
-73.6224963	45.55438965	1557
-73.6224963	45.55438965	1557
-73.6224963	45.55438965	1557
-73.6224963	45.55438965	1557
-73.5444204698054	45.5295131220204	1558
-73.5443520360553	45.5296008740457	1558
-73.5447800365081	45.5287848112538	1559
-73.5447212243454	45.5288670672942	1559
-73.545544394734	45.5270233405902	1560
-73.545515799698	45.5271689170354	1560
-73.5454735985022	45.5273108841383	1560
-73.5453535155964	45.5276103544724	1560
-73.5452852154114	45.5277766334834	1560
-73.5451925719357	45.5279197817317	1560
-73.5450939938503	45.5280406266432	1560
-73.5450499824837	45.528133691607	1560
-73.5449911540663	45.5283380733516	1560
-73.5449711569773	45.5284438103193	1560
-73.5240063694953	45.4973702544977	1561
-73.5239499760704	45.497275012496	1561
-73.5239061453786	45.4972274103347	1561
-73.5236645858531	45.4971087671944	1561
-73.5228464337422	45.4967727500044	1561
-73.5220661965667	45.4964900590549	1561
-73.5214902106079	45.4963143813069	1561
-73.521182856158	45.4962284901204	1561
-73.5210204516242	45.4961939698974	1561
-73.5208568453904	45.4961788338265	1561
-73.5205977050176	45.4961703255614	1561
-73.5201778892837	45.4961581553926	1561
-73.5837721874089	45.4704805298399	1564
-73.5838346326483	45.4705456785197	1564
-73.5838364778863	45.4705708952807	1564
-73.5838008884184	45.4706001372982	1564
-73.5836005417399	45.4707600380225	1564
-73.5835171457281	45.4708453095643	1564
-73.5833022877147	45.4711849994601	1564
-73.5831289472519	45.4714753746561	1564
-73.5816266712457	45.4723168284254	1575
-73.5817808909417	45.4723707861911	1575
-73.5827183206644	45.4698626351873	1584
-73.5830899753875	45.4696726580501	1584
-73.5833735548987	45.469512726529	1584
-73.5836381156681	45.4693447498895	1584
-73.5839860005908	45.469131622666	1584
-73.5842124562486	45.4689876777006	1584
-73.5743955250679	45.4782619953585	1585
-73.5745590574178	45.4783717944881	1585
-73.5751366943165	45.4788479437964	1585
-73.5749869836371	45.4777611682186	1586
-73.5750343555618	45.4777211124039	1586
-73.5751514987792	45.4775440128677	1586
-73.5752023862393	45.4774414529552	1586
-73.5752342791851	45.477358880813	1586
-73.5753004253138	45.4772949796521	1586
-73.5754931716042	45.4771631341003	1586
-73.5758298521242	45.4769585719634	1586
-73.5758600794085	45.4769400355226	1586
-73.5730221832907	45.4793897411486	1587
-73.5728685147631	45.4793845666719	1587
-73.5727655882059	45.4793901065032	1587
-73.5726924121752	45.4793808370204	1587
-73.5725167618862	45.4793532420484	1587
-73.5724379808027	45.4793572633035	1587
-73.5723686899997	45.4793835955182	1587
-73.5721311493645	45.4795550569028	1587
-73.5717934616347	45.4798144304019	1587
-73.5724981942734	45.4802957794464	1591
-73.5725998468299	45.4802226245506	1591
-73.5708789166555	45.4812452050183	1594
-73.5711310840194	45.4810362238048	1594
-73.5714695595015	45.4807289665375	1594
-73.5716613265393	45.4805406175931	1594
-73.5664612885559	45.4846118159923	1601
-73.566549953533	45.4845127996781	1601
-73.5667179122668	45.4844010440262	1601
-73.5669940429954	45.484221176535	1601
-73.5672381026249	45.48405186512	1601
-73.5674477063024	45.4839131909065	1601
-73.5674949460557	45.4838794279878	1601
-73.5664571163457	45.4855935272139	1607
-73.5666922331628	45.4855074149138	1607
-73.5667492539759	45.4854754894138	1607
-73.5667755182138	45.48543489116	1607
-73.5667623256488	45.4853922761875	1607
-73.5667113987161	45.4853490209049	1607
-73.5666514916688	45.4853343455839	1607
-73.5665532484717	45.4853570796527	1607
-73.5664508832869	45.4853798289165	1607
-73.5663779308113	45.4853758624708	1607
-73.5663400723605	45.485367171287	1607
-73.5640266428978	45.4868200460207	1614
-73.5640387701024	45.4867881091398	1614
-73.5640685251715	45.4867560626146	1614
-73.5641459398379	45.4867374444134	1614
-73.564269880392	45.4866992736492	1614
-73.5644496006733	45.4866240757612	1614
-73.5645856825849	45.4865475224465	1614
-73.5650079899811	45.4862990531884	1614
-73.5651200605548	45.4862256212449	1614
-73.5651851006466	45.4861804637964	1614
-73.5642983594177	45.4859359670785	1618
-73.5643916849825	45.4858828330518	1618
-73.5644673176377	45.4858634851302	1618
-73.5645648273163	45.4858441677837	1618
-73.5646952886132	45.4857794552077	1618
-73.5649893529947	45.4855962479217	1618
-73.5650546177235	45.4855642928144	1618
-73.5651031185844	45.4855715621364	1618
-73.5651502568084	45.4856001573365	1618
-73.5637042821496	45.4874787920337	1623
-73.5641255961679	45.4872147405498	1623
-73.564169907872	45.4871788489219	1623
-73.554591120991	45.55438965	1630
-73.5546411717272	45.55438965	1630
-73.5546640871231	45.55438965	1630
-73.5546859707163	45.55438965	1630
-73.5546857607506	45.55438965	1630
-73.5546497279618	45.55438965	1630
-73.5545816683033	45.55438965	1630
-73.5833917662583	45.5404473432038	1641
-73.5828251971557	45.5406740195956	1641
-73.5819631640998	45.540983455166	1641
-73.5814107960882	45.5411441007301	1641
-73.5806332483451	45.5413493638004	1641
-73.5982888669431	45.5293481056828	1648
-73.5980808564591	45.5293812288047	1648
-73.5978928060773	45.5294342768916	1648
-73.5975430159008	45.5295766195186	1648
-73.5970803862383	45.5297814989975	1648
-73.5967914042583	45.5299258943382	1648
-73.5967352063028	45.5299373357418	1648
-73.5965731839729	45.530023418972	1648
-73.5961390251185	45.5302657379178	1648
-73.5954838055803	45.5307033385525	1648
-73.5951764608804	45.5309331078485	1648
-73.594519428317	45.5314869480122	1648
-73.5940730561844	45.5318630301725	1648
-73.6017220899963	45.5285839593975	1656
-73.6013070214943	45.5286413153907	1656
-73.5578230214413	45.4894396882399	1667
-73.5577155583764	45.4894777919904	1667
-73.5575224035362	45.4895740142433	1667
-73.5574361947195	45.489605891228	1667
-73.5574076453663	45.4896032458389	1667
-73.557384696291	45.4895947083645	1667
-73.5573772137667	45.4895784449724	1667
-73.5573633529351	45.4897720553362	1678
-73.5571325970281	45.4899037178149	1678
-73.5609726098328	45.4888555571005	1689
-73.5612299971973	45.4887167862167	1689
-73.561434599497	45.4885834939941	1689
-73.5615332362929	45.4885016177318	1689
-73.5616315615739	45.4883949426151	1689
-73.5619873679024	45.4881797806365	1689
-73.5623079611937	45.4880819670367	1689
-73.5575522307298	45.4905002910353	1700
-73.5579411587635	45.4903009674049	1700
-73.5580953888405	45.4902234860924	1700
-73.558259200801	45.4901986026862	1700
-73.5568202087395	45.4909496613627	1711
-73.5568913390881	45.4909377614551	1711
-73.5570471281278	45.4909340066769	1711
-73.5571475336373	45.4909361622299	1711
-73.5572080998329	45.4909451752088	1711
-73.5572792776931	45.490982897151	1711
-73.5573152926518	45.4910338826718	1711
-73.557386458837	45.4911563526965	1711
-73.5574151102603	45.491180423945	1711
-73.5574621588807	45.4912053205375	1711
-73.557529039183	45.4912105191789	1711
-73.5575722862325	45.4911927210063	1711
-73.5575871320977	45.4911590577869	1711
-73.5575770379504	45.4911403160311	1711
-73.5522097450212	45.4960781187078	1722
-73.5522960024307	45.4959560175658	1722
-73.5522789443249	45.4910357685604	1733
-73.5523039086861	45.4907967341868	1733
-73.5515308794809	45.4957387735283	1742
-73.5516009042169	45.4956170431553	1742
-73.5871405090151	45.5042861414343	1743
-73.5869769273719	45.5044405958109	1743
-73.5867680674669	45.5046290584507	1743
-73.5865655807101	45.5047972679277	1743
-73.5865229978676	45.5048754685214	1743
-73.586500186921	45.5050480414833	1743
-73.5865007441203	45.505264079793	1743
-73.5864484370476	45.5054690163529	1743
-73.5863639488839	45.5056714686164	1743
-73.5862629405881	45.5058301613055	1743
-73.5862403991421	45.5060533144417	1743
-73.586407830043	45.5064440875936	1743
-73.586480089464	45.5065821242158	1743
-73.5865064385414	45.5067706304271	1743
-73.5864709111146	45.5070605618697	1743
-73.5864840315498	45.5071640816849	1743
-73.586585454366	45.5072514014064	1743
-73.5867427102683	45.507299586715	1743
-73.5869158164304	45.5072902153466	1743
-73.5870859229259	45.5072463317939	1743
-73.5872201976493	45.5072278335037	1743
-73.5873934939217	45.5072667892471	1743
-73.5874852320724	45.507324394938	1743
-73.587557003867	45.5074000985044	1743
-73.5875771768209	45.507480597269	1743
-73.5875639917431	45.5076347114204	1743
-73.5875875620059	45.5078162477354	1743
-73.5876597268311	45.5079175523287	1743
-73.5877871903862	45.5080487045828	1743
-73.5878656600838	45.5081289537151	1743
-73.5878857524127	45.50820720031	1743
-73.587872531662	45.5082923564989	1743
-73.5877945950768	45.5083843220878	1743
-73.5876833371205	45.5084580628044	1743
-73.5875785035853	45.5084857691163	1743
-73.5872908893645	45.5085434031875	1743
-73.587166797527	45.508598682622	1743
-73.5870949041564	45.5086929658324	1743
-73.5871279086855	45.5088723244811	1743
-73.5872196481438	45.5090103293905	1743
-73.5873832993918	45.5090885297183	1743
-73.5876612920001	45.509129753384	1743
-73.5880639927747	45.5091293650043	1743
-73.5883580525068	45.5091405726606	1743
-73.5885055812765	45.5091611388107	1743
-73.5886920085336	45.5092232132371	1743
-73.5888259343046	45.509232279759	1743
-73.5889994437355	45.5092090318408	1743
-73.5892381951116	45.5091652557593	1743
-73.5894672399122	45.5091534762036	1743
-73.5897812752828	45.509171716275	1743
-73.5900365025595	45.5091737940701	1743
-73.5903373740267	45.5090999543006	1743
-73.5905203647027	45.5089525558508	1743
-73.5905917032535	45.5087571103602	1743
-73.590601109229	45.5085754453432	1743
-73.5905945511999	45.5083406524187	1743
-73.5904958800122	45.5081454280976	1743
-73.5903290976562	45.5080325645616	1743
-73.5902601298161	45.5079430469092	1743
-73.5903318795252	45.5078234716613	1743
-73.5907892062591	45.507489621506	1743
-73.5914099789369	45.5069853635289	1743
-73.5917202583266	45.5066286703713	1743
-73.5919911061482	45.5062994515725	1743
-73.5921052488028	45.5061430884258	1743
-73.5922748515478	45.5056944828656	1743
-73.5922875965885	45.5056460818151	1743
-73.5892103547019	45.5040592570618	1744
-73.5889694403414	45.5039711692621	1744
-73.5886434695289	45.5038917320709	1744
-73.5883368140872	45.5038644723771	1744
-73.5882681088972	45.5038714534971	1744
-73.5875257262051	45.5016293081614	1745
-73.5876202092003	45.501497156829	1745
-73.5877671453789	45.5013727403237	1745
-73.5880760965637	45.5012104246524	1745
-73.588443688354	45.501020291535	1745
-73.5885120008432	45.5009640241007	1745
-73.588979017696	45.500457524443	1745
-73.5892028733348	45.5002112141519	1745
-73.5897205262252	45.4998050066562	1745
-73.5900456888516	45.499617175393	1745
-73.5904493124073	45.4994938007768	1745
-73.5907041454404	45.4993877801069	1745
-73.590883539258	45.4992468177027	1745
-73.5915455359669	45.4983548968502	1745
-73.5917888309536	45.4981228897822	1745
-73.592100038156	45.4977616415677	1745
-73.5923725546641	45.4975838013749	1745
-73.5932694501095	45.4971789818999	1745
-73.593446228224	45.4971489787787	1745
-73.5936032661519	45.4971488268394	1745
-73.5937899162962	45.4971875195018	1745
-73.5940319847187	45.4972956866874	1745
-73.5942511119166	45.4974219197653	1745
-73.5943227290268	45.49749456432	1745
-73.5949059472366	45.4984083149805	1745
-73.594892628077	45.4987646441381	1745
-73.594857082484	45.4988958769789	1745
-73.5876200734183	45.5121973185857	1746
-73.587896811853	45.5121580360956	1746
-73.5880496919987	45.5119553831446	1746
-73.5880310918559	45.5117770168691	1746
-73.5878744630931	45.5115688135019	1746
-73.5875568915566	45.5112806821973	1746
-73.5873715481746	45.5109543222367	1746
-73.5869950721949	45.5107015893088	1746
-73.5867130441607	45.5104386747881	1746
-73.5402838682073	45.55438965	1747
-73.5380252830315	45.55438965	1747
-73.5858509329964	45.5391424178914	1748
-73.5856539360989	45.5390640324373	1748
-73.5879576286954	45.518353710583	1749
-73.5880420081201	45.5181826537506	1749
-73.5651338685307	45.4875624716017	1750
-73.564694196877	45.4872107271245	1750
-73.5546482442208	45.55438965	1751
-73.5546291742263	45.55438965	1751
-73.5545996365173	45.55438965	1751
-73.5545775549766	45.55438965	1751
-73.5545774464239	45.55438965	1751
-73.6213512303783	45.5455665158749	1753
-73.6212687459339	45.5456458105926	1753
-73.6211688486758	45.5457527656072	1753
-73.6211365944906	45.5457968580265	1753
-73.6211493342876	45.5458768687089	1753
-73.6212255531145	45.5459642853648	1753
-73.6213712222512	45.5460670668849	1753
-73.6214928014167	45.5461212639961	1753
-73.6221450353084	45.5464101483681	1753
-73.6224963	45.5466581012734	1753
-73.6224963	45.5468941591068	1753
-73.6224963	45.547125171947	1753
-73.6224963	45.5471619725114	1753
-73.6224963	45.5471879039191	1753
-73.6224963	45.5474258444929	1753
-73.6224963	45.547609740452	1753
-73.6224963	45.5476356950503	1753
-73.6224963	45.5476640411565	1753
-73.6224963	45.5476924423091	1753
-73.5663400723605	45.485367171287	1754
-73.5660105974895	45.485089327468	1754
-73.5751366943165	45.4788479437964	1755
-73.5751614688003	45.4789054480709	1755
-73.5752369766239	45.4789849775822	1755
-73.5464676925061	45.4711897299478	1756
-73.5467356057033	45.4711523467136	1756
-73.5469225220207	45.4711087328516	1756
-73.5471312452568	45.4709778915739	1756
-73.547294122377	45.4709395458539	1756
-73.5473348979593	45.4708174529596	1756
-73.5474535796781	45.4706680310162	1756
-73.5474756526418	45.4705016231179	1756
-73.5474958082221	45.4704126327369	1756
-73.5474081002135	45.4702929582765	1756
-73.5472473265863	45.4702036285756	1756
-73.5469813042558	45.4701033198326	1756
-73.5467287539611	45.4700517375269	1756
-73.5465198773862	45.4699994203084	1756
-73.5462246440137	45.4698829549914	1756
-73.5349754562539	45.4703345879213	1757
-73.5350915665883	45.4703811441355	1757
-73.5351810641762	45.4704358343196	1757
-73.5352246779651	45.4705822520892	1757
-73.5352932141328	45.4707286697799	1757
-73.5353524042974	45.4710028137014	1757
-73.5354552080426	45.4712021911263	1757
-73.5355112830162	45.4713392630485	1757
-73.5355829342145	45.4714171447201	1757
-73.5356203175086	45.4716383290062	1757
-73.5357231214943	45.4718968966247	1757
-73.5358913461676	45.472062005944	1757
-73.5361062997887	45.4722115389904	1757
-73.5362309106648	45.4722146543255	1757
-73.5363835590368	45.4722426917154	1757
-73.5364645561107	45.4723704178492	1757
-73.5366078585518	45.4724981438936	1757
-73.5368508496934	45.4728532848439	1757
-73.5368757718586	45.4729778956771	1757
-73.5369848063554	45.4731616967045	1757
-73.537156146255	45.4734264947633	1757
-73.5372496045618	45.4736102957959	1757
-73.5373337168089	45.473681947023	1757
-73.5374614429378	45.4738127884093	1757
-73.5375922842634	45.4739062465634	1757
-73.5376826271069	45.4739810131224	1757
-73.5378010075074	45.474062010114	1757
-73.5378010075284	45.4741772752852	1757
-73.5378508518072	45.4742426958822	1757
-73.5379038114998	45.4742925402391	1757
-73.5379972696511	45.474345499834	1757
-73.5381187652643	45.4743548456861	1757
-73.5382340302433	45.4743579609048	1757
-73.538352410435	45.4744171510443	1757
-73.5284673402508	45.55438965	1758
-73.5288697223459	45.55438965	1758
-73.5289584024216	45.55438965	1758
-73.5289975315466	45.55438965	1758
-73.5290863429362	45.55438965	1758
-73.5292580162193	45.55438965	1758
-73.5293085648348	45.55438965	1758
-73.5293367480165	45.55438965	1758
-73.5293526204528	45.55438965	1758
-73.5293733666031	45.55438965	1758
-73.5294141154507	45.55438965	1758
-73.5294694721374	45.55438965	1758
-73.5295638194396	45.55438965	1758
-73.5296400447921	45.55438965	1758
-73.529691854598	45.55438965	1758
-73.5297308411629	45.55438965	1758
-73.5297690946834	45.55438965	1758
-73.5297972136457	45.55438965	1758
-73.529839184611	45.5543392716	1758
-73.5299335686702	45.5542434329319	1758
-73.5300455417421	45.5541387923096	1758
-73.5301178442715	45.5540448570519	1758
-73.5301708934481	45.5539670444656	1758
-73.5302101541864	45.5538875613678	1758
-73.5302285761794	45.5538244292253	1758
-73.5302395215317	45.5537450199587	1758
-73.5302785069419	45.5536716707026	1758
-73.5303277937761	45.5536007844384	1758
-73.5304213393583	45.5535125530956	1758
-73.5304838639574	45.5534556049607	1758
-73.5307579294403	45.5529744933713	1758
-73.5308217109502	45.5528881692592	1758
-73.5308620651086	45.5528294228946	1758
-73.5308733670138	45.5527835096083	1758
-73.530881829322	45.552703238931	1758
-73.5308976776003	45.5526168546259	1758
-73.530924805528	45.5525643085187	1758
-73.5309738155867	45.5524995558335	1758
-73.5310070421681	45.5524752676133	1758
-73.5417010690163	45.536640003386	1759
-73.5417782704054	45.536643324203	1759
-73.5418287225212	45.536651488752	1759
-73.5418761656235	45.5366739593744	1759
-73.5418846217024	45.5367029222964	1759
-73.5418731114335	45.5367356347472	1759
-73.5418112754414	45.5368228506866	1759
-73.5417460436856	45.5369145610592	1759
-73.5417135017883	45.5369439794832	1759
-73.5354046980405	45.5454863527266	1760
-73.5355057887824	45.5453634785547	1760
-73.5355496944137	45.5452875011971	1760
-73.5356235586928	45.5451200277635	1760
-73.5357266534963	45.5448659222018	1760
-73.5357856725242	45.5446724957233	1760
-73.5358371114499	45.5445481864253	1760
-73.5358884371393	45.5444532043988	1760
-73.5359719935108	45.5443650696149	1760
-73.5361906702565	45.5441645361975	1760
-73.5362322760614	45.5441231343867	1760
-73.5362447277817	45.5440973105161	1760
-73.5362523456643	45.544024647117	1760
-73.5363109919833	45.5439055089943	1760
-73.5365420513235	45.5435425298591	1760
-73.5367322028649	45.5432757010899	1760
-73.5368327332475	45.5430917873761	1760
-73.5369435775712	45.5428852016134	1760
-73.5369679733128	45.5428609643519	1760
-73.5370270932352	45.5428099566129	1760
-73.5370514952709	45.5427684800842	1760
-73.5370635020384	45.5426882187418	1760
-73.5370745176343	45.5425751323903	1760
-73.5371214557096	45.5424705082519	1760
-73.5371973616137	45.5423601416779	1760
-73.537318933595	45.54223558937	1760
-73.5374639097804	45.5421085921199	1760
-73.5375304572373	45.5420306845003	1760
-73.5375980735418	45.5419332368556	1760
-73.5376446928712	45.5418648763715	1760
-73.5376616923795	45.5417906861542	1760
-73.5376848963957	45.5417233210456	1760
-73.5377217802312	45.5416697135776	1760
-73.5377942532408	45.5415860760976	1760
-73.53795278482	45.5414554405639	1760
-73.5380251291285	45.5413716473515	1760
-73.5381897520516	45.5410960728133	1760
-73.5382463081008	45.5409966779771	1760
-73.5382472936663	45.5409561966937	1760
-73.5382352110324	45.5409077319479	1760
-73.5381931186929	45.5408249369827	1760
-73.5381182426889	45.5407195300012	1760
-73.5380889605866	45.5406803354231	1760
-73.5443520360553	45.5296008740457	1761
-73.5444233809915	45.5296653431905	1761
-73.5444526337797	45.5297095319915	1761
-73.5444780892911	45.5297907775773	1761
-73.5444685209599	45.5298818923099	1761
-73.5443440900087	45.5302227915563	1761
-73.5442914026008	45.5303455483239	1761
-73.5442034324123	45.5305310307498	1761
-73.5441771697823	45.5306305897085	1761
-73.5441485164965	45.5307955017068	1761
-73.5440940557062	45.5311596831562	1761
-73.5440403609185	45.5314888699912	1761
-73.5439863009162	45.5319095853463	1761
-73.5439663012536	45.5320778344198	1761
-73.5439773928676	45.5322184983193	1761
-73.5439914158079	45.5323519485201	1761
-73.5439917828285	45.5324213731196	1761
-73.5439763354166	45.5324801929354	1761
-73.5439149471632	45.5325578855701	1761
-73.5522412177722	45.491290170299	1762
-73.5522245261927	45.4914020529601	1762
-73.5527605057562	45.525006665143	1763
-73.5523617463585	45.5249012256609	1763
-73.5522579910809	45.5248742333196	1763
-73.5514231344684	45.5246502803359	1763
-73.5512047258312	45.5245895087043	1763
-73.5510812578384	45.5245478888292	1763
-73.550980675539	45.5245031986606	1763
-73.5508094000531	45.5244228548985	1763
-73.5500202656281	45.5240525834639	1763
-73.5498393840448	45.5239684587392	1763
-73.5482507191377	45.523233174941	1763
-73.5476978225546	45.5229733348229	1763
-73.5474556806562	45.5228578218928	1763
-73.5472502647232	45.5227668443044	1763
-73.5470357947124	45.5226785077803	1763
-73.5468672189794	45.5226280108374	1763
-73.5467065222111	45.5225878117097	1763
-73.5463940247123	45.5225268507541	1763
-73.5463195099586	45.5224973187559	1763
-73.5545758717366	45.5256013914761	1764
-73.5545587921529	45.5256000258111	1764
-73.5544627936334	45.5255580429839	1764
-73.5542642665373	45.5254661387631	1764
-73.5541259785175	45.5254029204105	1764
-73.5539529185215	45.5253311963277	1764
-73.5538408868536	45.5252919915609	1764
-73.5536795535539	45.5252445786034	1764
-73.5535738175952	45.5252158997188	1764
-73.545544394734	45.5270233405902	1765
-73.5456509952407	45.5270487676914	1765
-73.5457569383603	45.5270798617525	1765
-73.5458028109725	45.5271054586112	1765
-73.5458208869931	45.5271396506029	1765
-73.5458115713696	45.5271858039845	1765
-73.5457825076001	45.5272302205917	1765
-73.566683869601	45.4831947579415	1766
-73.566765293828	45.4831788662048	1766
-73.5674370762666	45.4837307765746	1766
-73.567479421746	45.4837966332741	1766
-73.5674885407289	45.4838371669148	1766
-73.5674949460557	45.4838794279878	1766
-73.5837721874089	45.4704805298399	1767
-73.5841764558462	45.4701887696608	1767
-73.5843088533788	45.4701034864859	1767
-73.5844318459976	45.470015384845	1767
-73.5845886384952	45.4699367866811	1767
-73.5847473567226	45.4698289426562	1767
-73.5849400428946	45.4697035264755	1767
-73.5852635592195	45.4695117439169	1767
-73.5855206936226	45.4693756614941	1767
-73.5857227992032	45.4692796463633	1767
-73.5857985572409	45.4692396541408	1767
-73.5858514088423	45.4691969406983	1767
-73.5859040626477	45.4691532691987	1767
-73.5806954848171	45.4719385488805	1768
-73.5808696705756	45.4720167851567	1768
-73.5730221832907	45.4793897411486	1769
-73.573391277091	45.4791175777348	1769
-73.5737687293999	45.4787780289949	1769
-73.5741214258324	45.4785017323543	1769
-73.5743955250679	45.4782619953585	1769
-73.5716613265393	45.4805406175931	1770
-73.5719857222575	45.4802586130845	1770
-73.5720213483433	45.4801992444802	1770
-73.5720194267888	45.4801466409491	1770
-73.5719855404346	45.4800846122283	1770
-73.5717327409621	45.4799423833082	1770
-73.5716970386677	45.479908305955	1770
-73.5716988771252	45.4798832537383	1770
-73.5717934616347	45.4798144304019	1770
-73.5651153055497	45.4861070806712	1771
-73.5651851006466	45.4861804637964	1771
-73.564169907872	45.4871788489219	1772
-73.5641414728141	45.4871413970904	1772
-73.5641149971511	45.4870775992736	1772
-73.5575772765163	45.4906205421916	1773
-73.5575935241288	45.4906654441685	1773
-73.5576120062374	45.4906951056958	1773
-73.5576227725319	45.4906844953067	1773
-73.5575990383178	45.4906046285006	1773
-73.5576002383955	45.4905694537809	1773
-73.5576175530388	45.4905524412558	1773
-73.5578049733901	45.4904521137451	1773
-73.5580348871455	45.4903266083279	1773
-73.5581919058438	45.4902403072997	1773
-73.558259200801	45.4901986026862	1773
-73.5573772137667	45.4895784449724	1774
-73.557346825592	45.4894904843377	1774
-73.5573173449309	45.4893361046157	1774
-73.5573046659181	45.4892330480866	1774
-73.5573247646738	45.4891289132806	1774
-73.5573472949581	45.489027735961	1774
-73.5572904835395	45.488977468451	1774
-73.5571325970281	45.4899037178149	1775
-73.5566779253612	45.4901468867353	1775
-73.5615016278547	45.4874892172864	1776
-73.561061584916	45.4877779044655	1776
-73.5596424299458	45.4886514098895	1776
-73.5594880624641	45.4887351830263	1776
-73.5592989281046	45.4888168973808	1776
-73.558955204722	45.4889095681332	1776
-73.5586724124994	45.4890181626177	1776
-73.5584075573921	45.4891514462559	1776
-73.5579340731026	45.4893808079225	1776
-73.5578230214413	45.4894396882399	1776
-73.5568202087395	45.4909496613627	1777
-73.5568391025521	45.4909058359802	1777
-73.5569490973284	45.4908320181616	1777
-73.5571863521897	45.4907039454255	1777
-73.5573228589338	45.4906307668834	1777
-73.554679175644	45.4907412595222	1778
-73.5542925487523	45.4907537389245	1778
-73.5538277646694	45.4907537641658	1778
-73.5534287460017	45.4907540413668	1778
-73.5532617730487	45.4907808248875	1778
-73.5530893773788	45.4908031672995	1778
-73.5527961381448	45.4908121389015	1778
-73.5525298603977	45.4908136754871	1778
-73.5523039086861	45.4907967341868	1778
-73.5665487344688	45.5221539968448	1779
-73.5687491136374	45.5231588301482	1779
-73.5922875965885	45.5056460818151	1780
-73.5925274016571	45.5052432754976	1780
-73.5926580152083	45.5049971030322	1780
-73.59266087294	45.5049259256985	1780
-73.5926543927426	45.5048132588847	1780
-73.592601792438	45.5046682571669	1780
-73.5924080255749	45.5042728239085	1780
-73.5923196670465	45.5041855917698	1780
-73.5921524004481	45.5041144823035	1780
-73.5917798135623	45.5040365757312	1780
-73.5915310399813	45.5040136017891	1780
-73.5911844569577	45.5041266307449	1780
-73.5908971742148	45.5042786775212	1780
-73.5906782235515	45.5044168287579	1780
-73.5905639431557	45.5045479006242	1780
-73.5904758179405	45.5047136164186	1780
-73.5904628452265	45.5049254034534	1780
-73.5904567350188	45.5052266395263	1780
-73.5904638862576	45.5055762860933	1780
-73.5904480494352	45.5056589774322	1780
-73.5903793367402	45.5057212245151	1780
-73.5902844120586	45.5057257895362	1780
-73.5902221378433	45.5056960819928	1780
-73.5901076051293	45.5055397249122	1780
-73.5897891904597	45.5049741871626	1780
-73.5895958784345	45.5046338337559	1780
-73.5893892076405	45.5044086109234	1780
-73.5892287459369	45.5042431104775	1780
-73.5892153150193	45.5041650610718	1780
-73.5892103547019	45.5040592570618	1780
-73.5882681088972	45.5038714534971	1781
-73.5880918410309	45.5039128650943	1781
-73.5878787932755	45.5039476400327	1781
-73.5878071795221	45.5040121047879	1781
-73.5876927391122	45.5040834047225	1781
-73.5875262027105	45.5041524320883	1781
-73.5873167342565	45.5042310379883	1781
-73.5871405090151	45.5042861414343	1781
-73.594857082484	45.4988958769789	1782
-73.5947688758779	45.4989696003337	1782
-73.5946155796872	45.4990891447234	1782
-73.5944653570024	45.4992203183834	1782
-73.5944262597409	45.4992962780314	1782
-73.5944364786682	45.4995032012945	1782
-73.6224963	45.5476924423091	1783
-73.6224963	45.5477167942668	1783
-73.6224963	45.5478544169067	1783
-73.6224963	45.5478964861373	1783
-73.6224963	45.5479402766058	1783
-73.6224963	45.5480056334114	1783
-73.5455891516448	45.4897323448565	1784
-73.5446658132832	45.4896297090568	1784
-73.544580048315	45.489625952239	1784
-73.5575770379504	45.4911403160311	1785
-73.5574289722507	45.4909006160021	1785
-73.5573807415216	45.4907665325493	1785
-73.5572781016909	45.4903737639589	1785
-73.5570922666918	45.4896621541037	1785
-73.5396514787418	45.4725573340769	1786
-73.5407916680421	45.4720464295318	1786
-73.5409816995521	45.4719997004999	1786
-73.5411343477496	45.4720152768424	1786
-73.5412309213366	45.4720744670807	1786
-73.5413399558246	45.4721523488569	1786
-73.5414739124136	45.4721990778433	1786
-73.541645252371	45.4722021932133	1786
-73.5417885549597	45.4722053084012	1786
-73.5420782751497	45.4723610719694	1786
-73.5423711106211	45.4725729104931	1786
-73.5425455657212	45.4727130976863	1786
-73.5426826376385	45.4727940946565	1786
-73.5428072485302	45.4728345932738	1786
-73.5429162831512	45.4728719765192	1786
-73.543118775718	45.4729000140279	1786
-73.5432651935567	45.4729467430932	1786
-73.5433835737351	45.4730962760424	1786
-73.5434614556201	45.4731679272269	1786
-73.5435299914242	45.4731648120955	1786
-73.5435891815844	45.4731180829859	1786
-73.5436327955563	45.4729934720265	1786
-73.5436951007993	45.4728813223778	1786
-73.5438134812006	45.4727442503397	1786
-73.5439754754466	45.4725199507926	1786
-73.5441997748082	45.4721866167662	1786
-73.544358653618	45.4720246226639	1786
-73.5444396507995	45.4719592019847	1786
-73.5445362243072	45.4719000118122	1786
-73.544720025096	45.4718626286269	1786
-73.5448539819655	45.4718470522909	1786
-73.544962957914	45.471855154357	1786
-73.5452969945734	45.471740056438	1786
-73.5456857594454	45.471544870886	1786
-73.5459131742239	45.4714171447077	1786
-73.5461748568151	45.471252035329	1786
-73.5463150441854	45.47120842157	1786
-73.5464676925061	45.4711897299478	1786
-73.5665516729448	45.5219708418067	1787
-73.5665487344688	45.5221539968448	1787
-73.5288062762276	45.5077634301589	1788
-73.5287775061046	45.5076565448524	1788
-73.5287707507114	45.5075685415818	1788
-73.5286978271839	45.5074891478171	1788
-73.5909623546652	45.4741734518586	1789
-73.5909748879777	45.4742109373254	1789
-73.5909987337396	45.4742758099145	1789
-73.5910197742518	45.474338708758	1789
-73.5910360100245	45.4743713623202	1789
-73.5910704749095	45.474408226208	1789
-73.5911103752247	45.4744509789251	1789
-73.5911502289286	45.4744958280681	1789
-73.5888965924516	45.4753716404034	1790
-73.5889146093139	45.4753971281689	1790
-73.5889269939825	45.4754078740502	1790
-73.5892265648644	45.4755609441498	1790
-73.589245002325	45.4755754576244	1790
-73.5892564668053	45.4755901098541	1790
-73.5892563684111	45.4756337778941	1790
-73.5743955250679	45.4782619953585	1791
-73.5740569025955	45.4779816665034	1791
-73.5651851006466	45.4861804637964	1792
-73.5653307340199	45.4860925447001	1792
-73.5654820765409	45.4859964863916	1792
-73.565652115835	45.4859246007648	1792
-73.5658640630233	45.4858433489017	1792
-73.5659623118715	45.485812720377	1792
-73.5660511586602	45.4857713772013	1792
-73.5661741100972	45.485703278529	1792
-73.5662595660139	45.4856664304223	1792
-73.5615016278547	45.4874892172864	1793
-73.5616541637068	45.4873816739824	1793
-73.5619267966602	45.4872219483032	1793
-73.5623769906475	45.4869606965248	1793
-73.5624919570844	45.4869008385531	1793
-73.5625866353251	45.4868500649914	1793
-73.5627455831249	45.4868207101484	1793
-73.5629062253452	45.4867208742128	1793
-73.5635076576361	45.4863756509162	1793
-73.563869106268	45.4861544405089	1793
-73.5640485285939	45.4860479990426	1793
-73.5641204499546	45.4860241378469	1793
-73.5806332483451	45.5413493638004	1794
-73.5805581769833	45.541408974819	1794
-73.5804980567339	45.5414321763684	1794
-73.5803842481212	45.5414404405633	1794
-73.5802325349139	45.5414637029432	1794
-73.5801076914093	45.5415059526859	1794
-73.580038755047	45.5415464494542	1794
-73.5799886266688	45.5415542689952	1794
-73.586499206972	45.5383487828656	1795
-73.585939270752	45.5388175145477	1795
-73.5857094634862	45.5390223355132	1795
-73.5856539360989	45.5390640324373	1795
-73.5854968177723	45.5391819501394	1795
-73.5849802141031	45.5395532724823	1795
-73.5843193865574	45.5399641340299	1795
-73.5836403701528	45.5403148689626	1795
-73.6224963	45.55438965	1796
-73.6224963	45.55438965	1796
-73.6224963	45.55438965	1796
-73.6224963	45.55438965	1796
-73.6224963	45.55438965	1796
-73.6224963	45.55438965	1796
-73.6224963	45.55438965	1796
-73.6224963	45.55438965	1796
-73.6224963	45.55438965	1796
-73.6224963	45.55438965	1796
-73.6224963	45.55438965	1796
-73.6224963	45.55438965	1796
-73.6224963	45.55438965	1796
-73.6224963	45.55438965	1796
-73.6224963	45.55438965	1796
-73.6224963	45.55438965	1796
-73.6224963	45.55438965	1796
-73.6224963	45.55438965	1796
-73.6224963	45.55438965	1796
-73.6224963	45.55438965	1796
-73.6224963	45.55438965	1796
-73.6224963	45.55438965	1796
-73.6224963	45.55438965	1796
-73.6224963	45.55438965	1796
-73.6224963	45.55438965	1796
-73.6224961675995	45.55438965	1796
-73.6223907224391	45.55438965	1796
-73.6222698931722	45.55438965	1796
-73.6221241450095	45.55438965	1796
-73.6219473524674	45.55438965	1796
-73.6217610240739	45.55438965	1796
-73.6216127131758	45.55438965	1796
-73.6214980070978	45.55438965	1796
-73.6197154047867	45.55438965	1796
-73.6196113660936	45.55438965	1796
-73.6194621884471	45.55438965	1796
-73.6193320977152	45.55438965	1796
-73.6185845184603	45.55438965	1796
-73.6184481327573	45.55438965	1796
-73.6182961974927	45.55438965	1796
-73.6181469259354	45.55438965	1796
-73.6180015976718	45.55438965	1796
-73.6178615571791	45.55438965	1796
-73.617733806153	45.55438965	1796
-73.6176187204401	45.55438965	1796
-73.6174789362842	45.55438965	1796
-73.6173144814056	45.55438965	1796
-73.617175145575	45.55438965	1796
-73.6170790593532	45.55438965	1796
-73.6169829815132	45.55438965	1796
-73.6164808533372	45.55438965	1796
-73.6164189557656	45.55438965	1796
-73.6163254900834	45.55438965	1796
-73.6162173217487	45.55438965	1796
-73.6160865569114	45.55438965	1796
-73.6159468207495	45.55438965	1796
-73.6158347493245	45.55438965	1796
-73.615748130488	45.55438965	1796
-73.6156795922455	45.55438965	1796
-73.6156143035648	45.55438965	1796
-73.6154625811426	45.55438965	1796
-73.6159478010823	45.55438965	1796
-73.6160438997645	45.55438965	1796
-73.6164698168812	45.55438965	1796
-73.6167428337519	45.55438965	1796
-73.6224963	45.52904031061	1797
-73.6224963	45.5301563451933	1797
-73.5575772765163	45.4906205421916	1798
-73.5575413850389	45.4905780002425	1798
-73.5573667538939	45.489855207625	1798
-73.5573235580568	45.489698513726	1798
-73.557318263415	45.4896597496584	1798
-73.5573262573669	45.4895997947639	1798
-73.5573772137667	45.4895784449724	1798
-73.5263638037226	45.5212926207638	1799
-73.526713340152	45.5212621629369	1799
-73.5272004817765	45.5212194207719	1799
-73.5289624783709	45.5210737506034	1799
-73.5299192635474	45.5209914042087	1799
-73.5319395522622	45.520817803965	1799
-73.5331793214521	45.5207174485272	1799
-73.5344633482048	45.5206040819068	1799
-73.5348334769869	45.5205706293761	1799
-73.5349840080254	45.5205287865676	1799
-73.5351703456225	45.5205355280745	1799
-73.5353687813705	45.520548360719	1799
-73.5356000387496	45.5205910537479	1799
-73.5357268005047	45.5206165991881	1799
-73.5361319196884	45.5206875066857	1799
-73.537410184689	45.5209213906009	1799
-73.5383642747429	45.5210901029775	1799
-73.5384458878213	45.5211103154874	1799
-73.5388534255659	45.521181271828	1799
-73.5389761691423	45.5211853955245	1799
-73.5391637168189	45.5212194684951	1799
-73.5405380186187	45.5214637333977	1799
-73.5417542244804	45.5216831327173	1799
-73.5434934852588	45.5219931924555	1799
-73.5445888507956	45.522187739981	1799
-73.5460206387844	45.522442865384	1799
-73.5463195099586	45.5224973187559	1799
-73.5198817	45.4952250681118	1800
-73.5198817	45.4952874659733	1800
-73.5198817	45.4954871829377	1800
-73.5198817	45.4955551403274	1800
-73.5198817	45.4956191568954	1800
-73.5198817	45.4956621098889	1800
-73.5198817	45.4957289379542	1800
-73.5198817	45.4959229207314	1800
-73.5199514697013	45.4960823636632	1800
-73.5200714273075	45.4961335070575	1800
-73.5201778892837	45.4961581553926	1800
-73.547542645732	45.4707117617388	1801
-73.5487465161913	45.4708096043966	1801
-73.5492289134287	45.4708484762242	1801
-73.5492293558537	45.4708482962904	1801
-73.5500073429732	45.4709106433234	1801
-73.5502870687886	45.4709320577948	1801
-73.551254788951	45.4710104672116	1801
-73.5530003668542	45.4711495898777	1801
-73.553488846669	45.4711872174389	1801
-73.6078786256841	45.5291094005561	1802
-73.6078451081639	45.5291069086361	1802
-73.6074246362487	45.5289146595763	1802
-73.6073743438569	45.5289020881208	1802
-73.6073264652694	45.5289004507359	1802
-73.6072653948714	45.5288851551932	1802
-73.5911934903453	45.5330444916722	1804
-73.5916578497307	45.5332529658018	1804
-73.5920636837623	45.5334825228741	1804
-73.5294733265384	45.5080346166125	1805
-73.5306900130409	45.5082062490638	1805
-73.5321086337757	45.5084065070243	1805
-73.5325247289473	45.5084542402139	1805
-73.5328372433432	45.5084485335694	1805
-73.5330586676252	45.5084160852949	1805
-73.5336132399894	45.5082247984314	1805
-73.535079163222	45.5076905860099	1805
-73.5353569791464	45.5075945124453	1805
-73.5354003834736	45.5075783279155	1805
-73.537977223936	45.5066285326067	1805
-73.5401833876729	45.5058214097058	1805
-73.5413286412506	45.5054016163083	1805
-73.5424004776617	45.5050074928087	1805
-73.542941236079	45.5048094958917	1805
-73.5434166372813	45.5046268466764	1805
-73.5345096623109	45.4695790283113	1806
-73.53451278713	45.4696273910168	1806
-73.5345424334979	45.469683496231	1806
-73.5346421221822	45.4697707238687	1806
-73.5347231193552	45.4699155839632	1806
-73.5260387176115	45.4985616447961	1807
-73.5262004335458	45.4986334046711	1807
-73.5268336684378	45.4991072672316	1807
-73.5272986218266	45.4995409031214	1807
-73.527650584573	45.4998952331619	1807
-73.5280520088852	45.5003586304197	1807
-73.5283372811829	45.5007446295004	1807
-73.5286829562533	45.501207008515	1807
-73.5289764254074	45.5016216585313	1807
-73.5291805636537	45.5020325290713	1807
-73.5293045702136	45.5022919723589	1807
-73.5293045702136	45.5022919723589	1808
-73.5293686651333	45.5024260357557	1808
-73.5295425739279	45.5028770178738	1808
-73.5296453853366	45.5032271010504	1808
-73.5275486173697	45.502921561362	1809
-73.5275181253902	45.5028966941973	1809
-73.5274784760827	45.5028304486931	1809
-73.5274443579331	45.5027199234176	1809
-73.5274156034715	45.502633176279	1809
-73.5273997169646	45.5024614596856	1809
-73.5273906232547	45.502402233832	1809
-73.5273546471541	45.5023354489207	1809
-73.5271876144169	45.5022205766416	1809
-73.5268505308009	45.5020410653447	1809
-73.5266328544682	45.5018940246015	1809
-73.5265160853346	45.5017641290332	1809
-73.5264617784969	45.501622559914	1809
-73.5264345499205	45.5014334410476	1809
-73.5264262444278	45.5013780483755	1809
-73.5263365951756	45.5012998466288	1809
-73.5262739557912	45.5012387043733	1809
-73.5262305332019	45.501167885295	1809
-73.5261680310586	45.5010055581286	1809
-73.5293045702136	45.5022919723589	1810
-73.5291350831377	45.5023379979502	1810
-73.5288351831816	45.5024488504837	1810
-73.5285911083545	45.5024680753434	1810
-73.5284398239886	45.5025139713221	1810
-73.5282540396752	45.5025329760279	1810
-73.5280758811027	45.5025540734523	1810
-73.5279299777096	45.502579923487	1810
-73.5278429845081	45.5025940889332	1810
-73.5277668947404	45.5026095128539	1810
-73.5277301192492	45.5026276285616	1810
-73.5277129611528	45.5026448771868	1810
-73.527661506253	45.50273283674	1810
-73.5276223002384	45.5027966509424	1810
-73.5275958953905	45.5028410922772	1810
-73.5275486173697	45.502921561362	1810
-73.6224963	45.55438965	1811
-73.6224963	45.55438965	1811
-73.6185526302517	45.5200525226054	1812
-73.6189544103649	45.5202166836695	1812
-73.5562031999516	45.4930072162305	1813
-73.5562065827809	45.4929495530381	1813
-73.5561906391141	45.4929201051383	1813
-73.5561279805074	45.4929028027794	1813
-73.5560446151393	45.4928897680469	1813
-73.5559547759326	45.4928760430684	1813
-73.5558450940886	45.4928633266403	1813
-73.5557455442876	45.4928485662842	1813
-73.5556695111257	45.4928408572131	1813
-73.5656499196327	45.5101451108203	1814
-73.5658628671263	45.5101940390568	1814
-73.5665714024687	45.5105054411442	1814
-73.6224963	45.55438965	1815
-73.6224963	45.55438965	1815
-73.6224963	45.55438965	1815
-73.6224963	45.55438965	1815
-73.6224963	45.55438965	1815
-73.6224963	45.55438965	1815
-73.5479965976966	45.4899731768125	1816
-73.5479440813345	45.4899897554017	1816
-73.547764378124	45.4899658387994	1816
-73.5475042485848	45.4899310117642	1816
-73.5473605298197	45.4899020157591	1816
-73.5473149534198	45.4899047644862	1816
-73.5472460865413	45.4899113516464	1816
-73.547115500028	45.4899166172182	1816
-73.547115500028	45.4899166172182	1817
-73.5470363999454	45.4899381910621	1817
-73.5469190031315	45.4899418295498	1817
-73.5468424314613	45.4899346804104	1817
-73.5455891516448	45.4897323448565	1817
-73.5920636837623	45.5334825228741	1818
-73.5931279619123	45.5340420913417	1818
-73.5932715564389	45.5340294441317	1818
-73.5456880156087	45.5260929090056	1819
-73.545704964485	45.5260581920634	1819
-73.545759484853	45.5259886850549	1819
-73.5458366521791	45.5259093522078	1819
-73.5458946846227	45.5258340564996	1819
-73.5459261561931	45.5257537698381	1819
-73.545937430384	45.525679821334	1819
-73.5459375116484	45.5255491537833	1819
-73.5459544790982	45.5253750717335	1819
-73.545978850543	45.5252602866895	1819
-73.5460290207383	45.5251416636516	1819
-73.5461568382168	45.5248868136105	1819
-73.5461764089508	45.5248639072405	1819
-73.546214719989	45.5248350468408	1819
-73.546214719989	45.5248350468408	1820
-73.5462898850636	45.5247777104906	1820
-73.5466702967098	45.5245203161835	1820
-73.547080769679	45.524243433674	1820
-73.5473451925278	45.5240497855171	1820
-73.5477736163417	45.5237552183253	1820
-73.5657790169	45.4717868309778	1821
-73.5663519891086	45.471989639422	1821
-73.5881110186464	45.475783576394	1822
-73.5882288649074	45.4757495068157	1822
-73.5885269778416	45.4755813656498	1822
-73.5888499327344	45.4753960429678	1822
-73.5888965924516	45.4753716404034	1822
-73.5890988436417	45.4752599849407	1822
-73.5893384166899	45.4751298060256	1822
-73.5896516924923	45.4749477974011	1822
-73.5898606007208	45.4748205475918	1822
-73.5901325459735	45.4746636781493	1822
-73.5904248630292	45.4744856301834	1822
-73.5906548263809	45.4743516725052	1822
-73.5909623546652	45.4741734518586	1822
-73.5911316181408	45.4740762627392	1822
-73.5912758507645	45.4740125359143	1822
-73.5824115981121	45.4808597178172	1823
-73.5826434347733	45.4805291310049	1823
-73.5827664376717	45.4803577326336	1823
-73.5827942997865	45.4802961157651	1823
-73.5828451982156	45.4800988127251	1823
-73.5828622061348	45.4800520017887	1823
-73.582961796483	45.4799275281187	1823
-73.5831031797144	45.4797555009957	1823
-73.5833272002473	45.4794075248486	1823
-73.5834313231737	45.4792548210751	1823
-73.5835434612154	45.4791786272899	1823
-73.5837393563119	45.4790699946369	1823
-73.5838778338371	45.4789080805451	1823
-73.5843410689263	45.478389992712	1823
-73.5845670454481	45.4781477856235	1823
-73.5846439797774	45.4780539299465	1823
-73.5847616737295	45.4779428551622	1823
-73.5851206893812	45.4776146918516	1823
-73.5974004646137	45.4800209851298	1824
-73.5972866030855	45.4800379748437	1824
-73.5972316542508	45.4800724052405	1824
-73.597108356633	45.4801386210466	1824
-73.5970400887377	45.4801747934465	1824
-73.5969777842231	45.4802480929208	1824
-73.59694296699	45.4803085649038	1824
-73.5969099820519	45.4803910267092	1824
-73.5968366827033	45.4804606611877	1824
-73.5967780431358	45.4805302956312	1824
-73.5967230685219	45.4806109251056	1824
-73.5966517674038	45.4807135157176	1824
-73.5965983198701	45.4807928342609	1824
-73.5965254296065	45.4808671898832	1824
-73.5964452397471	45.4809326757705	1824
-73.5963618249467	45.4809834773847	1824
-73.5962212123548	45.4810415760111	1824
-73.596158869227	45.4810792245678	1824
-73.5961320808888	45.4811069634595	1824
-73.5959347354392	45.4812698175969	1824
-73.5958396539845	45.4813523786959	1824
-73.595706502072	45.4814791155552	1824
-73.5956563470748	45.4815502356645	1824
-73.5956304661576	45.4815884083458	1824
-73.5955042289747	45.4816998626839	1824
-73.5954373324194	45.4817391570492	1824
-73.5953554522368	45.4817839301624	1824
-73.5953878514104	45.4818627736558	1824
-73.5346592562596	45.4691219685666	1825
-73.5346128540796	45.4692209916332	1825
-73.5345919200944	45.4693011507098	1825
-73.5345087355178	45.4695642451633	1825
-73.5345096623109	45.4695790283113	1825
-73.6224963	45.55438965	1826
-73.6224963	45.55438965	1826
-73.6224963	45.55438965	1826
-73.6224963	45.55438965	1826
-73.6224963	45.55438965	1826
-73.6224963	45.55438965	1826
-73.6224963	45.55438965	1826
-73.6224963	45.55438965	1826
-73.6224963	45.55438965	1826
-73.6224963	45.55438965	1826
-73.6224963	45.55438965	1826
-73.6224963	45.55438965	1826
-73.5619486203242	45.4701785670857	1827
-73.5620076861241	45.4701262134479	1827
-73.5621285022299	45.4699946581782	1827
-73.5622976445395	45.4697852437392	1827
-73.5624211455121	45.4695758292776	1827
-73.5624184607324	45.4695543508342	1827
-73.5623835582617	45.4695301875514	1827
-73.5623608370448	45.4695177861441	1827
-73.5622955037453	45.4694785293318	1827
-73.5417304002269	45.5363990178608	1828
-73.5417065060299	45.536403740147	1828
-73.5416577172396	45.5365319681574	1828
-73.5416756146513	45.536558757129	1828
-73.5417010690163	45.536640003386	1828
-73.5251457809917	45.55438965	1829
-73.5252182453761	45.55438965	1829
-73.5252638675156	45.55438965	1829
-73.5253286507943	45.55438965	1829
-73.5255167067523	45.55438965	1829
-73.5256408056821	45.55438965	1829
-73.5256936897869	45.55438965	1829
-73.5258254114639	45.55438965	1829
-73.5258770539062	45.55438965	1829
-73.5260109811278	45.55438965	1829
-73.5260946345284	45.55438965	1829
-73.5261780313758	45.55438965	1829
-73.526225811908	45.55438965	1829
-73.5262669242012	45.55438965	1829
-73.5263946734275	45.55438965	1829
-73.5264587051458	45.55438965	1829
-73.526522658122	45.55438965	1829
-73.5266021142765	45.55438965	1829
-73.5542121374502	45.5249660042211	1830
-73.5541381265692	45.5250326416123	1830
-73.5541456755345	45.5250497200615	1830
-73.5542446041161	45.5252238541105	1830
-73.5542617718546	45.5252634004554	1830
-73.5542672216216	45.5253145638109	1830
-73.5542754556482	45.5253820421704	1830
-73.554295714172	45.5254016394869	1830
-73.5545180170889	45.5254994571859	1830
-73.554574723435	45.5255310329944	1830
-73.5545879703977	45.5255636575217	1830
-73.5545758717366	45.5256013914761	1830
-73.5516009042169	45.4956170431553	1831
-73.5516255301831	45.4952518698201	1831
-73.5516533304505	45.4951585251229	1831
-73.5516844703674	45.4950534375348	1831
-73.5516956573363	45.4949693408959	1831
-73.5517558054128	45.4945963682642	1831
-73.5519132859639	45.4937397602476	1831
-73.5520244215507	45.4930257838077	1831
-73.5520414731302	45.4929459480746	1831
-73.5521359478699	45.4927332708683	1831
-73.5521705963919	45.4927100416101	1831
-73.552336619225	45.4927000564626	1831
-73.552461628389	45.4926926271318	1831
-73.5524955511224	45.4926742622387	1831
-73.5525182503284	45.4926386533612	1831
-73.5525270192673	45.4925623932899	1831
-73.5525321729644	45.4923725394373	1831
-73.5525173775089	45.4922913236135	1831
-73.5524575192202	45.4921790021855	1831
-73.5523265009876	45.4919786868597	1831
-73.5521993279896	45.4917313223224	1831
-73.5521749909468	45.4916722645165	1831
-73.5522245261927	45.4914020529601	1831
-73.553488846669	45.4711872174389	1832
-73.5534889746358	45.4711873731564	1832
-73.5536411511575	45.4711476846109	1832
-73.5538589179089	45.4710786106533	1832
-73.5539168371735	45.4710492306752	1832
-73.5539365833202	45.4710272810063	1832
-73.5539491340919	45.4709922659078	1832
-73.5539732658049	45.4707716326743	1832
-73.5539848189237	45.470747616076	1832
-73.5540173160975	45.4707181938344	1832
-73.5541237498779	45.4706738524933	1832
-73.5542360206379	45.4706215279849	1832
-73.554420181673	45.4705345539013	1832
-73.5545553679517	45.4704864061738	1832
-73.5546367668209	45.4704690734302	1832
-73.5547092358815	45.4704703282518	1832
-73.5548460645247	45.4704996073551	1832
-73.5549012569339	45.4705049834715	1832
-73.5549525527609	45.4705063369865	1832
-73.5550457263651	45.4704954288977	1832
-73.5551747487628	45.470471389062	1832
-73.5552147024629	45.4704474481884	1832
-73.555288822157	45.4703709735608	1832
-73.5553115898332	45.4703548559032	1832
-73.5558859791061	45.4701953009644	1832
-73.5560053845252	45.4701566871235	1832
-73.5561081744252	45.4701258721382	1832
-73.5562734747362	45.4701043089687	1832
-73.5564102937119	45.470097657342	1832
-73.5565760779884	45.4701161912018	1832
-73.5568077261316	45.4701602671416	1832
-73.5570191333473	45.4702537039	1832
-73.5571599171498	45.4703380746319	1832
-73.5572723857368	45.4703994876138	1832
-73.5575803467938	45.4705450272065	1832
-73.557797289912	45.4706667439612	1832
-73.5578829630778	45.4707135119888	1832
-73.5579949586007	45.4707535158871	1832
-73.5580253270162	45.4707710687103	1832
-73.558101650663	45.4708739830465	1832
-73.5582138495323	45.4710104875756	1832
-73.5582764951809	45.4710464781059	1832
-73.5583544717026	45.471063768083	1832
-73.5585143211099	45.4710851308661	1832
-73.5585829051734	45.4711010500138	1832
-73.5586420170083	45.4711478250961	1832
-73.5587560513067	45.4712750670286	1832
-73.5588472491673	45.4713659057009	1832
-73.5589005188284	45.4713940797934	1832
-73.5591051255155	45.4713980611664	1832
-73.5593420513589	45.4713917989021	1832
-73.5594902118683	45.4714010928942	1832
-73.5596128377078	45.4713865052703	1832
-73.5598114242475	45.4713393460561	1832
-73.5601051030019	45.4712663695723	1832
-73.5602668536868	45.4712103121843	1832
-73.5604454652205	45.4711625559202	1832
-73.5604651668863	45.4711520463967	1832
-73.6224963	45.55438965	1833
-73.6224963	45.55438965	1833
-73.6224963	45.55438965	1833
-73.6224963	45.55438965	1833
-73.6224963	45.55438965	1833
-73.6224963	45.55438965	1833
-73.6224963	45.55438965	1833
-73.6224963	45.55438965	1833
-73.6224963	45.55438965	1833
-73.6224963	45.55438965	1833
-73.6224963	45.55438965	1833
-73.6224963	45.55438965	1833
-73.6224963	45.55438965	1833
-73.6224963	45.55438965	1833
-73.6224963	45.55438965	1833
-73.6224963	45.55438965	1833
-73.6224963	45.55438965	1833
-73.5444204698054	45.5295131220204	1834
-73.5445125890837	45.5294490350513	1834
-73.5445377469218	45.5294350746246	1834
-73.5446210735411	45.5293553195007	1834
-73.5446990265495	45.5292517870926	1834
-73.5447290926119	45.5291963724633	1834
-73.5447525256978	45.5291185230172	1834
-73.5447495340926	45.5290638714476	1834
-73.5447317731705	45.5290293436574	1834
-73.5446891391038	45.5289775079714	1834
-73.5447212243454	45.5288670672942	1834
-73.6055219346259	45.5277120382981	1835
-73.6055148364816	45.5276575899636	1835
-73.6053758797318	45.527535000416	1835
-73.6050818327768	45.527274254318	1835
-73.6047513488802	45.5269807593373	1835
-73.6047606308259	45.5269518406226	1835
-73.5550121285393	45.4907690942584	1836
-73.5551103418576	45.4907750507671	1836
-73.5551933209203	45.4907703796376	1836
-73.5552638115523	45.4907577026173	1836
-73.5554939647567	45.4906813328771	1836
-73.5558052201643	45.4905692757929	1836
-73.5562069090928	45.4903969644416	1836
-73.5563345008905	45.4903186899205	1836
-73.5564268601314	45.4902701156474	1836
-73.5566779253612	45.4901468867353	1836
-73.5758600794085	45.4769400355226	1837
-73.5758647961642	45.4769019701708	1837
-73.575924057104	45.4768167738249	1837
-73.5760790049393	45.4766755922756	1837
-73.576278542181	45.4765204138181	1837
-73.5764430048582	45.4763965467947	1837
-73.5765640812006	45.4763032201412	1837
-73.5766773244076	45.4762053957549	1837
-73.5768756841051	45.4760128868099	1837
-73.5769558949319	45.4759316244681	1837
-73.5771299280146	45.4757583653074	1837
-73.5772717142645	45.4756212912374	1837
-73.5773508451009	45.4755645653116	1837
-73.5774754498402	45.4754934817811	1837
-73.5775900212101	45.4754532802844	1837
-73.577856685625	45.4751822730077	1837
-73.5780775073932	45.4749438452043	1837
-73.578281627638	45.4747267570183	1837
-73.5785063466654	45.4744844552291	1837
-73.5786236142433	45.4743750163632	1837
-73.5788650471615	45.4741300629711	1837
-73.579135290305	45.4738397252504	1837
-73.5799817964895	45.4729325306426	1837
-73.5804370356594	45.4724478304559	1837
-73.5805085416612	45.4723653278755	1837
-73.5805641820812	45.472280767447	1837
-73.5806012916387	45.4721528555444	1837
-73.5806312082852	45.4720212245767	1837
-73.5806954848171	45.4719385488805	1837
-73.6065115681485	45.5285036753729	1838
-73.6067134377965	45.5285118874809	1838
-73.6068620063161	45.5285515611507	1838
-73.6069686894316	45.5286064140677	1838
-73.6070352805767	45.5286707299428	1838
-73.6071003038141	45.5287604096479	1838
-73.6071357232305	45.5288077018757	1838
-73.6072263643205	45.5288717861296	1838
-73.6072653948714	45.5288851551932	1838
-73.5556695111257	45.4928408572131	1839
-73.5559215405787	45.4914894411058	1839
-73.5559457572974	45.4914449052336	1839
-73.5559881682296	45.4914081316067	1839
-73.5560643772111	45.4913621808041	1839
-73.5561870277849	45.4912929789925	1839
-73.556442369119	45.4911488293349	1839
-73.5566697341259	45.4910467978187	1839
-73.5568202087395	45.4909496613627	1839
-73.5806954848171	45.4719385488805	1840
-73.5807292147409	45.471865401952	1840
-73.5808424707779	45.4717467875564	1840
-73.5809333185184	45.471673443451	1840
-73.5811430163996	45.4714509537806	1840
-73.5812429124984	45.4713591752817	1840
-73.5813846501651	45.471194062246	1840
-73.5815490398894	45.4710234647742	1840
-73.5817985517071	45.4707610781132	1840
-73.5821821477981	45.4703774077701	1840
-73.5825446202502	45.4700578027109	1840
-73.5826225031518	45.4699564957236	1840
-73.5827183206644	45.4698626351873	1840
-73.5604651668863	45.4711520463967	1841
-73.5605595059417	45.4711016100743	1841
-73.5607953689762	45.4709690737027	1841
-73.5613973666231	45.4706268911766	1841
-73.5615191118126	45.4705451526296	1841
-73.5617069884303	45.4703866391492	1841
-73.561794244299	45.4703128071103	1841
-73.5546482442208	45.55438965	1842
-73.5546710136219	45.55438965	1842
-73.5546991751177	45.55438965	1842
-73.5547106045301	45.55438965	1842
-73.554717158505	45.55438965	1842
-73.5547206535097	45.55438965	1842
-73.5547236523169	45.55438965	1842
-73.6224963	45.55438965	2
-73.6224963	45.55438965	2
-73.6224963	45.55438965	2
-73.6224963	45.55438965	2
-73.6224963	45.55438965	2
-73.6224963	45.55438965	2
-73.6224963	45.55438965	2
-73.6224963	45.55438965	2
-73.6224963	45.55438965	3
-73.6224963	45.55438965	3
-73.5834585119411	45.5162176401586	4
-73.5835295007334	45.5161826268599	4
-73.5837413392656	45.5161266920642	4
-73.5838743384772	45.5160881317064	4
-73.5839605912526	45.5160270698439	4
-73.5840254140192	45.5159435657011	4
-73.5840831679358	45.5158486032454	4
-73.5841179268313	45.515750116932	4
-73.5841855219396	45.515664237912	4
-73.5842778323558	45.5155990488144	4
-73.5844673329771	45.5155248527051	4
-73.5846485856416	45.5154506881557	4
-73.5847031045933	45.5153884105166	4
-73.5847662229468	45.5153143240277	4
-73.5848548880088	45.5152375292928	4
-73.5849170312092	45.5151443112815	4
-73.5849241429179	45.5150560345199	4
-73.5849046603523	45.5149663219175	4
-73.584853866288	45.5149290289441	4
-73.58466188515	45.514829478222	4
-73.5847439484254	45.5147332144876	4
-73.5833302771842	45.5162650364033	5
-73.5833563766634	45.5162436149159	5
-73.5834127633921	45.5162252432462	5
-73.5834585119411	45.5162176401586	5
-73.58466188515	45.514829478222	6
-73.5845404945975	45.5147783036771	6
-73.5843953017591	45.5147140381734	6
-73.5823224693775	45.5137604198922	6
-73.5803608478358	45.5128431939188	6
-73.5794445142197	45.5124266882355	6
-73.5793537328794	45.5124025478982	6
-73.5792956007355	45.5123836127705	6
-73.579262989815	45.5123669662948	6
-73.5792368802127	45.5123460130296	6
-73.5792130112363	45.5123112685603	6
-73.5792033195504	45.5122722100388	6
-73.5791914037428	45.5120768004193	6
-73.5791712246031	45.5118957626865	6
-73.5791319982419	45.5117619441944	6
-73.5791316723606	45.5117608303202	6
-73.5791316723606	45.5117608303202	7
-73.5790672423129	45.5116164924917	7
-73.5789972927465	45.5115049373656	7
-73.578917521274	45.5114029871963	7
-73.5788383494724	45.5113211513188	7
-73.5788010635386	45.5112823098132	7
-73.578780390861	45.5112342163091	7
-73.5787338855638	45.5111762747271	7
-73.5786197677793	45.5110627471714	7
-73.578425787342	45.5109584450876	7
-73.5783790351818	45.5109095367558	7
-73.5783806977494	45.5108455012199	7
-73.578367362346	45.5108027320994	7
-73.578242247337	45.5107354336787	7
-73.5848915752904	45.5145724157336	8
-73.5845289080625	45.5144029104816	8
-73.5846669088427	45.5142503655344	8
-73.5844306105096	45.5141406397145	8
-73.5842084956003	45.5140029140072	8
-73.5839989263396	45.5138710940922	8
-73.5837581732823	45.5137430294467	8
-73.5834817043968	45.5136232648117	8
-73.5831807282723	45.5135010069593	8
-73.5829421057786	45.5133934725885	8
-73.5826605107347	45.5132423468315	8
-73.5822806834768	45.5129984428424	8
-73.5820247896387	45.5127988433896	8
-73.5818191366524	45.5125576127255	8
-73.5817147400495	45.5122922183442	8
-73.581553786356	45.512047135533	8
-73.5813304090919	45.5118511338194	8
-73.5811065510978	45.5117155721516	8
-73.5805776181757	45.511475000563	8
-73.5802229330486	45.5113291001412	8
-73.5800323126305	45.5112741200503	8
-73.5799082685368	45.5112799253777	8
-73.5798087919703	45.5113206062492	8
-73.5797399460141	45.511376245793	8
-73.5797096048115	45.5114477953956	8
-73.579713329909	45.5115356067339	8
-73.5797542677169	45.5116772465022	8
-73.5797634268663	45.5117458125255	8
-73.5797285099932	45.5118082134672	8
-73.5796734229504	45.51185472356	8
-73.5795267996679	45.5119106384233	8
-73.579381834743	45.5119513367977	8
-73.57925345228	45.5119296150161	8
-73.5791780062229	45.5119276955672	8
-73.5855612138091	45.503701943698	9
-73.5854327439631	45.5036750774865	9
-73.5853646046411	45.5035843938581	9
-73.5853538508434	45.5034830279379	9
-73.5854057811131	45.5031893309329	9
-73.5853744793823	45.5031046373716	9
-73.5852939276336	45.5030649176165	9
-73.5851992632514	45.503069789623	9
-73.5851346510427	45.5031133285019	9
-73.5849980208942	45.5032509936411	9
-73.5848744902012	45.5034009854819	9
-73.5847746959081	45.5035446407379	9
-73.5846945575666	45.5036468494257	9
-73.5845930294591	45.5037230695576	9
-73.5844966871771	45.5037811827361	9
-73.5843306228422	45.5038622689385	9
-73.5841492965605	45.5039628615701	9
-73.5840410596342	45.5040330856086	9
-73.5839735624031	45.5041054270712	9
-73.5839104244249	45.5042160887028	9
-73.5838591795949	45.5043713532549	9
-73.5838354972402	45.5044983659143	9
-73.5838384852948	45.504629066924	9
-73.5838710830075	45.5047986152693	9
-73.5838637677763	45.5049096187122	9
-73.5837980469973	45.5049496597042	9
-73.5837221088399	45.5049485704289	9
-73.5836494967499	45.5049184978044	9
-73.5836202444028	45.5048441886834	9
-73.58363458364	45.5045198833263	9
-73.5836741504146	45.504298739075	9
-73.583733373321	45.5040928626673	9
-73.5837740582516	45.503974303555	9
-73.5837499509959	45.5038602992803	9
-73.583677646875	45.5038126514084	9
-73.5835894602002	45.5038024209448	9
-73.5835137518998	45.503822428443	9
-73.5834530895574	45.5039009207708	9
-73.5834216798162	45.5039970079302	9
-73.5834013767545	45.5042157136215	9
-73.5833800960148	45.50443107786	9
-73.5833426124194	45.5046023465496	9
-73.583299270963	45.5047708054815	9
-73.5832925760234	45.5048638978871	9
-73.583287836359	45.5049636734728	9
-73.5832356992195	45.5050374493121	9
-73.5831610947839	45.5050609536984	9
-73.583067583285	45.5050514345946	9
-73.582995278213	45.5050037864513	9
-73.5829441438727	45.5049215551953	9
-73.5828743015511	45.5046040867095	9
-73.5828535480104	45.5043017504053	9
-73.5828651987203	45.5040876054569	9
-73.582912978415	45.503918795048	9
-73.5830056731897	45.5037263049634	9
-73.5831345831396	45.5035577167656	9
-73.5831868979066	45.5034662100126	9
-73.5831886618852	45.5033915359118	9
-73.5831605684823	45.5033461608463	9
-73.5831058235334	45.5032771347758	9
-73.5943400098211	45.4975220167715	10
-73.594436282916	45.4975133617159	10
-73.5944966069299	45.4974983589165	10
-73.5949875780481	45.4975220171063	10
-73.5948146492665	45.4982464509374	11
-73.5948525452102	45.4981948720845	11
-73.5948984880452	45.4981501973251	11
-73.5949734750545	45.4980891270255	11
-73.5950031371348	45.498046925232	11
-73.5949619981419	45.497828282115	11
-73.5949486898946	45.497710914115	11
-73.5949547358547	45.4976184924862	11
-73.5949964635855	45.497522762538	11
-73.5950873001178	45.4974134788271	11
-73.5952084496035	45.4972721160338	11
-73.5953186397332	45.4971877784655	11
-73.5954487077457	45.497122564043	11
-73.5955847610038	45.4970761041699	11
-73.5957111714977	45.4970452045687	11
-73.5958431249994	45.4970332397755	11
-73.5959972045103	45.4970280560395	11
-73.5961700678614	45.4970478425635	11
-73.596330168247	45.4970815516454	11
-73.5964918527487	45.497138715987	11
-73.5966434992769	45.4972174193255	11
-73.5967861677939	45.49731536025	11
-73.5970056048056	45.4974871723787	11
-73.5972506045405	45.4976512772886	11
-73.5973384592629	45.4977077532829	11
-73.5974469961981	45.4977570545286	11
-73.5975963627776	45.4978121700578	11
-73.5977885382913	45.4978668916639	11
-73.5979389182326	45.4979060119577	11
-73.5980761493114	45.4979191133634	11
-73.5981847792677	45.4979326410652	11
-73.5983646910133	45.4979294028045	11
-73.598507732446	45.4979158294249	11
-73.5986798989072	45.4978960065334	11
-73.598846393103	45.4978570930682	11
-73.5989626014462	45.4978116451166	11
-73.5990516171056	45.4977604402662	11
-73.5991085965979	45.4977241500025	11
-73.5991846297314	45.4977224853513	11
-73.5992493452837	45.497748699228	11
-73.5993116394868	45.4977970908795	11
-73.5993888320167	45.4978169358942	11
-73.5994602383159	45.4978240764666	11
-73.5995697279337	45.4978216962575	11
-73.5996887384345	45.4977859931485	11
-73.5997387226566	45.4977621910291	11
-73.5998226046016	45.4977280275332	11
-73.5999248607609	45.4976828575606	11
-73.6000318230159	45.4976627807933	11
-73.600153786098	45.4976623589266	11
-73.6002614498174	45.4976818878458	11
-73.6003467558199	45.4977209089881	11
-73.6004757011611	45.4978071917756	11
-73.600552972352	45.4978486538404	11
-73.600552972352	45.4978486538404	12
-73.6003786910899	45.4980769014429	12
-73.6003132716192	45.4983081916737	12
-73.6002767928454	45.4987217525692	12
-73.6002270476965	45.4991184838131	12
-73.6001273438372	45.4993849256074	12
-73.5999338461496	45.4997003617531	12
-73.5997260975631	45.4999245719396	12
-73.5993064097806	45.500286810198	12
-73.5985553614602	45.5009075811727	12
-73.5980513862948	45.5012492765597	12
-73.5973650484743	45.5016386199099	12
-73.5965435448833	45.5020137995017	12
-73.5962731978538	45.5020600806077	12
-73.5959643244073	45.5020243976157	12
-73.5957059271577	45.5019079136517	12
-73.5954998120384	45.5017537318144	12
-73.5953960558666	45.5016922996529	12
-73.5953276220285	45.5017010458191	12
-73.5929590191438	45.5027407051186	13
-73.5928074172532	45.5027245094497	13
-73.5925960926096	45.5027039550288	13
-73.5923277104533	45.5027030945614	13
-73.5921197726869	45.5027175177884	13
-73.591967632648	45.5027372743615	13
-73.5918246119859	45.5027551882344	13
-73.5933625495623	45.5015233129196	14
-73.5934054582394	45.5014476730364	14
-73.5932275412338	45.5013923303183	14
-73.5928054405499	45.5011006560265	14
-73.5965435448833	45.5020137995017	15
-73.5964617991243	45.5020314978224	15
-73.5956222444833	45.5023086802448	15
-73.5953156171322	45.5023159181447	15
-73.5931523711059	45.5023690580298	15
-73.5930780503693	45.5024589389126	15
-73.5930390846423	45.5026075578007	15
-73.5929576331992	45.5027418925446	15
-73.5929576331992	45.5027418925446	16
-73.5934794596724	45.5028984454049	16
-73.5937693148794	45.5029985963683	16
-73.5940163267905	45.5031458774484	16
-73.5942235177311	45.5032159451663	16
-73.6085874546634	45.4960528199576	17
-73.6086040141489	45.4960535552384	17
-73.6088019156087	45.4960714364122	17
-73.6088949760683	45.4960890095197	17
-73.6089874931939	45.496125296346	17
-73.6090676757799	45.4961501924692	17
-73.6091354876264	45.4961593492337	17
-73.6092078507172	45.4961589641781	17
-73.609360759565	45.4961430174885	17
-73.6101480226612	45.496065038964	17
-73.6103882175514	45.4960280815429	17
-73.6108950365534	45.4959367503555	17
-73.612276660162	45.4956943590156	17
-73.6125499132983	45.4956595135187	17
-73.6128005907198	45.4956403049315	17
-73.6136317034351	45.4956198620181	17
-73.6141171243067	45.4956101637666	17
-73.6149884447393	45.4956198757635	17
-73.6150712207023	45.4956285433153	17
-73.6151892171561	45.4956548620954	17
-73.6152723032028	45.4956854288493	17
-73.6154238777349	45.4957604054054	17
-73.6164673182351	45.4962975976717	17
-73.6166833765534	45.4964078099783	17
-73.6167453006596	45.4964255951226	17
-73.616832596951	45.4964361605479	17
-73.6169070472638	45.4964426088747	17
-73.6169617519155	45.4964616729671	17
-73.6170829587149	45.4964386057358	17
-73.6057042937253	45.4954693828033	18
-73.6057529056534	45.495538225722	18
-73.6058103372037	45.495596491299	18
-73.6058248996723	45.4956321156285	18
-73.6058512572181	45.4956598194636	18
-73.6059090903453	45.4956819760235	18
-73.6059683064	45.4956871552035	18
-73.6060208851576	45.4956950373978	18
-73.6062136024019	45.4957769512007	18
-73.6063061145869	45.4957974502878	18
-73.606403556432	45.4958390048213	18
-73.6064749102276	45.4958625112456	18
-73.6065940817308	45.4959010333271	18
-73.6065729899401	45.4959507637527	18
-73.6066179812899	45.49598459152	18
-73.6071159173347	45.49611568795	18
-73.6071910407536	45.4961193743955	18
-73.607276478493	45.496104730866	18
-73.6074960184024	45.4960161450131	18
-73.6075927826446	45.4959829666395	18
-73.6076971525483	45.4959568716996	18
-73.6077739981455	45.4959540385303	18
-73.6078493898303	45.4959594851658	18
-73.607933144032	45.4959714992752	18
-73.6080311905904	45.496001586532	18
-73.6081275509973	45.4960425417747	18
-73.6082181782573	45.4960650542109	18
-73.6083152069332	45.4960716612454	18
-73.6084061419775	45.4960622578882	18
-73.6085328268255	45.4960503443967	18
-73.6085874546634	45.4960528199576	18
-73.5433085626304	45.5048790829131	19
-73.5433155525376	45.5048897410648	19
-73.5433816679296	45.5049816610852	19
-73.5434631683679	45.505087264968	19
-73.5434881229119	45.5051176195975	19
-73.5435037487107	45.5051474048466	19
-73.5435176887939	45.505198851302	19
-73.5435259672925	45.5052390997354	19
-73.5435182931999	45.5052750329477	19
-73.5435133686454	45.5053229326378	19
-73.5434951493838	45.5054013659798	19
-73.5434936252974	45.5054993887406	19
-73.5435059857129	45.5055963368971	19
-73.5435787379978	45.5058544058641	19
-73.5436043329361	45.5059480514367	19
-73.5436134354948	45.5060417549759	19
-73.5436248488445	45.5061303653887	19
-73.5436465124104	45.506393832418	19
-73.5436442618007	45.5064342070816	19
-73.5436352242461	45.5064835708395	19
-73.5434602810272	45.5072084660684	19
-73.5434364067188	45.5072678063356	19
-73.5433736829743	45.5073948581818	19
-73.5433299085054	45.5074479567993	19
-73.5432633687625	45.5075200697922	19
-73.5431969921817	45.507579447814	19
-73.5431553050703	45.5076049067979	19
-73.5431053581857	45.507619600691	19
-73.5430525622875	45.5076171765597	19
-73.5430123685032	45.5076027765436	19
-73.5429825939918	45.5075816494939	19
-73.5429634256895	45.5075533039039	19
-73.5429570903681	45.5075276341875	19
-73.5429598211206	45.5070272563014	19
-73.5429732327624	45.5069595003531	19
-73.5429968058466	45.5069112899182	19
-73.5430211290828	45.5068704588034	19
-73.5430328192998	45.5068372547024	19
-73.5430461012036	45.5067959270094	19
-73.5430514917044	45.5067241625292	19
-73.5430528759679	45.5061682572218	19
-73.5431036675819	45.5061208210704	19
-73.5431492384287	45.5060885907978	19
-73.5431751408988	45.506064770583	19
-73.5434616843944	45.5060037500405	19
-73.5435203097957	45.5060233260431	19
-73.5435746842871	45.5060427608921	19
-73.5436123381182	45.5060569464429	19
-73.5435886214737	45.5058973249424	20
-73.5435497850771	45.5059399020713	20
-73.5435163660783	45.5059682315179	20
-73.5434580041836	45.5060035844303	20
-73.5430540867931	45.5061690112326	21
-73.5430441624337	45.5061202937974	21
-73.5430152143675	45.5060635250914	21
-73.5429624397991	45.5059655590293	21
-73.5429446915666	45.5059137913078	21
-73.5429385758084	45.5058653950663	21
-73.5429435278577	45.5055171760883	21
-73.54295620505	45.5054621793899	21
-73.5429823901353	45.5053977460925	21
-73.5432034528263	45.5050487020201	21
-73.5432652767791	45.5050096572168	21
-73.5433015648996	45.5050013449252	21
-73.5433479906288	45.5050003345418	21
-73.5434054426595	45.5050156104235	21
-73.5432227750292	45.5050362788774	22
-73.5433062489006	45.5048748313924	22
-73.5434871474923	45.5051142776651	23
-73.5435283148027	45.5051320193034	23
-73.5435808173885	45.5051470225762	23
-73.5436284642459	45.5051482157001	23
-73.5436575226674	45.5051490726024	23
-73.5436562531948	45.505148965542	24
-73.5436343260394	45.5051697166035	24
-73.5435918171804	45.505204233274	24
-73.5435464576565	45.5052482162323	24
-73.5435180299937	45.5052826165153	24
-73.543172228544	45.5060655390324	25
-73.5431203680145	45.5060606584034	25
-73.5430783278576	45.5060540706924	25
-73.5430022936226	45.506030563469	25
-73.54310666834	45.5045501449976	26
-73.5431160543673	45.5045766514655	26
-73.5433085626304	45.5048790829131	26
-73.5944364786682	45.4995032012945	27
-73.594217368277	45.4996576406159	27
-73.5939758465894	45.4998968270944	27
-73.5937469584249	45.5001456199424	27
-73.5936427172393	45.5003642358889	27
-73.5935482964081	45.5005021906623	27
-73.5934895049186	45.5005506400771	27
-73.5931201252987	45.5007924258987	27
-73.5928493380934	45.501045597373	27
-73.5928054405499	45.5011006560265	27
-73.5927310274147	45.5011947298645	27
-73.5927310274147	45.5011947298645	28
-73.5926794072545	45.5012597879534	28
-73.5923302204453	45.5017522120156	28
-73.5922228404614	45.5019361589738	28
-73.592125910385	45.5020624584294	28
-73.5919582329266	45.5022815454031	28
-73.5918243653848	45.5024771042619	28
-73.591785537944	45.5026036430852	28
-73.5918246119859	45.5027551882344	28
-73.5918249495042	45.5027577516852	28
-73.5434166372813	45.5046268466764	29
-73.5434902412501	45.5045942278431	29
-73.5435974221429	45.5045377842204	29
-73.5437184880757	45.5044536815636	29
-73.5438283057522	45.5043666745669	29
-73.5439069335156	45.5042913071218	29
-73.5439694251615	45.5042214604711	29
-73.5440330592112	45.5041249811081	29
-73.544072877878	45.5040512666984	29
-73.5441024306456	45.5039700948434	29
-73.5441311537007	45.5038792913702	29
-73.5441458855204	45.5037923062254	29
-73.5442321959606	45.5031119463693	29
-73.5442263329319	45.502876323478	29
-73.5442044712251	45.5027635074996	29
-73.5442047337641	45.5026934112578	29
-73.5442047337641	45.5026934112578	30
-73.5442825609657	45.5020156681156	30
-73.5446708969911	45.4987323524758	30
-73.5448841636014	45.4969116855104	30
-73.5449303191532	45.4964821186891	30
-73.5450223978611	45.4956974302283	30
-73.5452383089667	45.4935660172368	30
-73.5452824035659	45.4930527576607	30
-73.54527085673	45.4926341881946	30
-73.5452122463485	45.4922769146887	30
-73.5451665550684	45.4920948678662	30
-73.5451029166584	45.4919039187217	30
-73.5447908205303	45.4910650775398	30
-73.5445568357897	45.4904362245047	30
-73.5444716162876	45.4901529088853	30
-73.5443376497901	45.48980094043	30
-73.5328907136125	45.5126123353508	31
-73.5327045753276	45.5127315735026	31
-73.5325793827375	45.5127467204715	31
-73.5322070518562	45.5125366579791	31
-73.5316715095093	45.5129552639113	31
-73.5307685581915	45.5129770111082	31
-73.5245670449847	45.5076853436383	32
-73.5248781599227	45.5078537718315	32
-73.5251311161006	45.5078309570819	32
-73.5254953808381	45.5076647010046	32
-73.5256737039973	45.507590595384	32
-73.5259920202482	45.5075337494946	32
-73.5263543038875	45.5075059704929	32
-73.5263543038875	45.5075059704929	33
-73.5294999219913	45.5079721031276	33
-73.5294733265384	45.5080346166125	33
-73.5294733265384	45.5080346166125	34
-73.5292721210199	45.5080090041909	34
-73.5290913753707	45.5079975062864	34
-73.5289707398797	45.5080375898977	34
-73.5288783206841	45.5081314149427	34
-73.5288783206841	45.5081314149427	35
-73.5288350097525	45.508282122299	35
-73.5288459060694	45.5083262879905	35
-73.5288850440249	45.5083444432729	35
-73.5289353992245	45.5083424663985	35
-73.5289638085773	45.5083224098813	35
-73.5290265813758	45.508123508861	35
-73.5290222673173	45.5080586022851	35
-73.528987122237	45.5079935547995	35
-73.528917601556	45.5078924275652	35
-73.5288062762276	45.5077634301589	35
-73.5278363962358	45.5035154524487	36
-73.5278200565202	45.5034967299968	36
-73.5277831895754	45.5033320538469	36
-73.5277535447657	45.5032629608414	36
-73.5277004748763	45.5031732181442	36
-73.5276365425583	45.5030997255397	36
-73.5275631336828	45.5029945737585	36
-73.5275475811411	45.5029535942067	36
-73.5275486173697	45.502921561362	36
-73.6067935297905	45.5282974442796	37
-73.6069708358582	45.5284170036381	37
-73.6069708358582	45.5284170036381	38
-73.6073524854916	45.5287372244608	38
-73.6075586080138	45.5288733125354	38
-73.6077695152751	45.5290077130427	38
-73.6078833600714	45.5290816350391	38
-73.6078929655417	45.529097609763	38
-73.6078786256841	45.5291094005561	38
-73.6047606308259	45.5269518406226	39
-73.6047820111452	45.5269512411974	39
-73.6048271253532	45.5269623157627	39
-73.6048900034336	45.5269932186471	39
-73.6048900034336	45.5269932186471	40
-73.6056119484074	45.527493352023	40
-73.6060609850178	45.527800113076	40
-73.6065016634732	45.528101159123	40
-73.6067935297905	45.5282974442796	40
-73.561794244299	45.4703128071103	41
-73.5619486203242	45.4701785670857	41
-73.5552635211217	45.5254502437423	42
-73.5551965381353	45.5255146485713	42
-73.5548579924735	45.5255571298231	42
-73.5546313751641	45.5255898396259	42
-73.5545758717366	45.5256013914761	42
-73.5563195819381	45.5243939944365	43
-73.5561360142841	45.5245892197549	43
-73.5560529453088	45.5246836348432	43
-73.5558537244785	45.5248954665	43
-73.5556338001886	45.5250878806829	43
-73.5788347888361	45.5426727296736	44
-73.5786226725512	45.5428969156763	44
-73.5783875082716	45.5431369121224	44
-73.5782478998675	45.5427146446425	45
-73.5780111331397	45.5429692095666	45
-73.6054237145461	45.5287634250009	46
-73.6055665283346	45.5285349194727	46
-73.6224963	45.55438965	47
-73.5340938346482	45.4690791336684	48
-73.5346592562596	45.4691219685666	48
-73.5338985396109	45.4689854700885	49
-73.5339059243084	45.4690176471735	49
-73.5339148918364	45.469038746963	49
-73.5339344092098	45.4690550991464	49
-73.5339729162639	45.4690640666224	49
-73.5340145881345	45.4690719789492	49
-73.5340938346482	45.4690791336684	49
-73.5347231193552	45.4699155839632	50
-73.5347667332638	45.4699981387215	50
-73.5347636178179	45.4700947120825	50
-73.5347916553086	45.4701663632546	50
-73.5348570759404	45.4702348993023	50
-73.5349754562539	45.4703345879213	50
-73.5821297859454	45.5469636571781	51
-73.5825708568819	45.5471078892688	51
-73.5844202144011	45.547663725138	51
-73.5845187193092	45.5476929826908	51
-73.5850572346257	45.5478527273304	51
-73.5772948103035	45.5441174092574	52
-73.5765590744835	45.5453077483297	52
-73.5850572346257	45.5478527273304	53
-73.5854941310175	45.5480578337434	53
-73.5869899401711	45.5487600692341	53
-73.5869899401711	45.5487600692341	54
-73.5884623705486	45.5494521289388	54
-73.590373548573	45.5503501488051	54
-73.5791411741065	45.4830091349245	55
-73.5792588255734	45.4829554272468	55
-73.5792472124341	45.4828967946747	55
-73.5795683037291	45.482682580053	55
-73.5804816986307	45.482085573665	55
-73.5805682405311	45.4820680021148	55
-73.5806909182347	45.4820986650207	55
-73.5808079163854	45.4821655014552	55
-73.5809107044996	45.4822150636186	55
-73.5809699131386	45.482229600303	55
-73.5810411513691	45.4822336309943	55
-73.5811104620131	45.4822180876719	55
-73.5811562458783	45.4821940484061	55
-73.5813629848277	45.4820346853191	55
-73.5815548338826	45.4818687107603	55
-73.5816538854751	45.4817801915602	55
-73.5816935543751	45.4817200014821	55
-73.5817583677174	45.481623607423	55
-73.5818171350377	45.4815406847367	55
-73.5820580256273	45.4812971990346	55
-73.5823505479798	45.4809994531828	55
-73.5823702865717	45.4809542743706	55
-73.5823702865717	45.4809542743706	56
-73.5823806520713	45.4809305493795	56
-73.5823806520713	45.4809305493795	57
-73.5824115981121	45.4808597178172	57
-73.5477911801472	45.5236379131867	58
-73.5477901448761	45.523662301693	58
-73.5477896316976	45.5236797604972	58
-73.5477871153926	45.5237009097826	58
-73.5477840691612	45.5237194495931	58
-73.547778490298	45.5237401502064	58
-73.5477736460233	45.5237551810165	58
-73.5678990533482	45.4892255967579	59
-73.5660275367201	45.4882864398883	59
-73.6224963	45.514751041155	60
-73.6224963	45.5147782805731	60
-73.6224963	45.5148133569603	60
-73.6224963	45.5148705388019	60
-73.6224963	45.5150091508887	60
-73.6224963	45.5151924497276	60
-73.6224963	45.5152632167236	60
-73.6224963	45.5153614904095	60
-73.6224963	45.5158041069363	60
-73.6224963	45.5158727703813	60
-73.6224963	45.5159445865482	60
-73.6224963	45.51599347127	60
-73.6224963	45.5160097839614	60
-73.6224963	45.5159809770118	60
-73.6224963	45.5161197593331	60
-73.6224963	45.5161593927519	60
-73.6224963	45.5161819979945	60
-73.6224963	45.5161820727964	60
-73.6224963	45.5161348941695	60
-73.6224963	45.5160401858354	60
-73.6107121042491	45.5292281557383	61
-73.6090597952309	45.5289655643811	61
-73.6089890214484	45.5289753262758	61
-73.6089158073578	45.5290046118581	61
-73.6088523551269	45.5290412189911	61
-73.6087937839894	45.5290558618445	61
-73.6087230103644	45.5290705045992	61
-73.6086644390967	45.529080266511	61
-73.6086034273862	45.5290680640776	61
-73.6082764043737	45.5290265761225	61
-73.6081983093465	45.5290168142244	61
-73.6081348571597	45.5290021714672	61
-73.6080811667701	45.5289753262374	61
-73.6073612281003	45.5284701490888	61
-73.6073026569745	45.528433541982	61
-73.6072343237181	45.528418899114	61
-73.6069708358582	45.5284170036381	61
-73.606895098543	45.5284164587715	61
-73.6067828368034	45.5284311015454	61
-73.6066827776785	45.5284408634711	61
-73.6065558731709	45.5284750300184	61
-73.6065115681485	45.5285036753729	61
-73.6224963	45.5418688746861	62
-73.6224963	45.5423191168224	62
-73.6224963	45.5427723848557	62
-73.6206465415235	45.5392900591779	63
-73.6210927333254	45.5394173761718	63
-73.6224963	45.5400789500622	63
-73.6224963	45.5427723848557	64
-73.6224963	45.5436596312674	64
-73.6177150314892	45.5384389094383	65
-73.6206465415235	45.5392900591779	65
-73.6224963	45.5400789500622	66
-73.6224963	45.5409897708241	66
-73.6224963	45.5409897708241	67
-73.6224963	45.5418688746861	67
-73.6177150314892	45.5384389094383	68
-73.6156902350824	45.5378591769544	68
-73.6155730738034	45.5377910812789	68
-73.6154856989747	45.5377242152083	68
-73.6154086873177	45.5376636380751	68
-73.615284199733	45.5375760212369	68
-73.6151742654493	45.5375294259687	68
-73.6151742654493	45.5375294259687	69
-73.6150515351474	45.5374746543306	69
-73.6128146097325	45.5364655500953	69
-73.5706722614325	45.5487940624201	70
-73.5734246060047	45.549611256027	70
-73.5738756436888	45.5497472135952	70
-73.5873908977787	45.5537686953152	71
-73.5879049946878	45.5539223675624	71
-73.5912032493356	45.55438965	71
-73.5738756436888	45.5497472135952	72
-73.5743412653189	45.5498860394845	72
-73.5765512570377	45.5505461129422	72
-73.5769993551728	45.5506845797888	72
-73.5769993551728	45.5506845797888	73
-73.5774716411661	45.5508187988768	73
-73.5776448585668	45.5508727665751	73
-73.5789694928838	45.551264224677	73
-73.5794187734814	45.5514088907872	73
-73.5794187734814	45.5514088907872	74
-73.5798773363806	45.5515419394907	74
-73.5808409760133	45.5518257270227	74
-73.5810165164252	45.5518746484783	74
-73.5814607124905	45.5520027513968	74
-73.5814607124905	45.5520027513968	75
-73.5835929790895	45.5526408756467	75
-73.5835929790895	45.5526408756467	76
-73.5867704782082	45.5535844143082	76
-73.5868992123499	45.5536226531617	76
-73.5873908977787	45.5537686953152	76
-73.6107183060697	45.5438919746188	77
-73.611129238138	45.5440756998693	77
-73.612002702325	45.5444662236386	77
-73.6124994893776	45.5446883763924	77
-73.6124994893776	45.5446883763924	78
-73.6141443753929	45.5454425002294	78
-73.6141443753929	45.5454425002294	79
-73.6166924802056	45.5465691492656	79
-73.6182715506326	45.5472672154608	79
-73.6071704216304	45.5423372304333	80
-73.6076565878324	45.5425486154611	80
-73.61019955338	45.5436649755369	80
-73.6107183060697	45.5438919746188	80
-73.6076049756769	45.5473298666206	81
-73.6110760334397	45.5488650522876	81
-73.6110760334397	45.5488650522876	82
-73.6138944711954	45.5501050700636	82
-73.6138944711954	45.5501050700636	83
-73.6151141368506	45.550658649666	83
-73.6113087271752	45.5432340067501	84
-73.6130923336309	45.5440334567987	84
-73.6130923336309	45.5440334567987	85
-73.6147404355967	45.544764260915	85
-73.6147404355967	45.544764260915	86
-73.6188462724431	45.5466031058517	86
-73.6077797455203	45.5416641441323	87
-73.6113087271752	45.5432340067501	87
-73.6057240654178	45.5332354826059	88
-73.6025908910728	45.5318194272998	88
-73.5957385964784	45.5391778511602	89
-73.5963084787132	45.5394538467194	89
-73.596779266834	45.5396818317724	89
-73.5960614749342	45.5411657823603	90
-73.5977632525129	45.5419614911026	90
-73.5715861740851	45.5470927292052	91
-73.5720468788377	45.5472305304877	91
-73.574443393305	45.547947539646	91
-73.5748958988108	45.548083492119	91
-73.5748958988108	45.548083492119	92
-73.5753578112808	45.5482216864956	92
-73.577569867731	45.5488857886347	92
-73.5780359031684	45.5490168598705	92
-73.5780359031684	45.5490168598705	93
-73.5784730123823	45.549159378187	93
-73.5799711533695	45.5496108203341	93
-73.5804370885775	45.5497377422506	93
-73.5804370885775	45.5497377422506	94
-73.5808858187763	45.549878445727	94
-73.582195892417	45.5502767138284	94
-73.5827854183714	45.5504639219233	94
-73.5827853128614	45.5504640120198	95
-73.5832407123052	45.5506008291825	95
-73.5849354016353	45.551110197729	95
-73.5849354016353	45.551110197729	96
-73.5873045962571	45.5517967621305	96
-73.5873045962571	45.5517967621305	97
-73.5887135173565	45.5522561668117	97
-73.5887135173565	45.5522561668117	98
-73.5914533755413	45.5530556567886	98
-73.5955839847194	45.5499058770324	99
-73.5939237276313	45.5491120826433	99
-73.5939237276313	45.5491120826433	100
-73.5921605780669	45.5482872096902	100
-73.5921605780669	45.5482872096902	101
-73.5887604677724	45.546714317104	101
-73.5887604677724	45.546714317104	102
-73.5868548687051	45.5458213483583	102
-73.5995470183005	45.5508824178934	103
-73.5990995778845	45.5506095905368	103
-73.5985588923446	45.5502931956317	103
-73.5985588923446	45.5502931956317	104
-73.5961732022134	45.5492070426778	104
-73.5961732022134	45.5492070426778	105
-73.5927538664081	45.5476072877296	105
-73.5927538664081	45.5476072877296	106
-73.5893600099129	45.5460326079187	106
-73.5893600099129	45.5460326079187	107
-73.5874491320325	45.5451325437608	107
-73.588927937008	45.55438965	108
-73.5884696619968	45.55438965	108
-73.5857063842796	45.55438965	108
-73.5851180776199	45.55438965	108
-73.5851180776199	45.55438965	109
-73.5846879834847	45.55438965	109
-73.5828776909057	45.55438965	109
-73.5828776909057	45.55438965	110
-73.5813334179172	45.55438965	110
-73.5813334179172	45.55438965	111
-73.5792816046289	45.55438965	111
-73.5792816046289	45.55438965	112
-73.5791596346135	45.55438965	112
-73.6224963	45.5295698813798	113
-73.6224963	45.5294427106793	113
-73.6224963	45.5287861282479	113
-73.6224963	45.5286676414803	113
-73.6224963	45.5286676414803	114
-73.6224963	45.5285280992319	114
-73.6224963	45.5278823442338	114
-73.6224963	45.5277524711115	114
-73.6224963	45.5277524711115	115
-73.6224963	45.5276253792874	115
-73.6224963	45.5269824545553	115
-73.6224963	45.5268532904852	115
-73.6224963	45.5268532904852	116
-73.6224963	45.5267245704968	116
-73.6224963	45.5258865036728	116
-73.6224963	45.5257538259871	116
-73.6224963	45.5262728803532	117
-73.6224963	45.5264064572576	117
-73.6224963	45.527245440671	117
-73.6224963	45.5273781078873	117
-73.6224963	45.5273781078873	118
-73.6224963	45.527506016156	118
-73.6224963	45.5276084668109	118
-73.6224963	45.5281432903897	118
-73.6224963	45.5282702918966	118
-73.6224963	45.5282702918966	119
-73.6224963	45.5284035688319	119
-73.6224963	45.5290425896708	119
-73.6224963	45.529179977701	119
-73.6224963	45.529179977701	120
-73.6224963	45.5293064708691	120
-73.6224963	45.5299524274022	120
-73.6224963	45.5300779774884	120
-73.5785469084855	45.55438965	121
-73.5785469084855	45.55438965	122
-73.5771890567921	45.55438965	122
-73.5771890567921	45.55438965	123
-73.5767200696157	45.55438965	123
-73.5758521734795	45.55438965	123
-73.5755889764316	45.55438965	123
-73.5751302497118	45.55438965	123
-73.6167215275557	45.548967324135	124
-73.6130969779238	45.5473504790519	124
-73.6126311304563	45.547135857795	124
-73.6126311304563	45.547135857795	125
-73.6109799235345	45.5464052964774	125
-73.5833300404419	45.5162650021255	126
-73.5809874759707	45.5152093649028	126
-73.5804840702368	45.515763173675	127
-73.5809874759707	45.5152093649028	127
-73.5809874759707	45.5152093649028	128
-73.5823224693775	45.5137604198922	128
-73.5429607268459	45.55438965	129
-73.5512622379533	45.4955155135823	130
-73.5511499130738	45.4955063320665	130
-73.5510858912327	45.4955072612254	130
-73.5510372473154	45.4955207909082	130
-73.5509924461292	45.4955388214013	130
-73.5509707061141	45.4955694490183	130
-73.5894820352635	45.526950493474	131
-73.5883488562481	45.5264372080416	131
-73.5879564082343	45.5262601345893	131
-73.5879564082343	45.5262601345893	132
-73.5878387523995	45.5262061897626	132
-73.5878387523995	45.5262061897626	133
-73.5874199847151	45.5260111199632	133
-73.586023064847	45.5253765713598	133
-73.586023064847	45.5253765713598	134
-73.5858305494667	45.5252900503957	134
-73.5858305494667	45.5252900503957	135
-73.5847278286268	45.5247765259645	135
-73.5847278286268	45.5247765259645	136
-73.5829190654652	45.5239634982909	136
-73.5829190654652	45.5239634982909	137
-73.582527494308	45.5237851367996	137
-73.5805733152395	45.5228949794774	137
-73.5805733152395	45.5228949794774	138
-73.5781808721594	45.5218117228304	138
-73.5781808721594	45.5218117228304	139
-73.5758720105277	45.5207409402026	139
-73.5758720105277	45.5207409402026	140
-73.5725951724015	45.5192464004518	140
-73.5725951148759	45.5192463473148	141
-73.5717752815217	45.5188903755728	141
-73.5717752815217	45.5188903755728	142
-73.5703332827774	45.5182344427817	142
-73.5703332827774	45.5182344427817	143
-73.5701080672143	45.5181314415697	143
-73.5522960024307	45.4959560175658	144
-73.5523195128917	45.4959271410762	144
-73.5523649030895	45.4959155372308	144
-73.5523980897543	45.4959178267591	144
-73.5524424439175	45.4959207675106	144
-73.5524766710975	45.4959178567417	144
-73.5525220987024	45.4959027066497	144
-73.5526287010882	45.4958836568707	144
-73.5198817	45.4979782632588	145
-73.5199112625256	45.4981419559793	145
-73.5200143697491	45.4984896161506	145
-73.5202106546909	45.499141212159	145
-73.5202162316232	45.4991595036912	145
-73.5203576152719	45.4996342698239	145
-73.520474304276	45.5000013317389	145
-73.5209560120077	45.5015970295087	145
-73.5214240426264	45.5031544776417	145
-73.5217477885302	45.5042206880087	145
-73.5219164882263	45.504782584347	145
-73.5220692246211	45.5052811956873	145
-73.5223083748382	45.5060553506619	145
-73.5226079789385	45.507064099241	145
-73.5229316313685	45.5081380449283	145
-73.5233238690135	45.5094183662848	145
-73.5234570095272	45.5098578736305	145
-73.5236802073166	45.510603219654	145
-73.5238162367253	45.511056298799	145
-73.5240532114948	45.5118205546997	145
-73.5242954269426	45.5126364660942	145
-73.5245320011607	45.5134239385728	145
-73.5246655046973	45.5138768019332	145
-73.5249596916804	45.5148321257753	145
-73.5251474593782	45.5154552384538	145
-73.525337908091	45.5160895151173	145
-73.5255259794441	45.516737425781	145
-73.5256892819443	45.5172782805994	145
-73.5258743970919	45.5173029720238	145
-73.5261024452339	45.5173525865126	145
-73.526613195868	45.517371677506	145
-73.5813894071215	45.533118445454	146
-73.581512097914	45.5331750531353	146
-73.5813894071215	45.533118445454	147
-73.581512097914	45.5331750531353	147
-73.5828845846297	45.5315308774088	148
-73.5830015974136	45.531586114253	148
-73.5804866916504	45.531939013064	149
-73.5805852097085	45.5318311521971	149
-73.5809638521467	45.5314523561675	150
-73.5810149190817	45.5313474785454	150
-73.6224963	45.55438965	152
-73.6224963	45.55438965	152
-73.6224963	45.55438965	152
-73.6224963	45.55438965	153
-73.6224963	45.55438965	153
-73.6224963	45.55438965	153
-73.6224963	45.55438965	154
-73.6224963	45.55438965	154
-73.6224963	45.55438965	154
-73.6224963	45.55438965	155
-73.6224963	45.55438965	155
-73.6224963	45.55438965	155
-73.6224963	45.55438965	156
-73.6224963	45.55438965	156
-73.6224963	45.55438965	156
-73.6224963	45.55438965	157
-73.6224963	45.55438965	157
-73.6224963	45.5502856550714	158
-73.6224963	45.5504065064976	158
-73.6224963	45.5508228898967	158
-73.6224963	45.5510825820605	159
-73.6224963	45.5513239078181	159
-73.6224963	45.5515304724082	159
-73.6224963	45.5508228898967	160
-73.6224963	45.5510825820605	160
-73.6224963	45.5516238210755	161
-73.6224963	45.55202624984	161
-73.6224963	45.5525080140739	161
-73.6224963	45.5525080140739	162
-73.6224963	45.5534065961439	162
-73.6224963	45.5534065961439	163
-73.6224963	45.5538714503938	163
-73.6224963	45.5542975096436	163
-73.6224963	45.5515304724082	164
-73.6224963	45.5516238210755	164
-73.6224963	45.5469773202069	165
-73.6224963	45.5478574414765	165
-73.6224963	45.5478574414765	166
-73.6224963	45.5487403495798	166
-73.6224963	45.5487403495798	167
-73.6224963	45.5491655991261	167
-73.6224963	45.5496182396586	167
-73.5909892390833	45.55438965	168
-73.5713972900665	45.5444955791748	169
-73.5715080125312	45.5445151283303	169
-73.5724412861827	45.5448033256911	169
-73.572897454563	45.5449360441537	169
-73.5712465230669	45.5444667858097	170
-73.5713972900665	45.5444955791748	170
-73.6224963	45.5420894687818	171
-73.6224963	45.5422113916219	171
-73.6224963	45.5427397647356	171
-73.6224963	45.5428823569731	171
-73.6224963	45.5428823569731	172
-73.6224963	45.5430175367418	172
-73.6224963	45.5435807450611	172
-73.6224963	45.5435975087341	172
-73.6224963	45.5437535783275	172
-73.6224963	45.5437535783275	173
-73.6224963	45.5438804974105	173
-73.6224963	45.5445070898275	173
-73.6224963	45.5446408097781	173
-73.6224963	45.5446408097781	174
-73.6224963	45.5447732806093	174
-73.6224963	45.5453801298259	174
-73.6224963	45.5455180566662	174
-73.6224963	45.5455180566662	175
-73.6224963	45.5456470127759	175
-73.6224963	45.5463389007378	175
-73.6166217321568	45.5403486800132	176
-73.6170211138965	45.5404664316432	176
-73.6170211138965	45.5404664316432	177
-73.617791766521	45.5406920604644	177
-73.617791766521	45.5406920604644	178
-73.6194929751116	45.5411809321529	178
-73.6194929751116	45.5411809321529	179
-73.6223497643907	45.5419819000508	179
-73.6223497643907	45.5419819000508	180
-73.6224963	45.5420894687818	180
-73.588042008118	45.5181826524025	181
-73.5886107251856	45.5184303226455	181
-73.5906692630643	45.5193269247544	181
-73.5911149149275	45.5195209545774	181
-73.5898306544497	45.5209302677635	182
-73.5901244126566	45.5206151519073	182
-73.5904516847733	45.5202639215775	182
-73.5999906017832	45.5176907271158	183
-73.6004648921814	45.5171773521792	183
-73.6154894393857	45.5117371236885	184
-73.6137921922181	45.5109228616617	184
-73.6132359620634	45.5106550557089	185
-73.613047763481	45.5105607495497	185
-73.613047763481	45.5105607495497	186
-73.6121926653733	45.5101743533296	186
-73.6137921922181	45.5109228616617	187
-73.6137124571572	45.5109061124284	187
-73.6134883411677	45.5108000537766	187
-73.6134883411677	45.5108000537766	188
-73.613288948803	45.5107044092759	188
-73.6132359620634	45.5106550557089	188
-73.6224963	45.5070327877864	189
-73.6224963	45.507444028347	189
-73.6085211080007	45.4711271555601	190
-73.6088317455501	45.4712750793614	190
-73.6101287266151	45.4718566340719	190
-73.6101287266151	45.4718566340719	191
-73.6102656405528	45.4718493025288	191
-73.6104415291387	45.4718665013343	191
-73.6105790394145	45.4718942663796	191
-73.6224963	45.4825403965226	192
-73.6224963	45.4838402997193	192
-73.6224963	45.4841678888519	192
-73.6224963	45.4841678888519	193
-73.6224963	45.4853594380827	193
-73.6224963	45.4855769009582	193
-73.6224963	45.4788903469729	194
-73.6224963	45.4795974561352	194
-73.6224963	45.4810442738032	195
-73.6224963	45.4810894203244	195
-73.6224963	45.4795974561352	196
-73.6224963	45.4799235677304	196
-73.6224963	45.4799235677304	197
-73.6224963	45.480054069822	197
-73.6224963	45.480054069822	198
-73.6224963	45.4810442738032	198
-73.6224963	45.4810894203244	199
-73.6224963	45.4825403965226	199
-73.6224963	45.4783383662413	200
-73.6224963	45.477721864331	200
-73.6224963	45.477721864331	201
-73.6224963	45.4771228114127	201
-73.6224963	45.4771228114127	202
-73.6224963	45.4765175480322	202
-73.6224963	45.4765175480322	203
-73.6224963	45.4759338015932	203
-73.6224963	45.4759338015932	204
-73.6224963	45.4753618347358	204
-73.6224963	45.4747246814016	205
-73.6224963	45.474056618813	205
-73.6224963	45.474056618813	206
-73.6224963	45.4733463842728	206
-73.6224963	45.4733463842728	207
-73.6224963	45.4725999385075	207
-73.6224963	45.4725999385075	208
-73.6224963	45.4718531343605	208
-73.6224963	45.4718531343605	209
-73.6224963	45.4712379218268	209
-73.6224963	45.4712379218268	210
-73.6224963	45.4705363065732	210
-73.6224963	45.4753618347358	211
-73.6224963	45.4750300693029	211
-73.6224963	45.4747246814016	211
-73.6224963	45.5079268913539	213
-73.6224963	45.5072346375656	213
-73.6224963	45.5090447146388	214
-73.6224963	45.5088668063722	214
-73.6224963	45.5087699050618	214
-73.6224963	45.5086495816685	214
-73.6224963	45.5085464604522	214
-73.6224963	45.5079268913539	214
-73.6224963	45.5211910415444	215
-73.6224963	45.5230499814354	215
-73.6224963	45.5221834630916	216
-73.6224963	45.5238113141083	216
-73.6224963	45.5201936761487	217
-73.6224963	45.5204824414366	217
-73.6224963	45.5205533219138	217
-73.6224963	45.520616235683	217
-73.6224963	45.5211135082268	217
-73.6224963	45.5211135082268	218
-73.6224963	45.5211910415444	218
-73.6224963	45.5200785759637	219
-73.6224963	45.5201936761487	219
-73.5367171979133	45.549828284922	229
-73.5362807401303	45.5505423329347	229
-73.5362807401303	45.5505423329347	230
-73.5358201721374	45.5512353284929	230
-73.5346942548764	45.552946517998	231
-73.5342228768089	45.5536476093637	231
-73.5358201721374	45.5512353284929	232
-73.5352744233542	45.5520615368167	232
-73.5352061409233	45.5521701785592	233
-73.5346942548764	45.552946517998	233
-73.5378828136032	45.548271398134	234
-73.5373011284546	45.5489782089261	234
-73.537218376648	45.5490794772508	236
-73.537176369134	45.5491338461575	236
-73.5367171979133	45.549828284922	236
-73.5373011284546	45.5489782089261	237
-73.537218376648	45.5490794772508	237
-73.5385488975954	45.5474280376676	238
-73.5382811415301	45.5477743279647	238
-73.5382811415301	45.5477743279647	239
-73.5378828136032	45.548271398134	239
-73.5396447643431	45.5459667275247	240
-73.5393724428107	45.5464112037975	240
-73.5393271724587	45.5464763737695	240
-73.5390999472193	45.5467635272625	240
-73.5390999472193	45.5467635272625	241
-73.5388254211282	45.5470864232924	241
-73.5385488975954	45.5474280376676	241
-73.5433406094922	45.5436950586962	242
-73.5429899507748	45.5442755517475	242
-73.5429899507748	45.5442755517475	243
-73.5425076226392	45.5450707245276	243
-73.5425076226392	45.5450707245276	244
-73.5420351013932	45.5458619318622	244
-73.5420351013932	45.5458619318622	245
-73.541609287603	45.5465525987632	245
-73.544149645536	45.5424038984993	246
-73.5437878066453	45.5429838584806	246
-73.5437546766004	45.5430305772893	246
-73.5437546766004	45.5430305772893	247
-73.5433406094922	45.5436950586962	247
-73.5630128751201	45.5373930026535	248
-73.5625096991027	45.5379381833853	248
-73.5625096991027	45.5379381833853	249
-73.5620666926296	45.5384635308495	249
-73.5620666926296	45.5384635308495	250
-73.5615984817772	45.5390314564035	250
-73.5615984817772	45.5390314564035	251
-73.5614658175394	45.5392171823345	251
-73.5614182312549	45.5393575061053	251
-73.5613880024756	45.5395313876039	251
-73.5652654429874	45.5415234697781	252
-73.5688581056435	45.5418978886911	252
-73.5705368560677	45.5420528212779	252
-73.5613880024756	45.5395313876039	253
-73.5614143224452	45.5397448354883	253
-73.561428823755	45.539870817125	253
-73.5591319706371	45.5349735601952	254
-73.5588716135971	45.5352494316267	254
-73.5586031308425	45.5355338560061	254
-73.565137005827	45.5351196814015	255
-73.5655221760864	45.5353104252769	255
-73.5659938941045	45.5355439540808	255
-73.5659938941045	45.5355439540808	256
-73.5675059212937	45.5362473517434	256
-73.5679233229971	45.5364414880076	256
-73.5640372029687	45.5362541184806	257
-73.5634936420395	45.5368392828765	257
-73.5608586597345	45.5330847006423	258
-73.5605711126288	45.5333971275587	258
-73.5602761781384	45.5337175668986	258
-73.5602761781384	45.5337175668986	259
-73.559979452995	45.5340453858219	259
-73.5597051928495	45.5343484442572	259
-73.5597051928495	45.5343484442572	260
-73.5594146804112	45.5346652792422	260
-73.5591319706371	45.5349735601952	260
-73.5586031308425	45.5355338560061	261
-73.5582920434803	45.5358812060792	261
-73.5679233229971	45.5364414880076	262
-73.568307336078	45.5366207940005	262
-73.5692363108341	45.5370543583859	262
-73.5692363108341	45.5370543583859	263
-73.5697522158963	45.537296304172	263
-73.5698156210553	45.5373260528745	263
-73.5702103204973	45.5375111054132	263
-73.5702103204973	45.5375111054132	264
-73.5732675734641	45.5389162172036	264
-73.5736593314989	45.5390963101928	264
-73.5658533048718	45.5311824581757	265
-73.5656088132182	45.5314366478234	265
-73.5652688632517	45.5317901533105	265
-73.5652688632517	45.5317901533105	266
-73.5649447419109	45.5321370792246	266
-73.5646742761511	45.5324024406763	266
-73.5528029239901	45.5242965227244	267
-73.5542119239244	45.5249661280445	267
-73.5781808415223	45.521811764192	268
-73.5778795159125	45.5221283843257	268
-73.5776746765776	45.5223564752941	268
-73.5776746765776	45.5223564752941	269
-73.5774665608154	45.5225833081199	269
-73.5772657180322	45.5228022163772	269
-73.5772657180322	45.5228022163772	270
-73.5769282247726	45.5231623248412	270
-73.5769282247726	45.5231623248412	271
-73.5765946342242	45.523522519689	271
-73.5765946342242	45.523522519689	272
-73.5761717383492	45.5239811351483	272
-73.5761717383492	45.5239811351483	273
-73.5758883187082	45.5242817192581	273
-73.5758883187082	45.5242817192581	274
-73.5756207224321	45.5245733828405	274
-73.5753495390854	45.5248690980216	274
-73.5753495390854	45.5248690980216	275
-73.5750429185391	45.5251983129703	275
-73.5791317677013	45.5207761933305	276
-73.5787253787494	45.521230937194	276
-73.5787253787494	45.521230937194	277
-73.578504929337	45.5214660599509	277
-73.5781808415223	45.521811764192	277
-73.5669865643647	45.5179573792088	278
-73.5672790716572	45.5180932762362	278
-73.5689911262577	45.5188697025364	278
-73.5692874887203	45.519041949159	278
-73.5671767383004	45.5098175068622	279
-73.5674369471655	45.5099030267797	279
-73.5674369471655	45.5099030267797	280
-73.5685892914549	45.5104408580691	280
-73.5685892914549	45.5104408580691	281
-73.569491002424	45.5108570701291	281
-73.5700432108415	45.5111119525603	281
-73.5671767383004	45.5098175068622	282
-73.5676523299873	45.5093150658883	282
-73.56796533378	45.5088874139058	282
-73.5683151471799	45.5081763512504	282
-73.5705446558112	45.509937507008	283
-73.5709670447411	45.5101305500155	283
-73.5711344587688	45.5102070298688	283
-73.5711344587688	45.5102070298688	284
-73.5723898129139	45.5107783259956	284
-73.5612208948144	45.502226619483	285
-73.5616323017388	45.5017234273952	285
-73.5616323017388	45.5017234273952	286
-73.5619209029074	45.5013694187295	286
-73.5595916581223	45.5041374921922	287
-73.5604096294724	45.5031956460038	287
-73.5604096294724	45.5031956460038	288
-73.5607056326012	45.5028398367678	288
-73.5607056326012	45.5028398367678	289
-73.5609130742182	45.5025800966015	289
-73.5612208948144	45.502226619483	289
-73.5582593414677	45.5057380744365	290
-73.5587884493364	45.5050913839653	290
-73.5591624983873	45.5046558947885	290
-73.5591624983873	45.5046558947885	291
-73.5593396070924	45.5044461194014	291
-73.5595916581223	45.5041374921922	291
-73.560489544232	45.5011380937032	292
-73.5607919715532	45.5008777632157	292
-73.5603542662904	45.501267485121	293
-73.5603641270772	45.5012106944099	293
-73.5604193751539	45.5011560394522	293
-73.560489544232	45.5011380937032	293
-73.5741402468251	45.5088205780064	294
-73.574399363009	45.5085529506613	294
-73.5747243614018	45.508217334927	294
-73.5747243614018	45.508217334927	295
-73.5753257240448	45.507575740405	295
-73.5753257240448	45.507575740405	296
-73.575596956646	45.5072998229284	296
-73.5758115796906	45.507081357817	296
-73.5724688181942	45.5108119331696	297
-73.5744833467993	45.5117223551229	297
-73.5352744233542	45.5520615368167	298
-73.5352061409233	45.5521701785592	298
-73.5634936420395	45.5368392828765	299
-73.5630128751201	45.5373930026535	299
-73.5616114836374	45.541458994515	300
-73.5632327853846	45.5413695560619	300
-73.5637054424683	45.5413692934514	300
-73.5652654429874	45.5415234697781	300
-73.5723898129139	45.5107783259956	301
-73.5724688181942	45.5108119331696	301
-73.6224963	45.55438965	302
-73.6224963	45.55438965	302
-73.6224963	45.55438965	303
-73.6224963	45.55438965	303
-73.6224963	45.5532211951731	304
-73.6224963	45.5534883834485	304
-73.6224963	45.55438965	304
-73.6224963	45.55438965	305
-73.6224963	45.55438965	305
-73.6224963	45.55438965	305
-73.5656404097489	45.5528755126319	306
-73.5661543331337	45.5530290129762	306
-73.5685412018953	45.5537762507621	306
-73.5689846581129	45.5539150218138	306
-73.5711698581417	45.55438965	307
-73.5716732521921	45.55438965	307
-73.5725309060927	45.55438965	307
-73.5736036585586	45.55438965	307
-73.5740625718432	45.55438965	307
-73.5740625718432	45.55438965	308
-73.5745117596651	45.55438965	308
-73.5767621710917	45.55438965	308
-73.5769926902048	45.55438965	308
-73.5773558576805	45.55438965	308
-73.5774327192015	45.55438965	308
-73.598459602939	45.5464875977992	309
-73.5982230948288	45.5467910755869	309
-73.597988095196	45.5471131797556	309
-73.597988095196	45.5471131797556	310
-73.5976820681138	45.5474735010407	310
-73.5973726569798	45.5478338243676	310
-73.5973726569798	45.5478338243676	311
-73.5970620511335	45.5481775892358	311
-73.5967688736737	45.5485226883289	311
-73.5967688736737	45.5485226883289	312
-73.596476943916	45.5488580665664	312
-73.5961732022134	45.5492070426778	312
-73.5961732022134	45.5492070426778	313
-73.5958860279737	45.5495477247504	313
-73.5955839847194	45.5499058770324	313
-73.5955839847194	45.5499058770324	314
-73.5953022791505	45.5502362940228	314
-73.5949973753464	45.5505938172554	314
-73.5949973753464	45.5505938172554	315
-73.5947078438165	45.5509233391963	315
-73.5944016497437	45.5512718625524	315
-73.5944016497437	45.5512718625524	316
-73.5941117968213	45.5516027332104	316
-73.5938060187076	45.5519517045361	316
-73.5938060187076	45.5519517045361	317
-73.5935131958	45.5522796063106	317
-73.5932077159481	45.5526217363206	317
-73.5932077159481	45.5526217363206	318
-73.592913740283	45.5529595366715	318
-73.5925173738815	45.5534150388829	318
-73.5925173738815	45.5534150388829	319
-73.5916787060759	45.5543506437759	319
-73.5916787060759	45.5543506437759	320
-73.5912032493356	45.55438965	320
-73.5912032493356	45.55438965	321
-73.590721227508	45.55438965	321
-73.590721227508	45.55438965	322
-73.5900871364892	45.55438965	322
-73.5900871364892	45.55438965	323
-73.5894939997886	45.55438965	323
-73.5894939997886	45.55438965	324
-73.588927937008	45.55438965	324
-73.588927937008	45.55438965	325
-73.588324464803	45.55438965	325
-73.588324464803	45.55438965	326
-73.5877256216645	45.55438965	326
-73.5877256216645	45.55438965	327
-73.5871474944163	45.55438965	327
-73.5705368560677	45.5420528212779	328
-73.572379570339	45.5426405786831	328
-73.5794771974141	45.5368697772294	329
-73.5799065844387	45.5370674611122	329
-73.5811086300232	45.5376207875198	329
-73.5823950451856	45.538218136567	329
-73.5828221198092	45.5384095116389	329
-73.5769135191899	45.5356927208911	330
-73.5773316833598	45.5358831326486	330
-73.5779234797367	45.536152527864	330
-73.5783514839832	45.5363510284434	330
-73.5784734339527	45.5364038603588	331
-73.5788586429172	45.5365837599051	331
-73.5790701111932	45.5366815255796	331
-73.5794771974141	45.5368697772294	331
-73.5783514839832	45.5363510284434	332
-73.5784734339527	45.5364038603588	332
-73.5868264907593	45.5300615338018	333
-73.5890643910756	45.5310732170136	333
-73.5890643910756	45.5310732170136	334
-73.5908846032756	45.5318897256495	334
-73.5918831679047	45.5218848976271	335
-73.5927578607801	45.522285108252	335
-73.5932741500542	45.5225246983577	335
-73.5898306544497	45.5209302677635	336
-73.5917588018237	45.5218281222773	336
-73.5917588018237	45.5218281222773	337
-73.5918831679047	45.5218848976271	337
-73.5761448179002	45.5138089135341	338
-73.5770445152714	45.5142164277782	338
-73.5770445152714	45.5142164277782	339
-73.5782898452688	45.5147602175119	339
-73.5782898452688	45.5147602175119	340
-73.5794523193227	45.5153003616283	340
-73.5794523193227	45.5153003616283	341
-73.5804840045788	45.5157631022739	341
-73.5804840045788	45.5157631022739	342
-73.5809890859057	45.5159951965844	342
-73.5828042867739	45.5168294781788	342
-73.5935917011866	45.516824929094	343
-73.5941534038858	45.5162153962447	343
-73.5941534038858	45.5162153962447	344
-73.5944552123151	45.5158822639154	344
-73.5911149149275	45.5195209545774	345
-73.5917140813541	45.5188681176959	345
-73.5917140813541	45.5188681176959	346
-73.5924168776467	45.5181297007334	346
-73.5932982941651	45.51713726405	347
-73.5935917011866	45.516824929094	347
-73.6150041850656	45.5203575724511	348
-73.6158655716511	45.5207396209215	348
-73.6158655716511	45.5207396209215	349
-73.6168682670927	45.5211852333289	349
-73.6121714690725	45.5191129099183	350
-73.6130761621191	45.5195231947504	350
-73.6130761621191	45.5195231947504	351
-73.6140470043027	45.5199541048095	351
-73.6140470043027	45.5199541048095	352
-73.6148568068847	45.5203130843025	352
-73.6150041850656	45.5203575724511	352
-73.6083202230455	45.5205432815775	353
-73.6101568226036	45.5213482198186	353
-73.6050191016394	45.5190269268601	354
-73.6083202230455	45.5205432815775	354
-73.6025946384971	45.5188356456749	355
-73.6044498196472	45.5196573979565	355
-73.5999906017832	45.5176907271158	356
-73.6025946384971	45.5188356456749	356
-73.5640372029687	45.5362541184806	357
-73.5646122279533	45.5356717233773	357
-73.565137005827	45.5351196814015	357
-73.5529794352312	45.4963544628394	358
-73.5527365840786	45.4962316446308	358
-73.5512622109614	45.4955155207841	358
-73.5974004317084	45.4800209704788	359
-73.5980683426097	45.4795030272838	359
-73.5761696679603	45.4847983770576	360
-73.5775633196554	45.4839501524218	360
-73.5709955621204	45.4886434317599	361
-73.5716636999693	45.4879501567052	361
-73.5716636999693	45.4879501567052	362
-73.5722740121353	45.487269513319	362
-73.5722740121353	45.487269513319	363
-73.5726160132354	45.4869479306648	363
-73.5734883985062	45.486419292294	363
-73.5696220423837	45.4900749891954	364
-73.5709955621204	45.4886434317599	364
-73.5734883985062	45.486419292294	365
-73.5758026632955	45.4850194646146	365
-73.5761696679603	45.4847983770576	365
-73.5775633196554	45.4839501524218	366
-73.577679189715	45.4838843786135	366
-73.5790199982989	45.4830818885148	366
-73.5790199982989	45.4830818885148	367
-73.5791412362523	45.4830091799669	367
-73.5629895162284	45.4786985580384	368
-73.5633531731348	45.4791538134412	368
-73.5581912186582	45.484898403812	369
-73.5590608850789	45.4840925174673	369
-73.5700656967177	45.4745168528454	370
-73.5701286850063	45.4742669923382	370
-73.5700551505193	45.4731571481776	371
-73.5695374395145	45.4723439234665	371
-73.5701286850063	45.4742669923382	372
-73.5702560464698	45.4736097818613	372
-73.5702530649519	45.4735026914287	372
-73.5702086338916	45.4734034560858	372
-73.5700551505193	45.4731571481776	372
-73.5620814216814	45.4704205584067	373
-73.5639110398926	45.4710866713405	373
-73.5619958378547	45.4703913570805	374
-73.5620814216814	45.4704205584067	374
-73.5618857639108	45.4703466899285	375
-73.5619958378547	45.4703913570805	375
-73.5705251541933	45.4722481948706	376
-73.5706569917461	45.4704527432517	376
-73.5706569917461	45.4704527432517	377
-73.5705227110709	45.4723193812394	378
-73.5705251541933	45.4722481948706	378
-73.5953698716014	45.4759103459994	379
-73.5956865394475	45.4760728791929	379
-73.5319747525694	45.55438965	384
-73.5333688864132	45.55438965	384
-73.5338746392701	45.55438965	384
-73.5338746392701	45.55438965	385
-73.534357251149	45.55438965	385
-73.5354353438633	45.55438965	385
-73.5359296943247	45.55438965	385
-73.5359296943247	45.55438965	386
-73.5364395815331	45.55438965	386
-73.5394900924845	45.55438965	387
-73.5399838330333	45.55438965	387
-73.5423863121849	45.55438965	387
-73.542822469511	45.55438965	387
-73.5364395815331	45.55438965	388
-73.5383780327666	45.55438965	388
-73.5394900924845	45.55438965	388
-73.5251457552051	45.55438965	390
-73.5250745147669	45.55438965	390
-73.542822469511	45.55438965	391
-73.5429605990865	45.55438965	391
-73.5284190013149	45.55438965	392
-73.5297535813707	45.55438965	392
-73.5302477933043	45.55438965	392
-73.5302477933043	45.55438965	393
-73.5307603931587	45.55438965	393
-73.5314792639485	45.55438965	393
-73.5319747525694	45.55438965	393
-73.5579681034534	45.5497275057756	394
-73.5570575288101	45.5512086966157	394
-73.5570575288101	45.5512086966157	395
-73.5566358158102	45.5519476526164	395
-73.5564642380599	45.5522483115878	395
-73.5564642380599	45.5522483115878	396
-73.5563008129334	45.5525689444321	396
-73.5561408655725	45.5528828260574	396
-73.5707814430406	45.5123874162162	397
-73.573004658139	45.5133385911576	397
-73.5597912380966	45.5064129498222	398
-73.5600111850964	45.5061836225056	398
-73.5603551085795	45.5058093406064	398
-73.5603551085795	45.5058093406064	400
-73.5607467777143	45.5053738371354	400
-73.5609083832677	45.5051795462236	400
-73.5609083832677	45.5051795462236	401
-73.5611115262748	45.5048419641998	401
-73.5742529511756	45.5088745004818	402
-73.5757521108564	45.5095699712347	402
-73.5762673663545	45.5098090094265	402
-73.571569160504	45.5040362133743	403
-73.5724452653966	45.5044663673563	403
-73.5724452653966	45.5044663673563	404
-73.5734843522842	45.5049730840815	404
-73.5733994698852	45.5021981149454	405
-73.573685342125	45.5019104031998	405
-73.5740050473431	45.5015885615335	405
-73.5740050473431	45.5015885615335	406
-73.5746864889685	45.500891212167	406
-73.5746864889685	45.500891212167	407
-73.5750778140643	45.5005436724261	407
-73.5754454145161	45.5002171155732	407
-73.571569160504	45.5040362133743	408
-73.5727953710212	45.5028184633464	408
-73.572866207568	45.5027464238159	409
-73.5733994698852	45.5021981149454	409
-73.5727953710212	45.5028184633464	410
-73.572866207568	45.5027464238159	410
-73.5762673663545	45.5098090094265	411
-73.57712191827	45.5102114237946	411
-73.5782423556939	45.5107353203671	411
-73.5561408655725	45.5528828260574	412
-73.5559690390901	45.5531515371229	412
-73.5558983673648	45.5532619920365	412
-73.5558983673648	45.5532619920365	413
-73.555782452541	45.5534521121893	413
-73.5554967365501	45.5539341595326	414
-73.5551492860743	45.5543835688519	414
-73.5551492860743	45.5543835688519	415
-73.5549582160421	45.55438965	415
-73.555782452541	45.5534521121893	416
-73.5557393548224	45.5535641735919	416
-73.5554967365501	45.5539341595326	416
-73.5548843805956	45.55438965	417
-73.5547040129393	45.55438965	417
-73.5546140495072	45.55438965	417
-73.554581698796	45.55438965	417
-73.5549582160421	45.55438965	418
-73.5548843805956	45.55438965	418
-73.5741402468251	45.5088205780064	419
-73.5742529511756	45.5088745004818	419
-73.6224963	45.5496182396586	421
-73.6224963	45.5502856550714	421
-73.6224963	45.5502856550714	422
-73.6224963	45.5508134160957	422
-73.6224963	45.5508134160957	423
-73.6224963	45.5513799889736	423
-73.6224963	45.5513799889736	424
-73.6224963	45.5519308965232	424
-73.6224963	45.5519308965232	425
-73.6224963	45.5524997212224	425
-73.6224963	45.5524997212224	426
-73.6224963	45.5528450130329	426
-73.6224963	45.5532211951731	426
-73.6224963	45.5502009260869	427
-73.6224963	45.5502840765179	427
-73.6224963	45.5505338866088	427
-73.6224963	45.5505338866088	428
-73.6224963	45.5507127462135	428
-73.5774327192015	45.55438965	429
-73.5775398180757	45.55438965	429
-73.5833346440254	45.55438965	430
-73.5839355646768	45.55438965	430
-73.5866907339733	45.55438965	430
-73.5871474944163	45.55438965	430
-73.572379570339	45.5426405786831	431
-73.5725045693189	45.5426761363397	431
-73.5790130803421	45.5373604681458	432
-73.5794378236746	45.5375589668686	432
-73.5806574313438	45.5381290242951	432
-73.5819160626387	45.5387172192235	432
-73.5823307873209	45.5389122045841	432
-73.5764391389305	45.5361789086924	433
-73.576900424303	45.5363908912875	433
-73.5774630600082	45.5366495094975	433
-73.5778875723605	45.53684153465	433
-73.5780078388098	45.5368983279014	434
-73.5784018182731	45.5370802928511	434
-73.5785960603362	45.5371693419421	434
-73.5790130803421	45.5373604681458	434
-73.5778875723605	45.53684153465	435
-73.5780078388098	45.5368983279014	435
-73.5780389832973	45.5345231352147	436
-73.5776030072357	45.5349676351683	436
-73.5773686699722	45.535206454083	436
-73.5773686699722	45.535206454083	437
-73.5769135191899	45.5356927208911	437
-73.5804866916483	45.5319390115661	438
-73.5799972163466	45.5324601422258	438
-73.5799972163466	45.5324601422258	439
-73.5793745492334	45.5331219316076	439
-73.5793745492334	45.5331219316076	440
-73.5787494451199	45.5337883087387	440
-73.5787494451199	45.5337883087387	441
-73.5783135948094	45.5342392008736	441
-73.5780389832973	45.5345231352147	441
-73.5809638521446	45.5314523546696	442
-73.5809117155856	45.5314742598275	442
-73.5805851718562	45.5318311311042	442
-73.5814582850732	45.5308664217648	443
-73.5812025972399	45.5311423409646	443
-73.5810149190798	45.5313474771973	443
-73.5809627761815	45.5313648827112	443
-73.6047515460988	45.5294300538212	444
-73.6055491950189	45.5297990090969	444
-73.6078678996071	45.5308713542895	444
-73.6078678996071	45.5308713542895	445
-73.6083489117704	45.5310885010196	445
-73.609953369329	45.5318128478452	445
-73.6109066564417	45.5322431705718	445
-73.6113687717033	45.5324517736385	445
-73.6113687717033	45.5324517736385	446
-73.6118210645563	45.5326581345332	446
-73.6128767096033	45.5331396362526	446
-73.6133342854173	45.5333418463217	446
-73.6133342854173	45.5333418463217	447
-73.6137250606361	45.5335140635563	447
-73.614221561652	45.5337435891037	447
-73.614221561652	45.5337435891037	448
-73.6151260870335	45.5341563766429	448
-73.6151260870335	45.5341563766429	449
-73.6156245024369	45.5343868839122	449
-73.6162568425117	45.5346727782624	449
-73.6162568425117	45.5346727782624	450
-73.6168987098221	45.5349662186618	450
-73.6173897122202	45.5351801672816	450
-73.6031211573198	45.5181963130003	451
-73.6050191016394	45.5190269268601	451
-73.6004648921814	45.5171773521792	452
-73.601437628119	45.517621956682	452
-73.6020366080898	45.5177024167658	452
-73.6031211573198	45.5181963130003	452
-73.6114217908092	45.5139471580654	453
-73.6121106923447	45.5135491658358	453
-73.6121106923447	45.5135491658358	454
-73.6125593364882	45.5133237425684	454
-73.6125593364882	45.5133237425684	455
-73.6131362196627	45.5129812898075	455
-73.6092801509512	45.5145822364614	456
-73.6096190630317	45.5144874192407	456
-73.6106719063297	45.5142075164157	456
-73.6131362196627	45.5129812898075	457
-73.6142074917111	45.5124402667419	457
-73.6020544213489	45.5158172321309	458
-73.6047034750127	45.5155853532438	458
-73.6052458418387	45.5154911722363	458
-73.6007161830364	45.5158859145364	459
-73.6011289689809	45.5158810501608	459
-73.6011289689809	45.5158810501608	460
-73.6020544213489	45.5158172321309	460
-73.5969123574145	45.5161365951847	461
-73.5982782003355	45.5160904318702	461
-73.5944552123151	45.5158822639154	462
-73.5969123574145	45.5161365951847	462
-73.6106719063297	45.5142075164157	463
-73.6109236682457	45.5141412174159	463
-73.6111114631765	45.5140796598252	463
-73.6112574634559	45.5140239921859	463
-73.6114217908092	45.5139471580654	463
-73.5982782003355	45.5160904318702	464
-73.5989688808871	45.5160372796823	464
-73.5989688808871	45.5160372796823	465
-73.6007161830364	45.5158859145364	465
-73.6085335282952	45.5147914616125	466
-73.6089877802762	45.5146694487903	466
-73.6063733887183	45.5152796346612	467
-73.6065455310082	45.5152546363184	467
-73.6069360273416	45.5151894766258	467
-73.6073884417646	45.5150969895329	467
-73.6085335282952	45.5147914616125	467
-73.6089877802762	45.5146694487903	468
-73.6092801509512	45.5145822364614	468
-73.6052458418387	45.5154911722363	469
-73.6056126272664	45.5153909417915	469
-73.6060031156561	45.5153204757258	469
-73.6063733887183	45.5152796346612	469
-73.6142074917111	45.5124402667419	470
-73.6150960673795	45.5119805014509	470
-73.6154894393857	45.5117371236885	470
-73.6224963	45.4873876977761	471
-73.6224963	45.4877670722983	471
-73.6224963	45.4877670722983	472
-73.6224963	45.4881188604868	472
-73.6224963	45.4881188604868	473
-73.6224963	45.4884995681238	473
-73.6224963	45.4884995681238	474
-73.6224963	45.4888622045138	474
-73.6224963	45.4888622045138	475
-73.6224963	45.489282621081	475
-73.6224963	45.5070327877864	476
-73.6224963	45.5054433409366	476
-73.6224963	45.5054433409366	477
-73.6224963	45.5044461443442	477
-73.6224963	45.5044461443442	478
-73.6224963	45.5024526958536	478
-73.6224963	45.5024526958536	479
-73.6224963	45.500098127106	479
-73.6224963	45.500098127106	480
-73.6224963	45.4980847527672	480
-73.6224963	45.4980847527672	481
-73.6224963	45.4960681210797	481
-73.6224963	45.4960681210797	482
-73.6224963	45.494411153128	482
-73.6224963	45.494411153128	483
-73.6224963	45.4934115381631	483
-73.6224963	45.4929141731454	483
-73.6224963	45.4929141731454	484
-73.6224963	45.4924213503307	484
-73.5751801495249	45.5434787585873	485
-73.5767147776108	45.5439390390026	485
-73.5772948060775	45.5441173728628	485
-73.5748917820415	45.5433922853506	486
-73.5751801495249	45.5434787585873	486
-73.5735884865206	45.543001305655	487
-73.5748917820415	45.5433922853506	487
-73.5733000184147	45.5429147384376	488
-73.5735884865206	45.543001305655	488
-73.5725045693189	45.5426761363397	489
-73.5733000184147	45.5429147384376	489
-73.5528400021604	45.4981407102443	490
-73.5528834367095	45.4974126460593	490
-73.5528834367095	45.4974126460593	491
-73.5529788369218	45.4967293743289	491
-73.5529788369218	45.4967293743289	492
-73.5529901785827	45.4965567623543	492
-73.5529901785827	45.4965567623543	493
-73.5529345129472	45.4965063021354	493
-73.552949076592	45.496393084073	493
-73.5529794352312	45.4963544628394	493
-73.5246647787059	45.5079957717271	494
-73.5234446436192	45.5039874729472	494
-73.5234446436192	45.5039874729472	495
-73.5234808286984	45.5039413890763	495
-73.5235412941078	45.503903579563	495
-73.523642931799	45.5038827701991	495
-73.5237098331542	45.5038390196861	495
-73.5237893954644	45.5037832976203	495
-73.5237938960738	45.5036924936652	495
-73.5226640456624	45.4999364152245	495
-73.5225586905926	45.4993523811983	495
-73.5227680468871	45.4979409784894	495
-73.5227734940726	45.4978390152918	495
-73.5227335741073	45.4977753080441	495
-73.5226537612515	45.4977141286873	495
-73.5221589342493	45.4975740165666	495
-73.5219453951485	45.4974919840083	495
-73.5291580991483	45.5085642783039	496
-73.5290728558457	45.5086605924398	496
-73.5290314958421	45.5086987599288	496
-73.5289247812292	45.508712915766	496
-73.5287394174797	45.5087143125638	496
-73.5285974508104	45.5087388262008	496
-73.5284573976683	45.508790607087	496
-73.5269678833928	45.513103696506	497
-73.5268958308843	45.5129895125837	497
-73.5265592560135	45.5124938208415	497
-73.5254990171565	45.5105742448306	497
-73.5252099326227	45.5099892652778	497
-73.5250280313417	45.5092384046308	497
-73.5248405810832	45.508580327451	497
-73.5246647787059	45.5079957717271	497
-73.5273811473733	45.5130249445249	498
-73.5276762069665	45.5140920082703	498
-73.5276786620385	45.5141468133413	498
-73.5276606291247	45.5141872245601	498
-73.5276272900839	45.5142306091125	498
-73.5275827497008	45.5142522180974	498
-73.5275203661919	45.5142707717105	498
-73.5274460445928	45.5142715994781	498
-73.5273748817186	45.5142548779512	498
-73.5273243020892	45.5142323019118	498
-73.527285332595	45.5142033335567	498
-73.5272564855053	45.5141494346854	498
-73.5271301557611	45.5137901234815	498
-73.527134598854	45.513589168403	498
-73.5271046509881	45.5134399673505	498
-73.5270394076106	45.5132168905775	498
-73.5269678833928	45.513103696506	498
-73.5284573976683	45.508790607087	499
-73.5283345676744	45.5088755910048	499
-73.528245512335	45.5089517469551	499
-73.5281189258374	45.5091260944674	499
-73.5278050428475	45.5098844514161	499
-73.5276189045506	45.5104685503717	499
-73.527514360177	45.5108278270669	499
-73.5273825624993	45.5113718656512	499
-73.5273262135203	45.5116374480488	499
-73.5272756855451	45.51237207165	499
-73.5272996789101	45.5126519437232	499
-73.5273534411618	45.5129278489408	499
-73.5273811473733	45.5130249445249	499
-73.5219453951485	45.4974919840083	500
-73.5219166517728	45.4973975867693	500
-73.5219309737199	45.4973166803586	500
-73.5219847616128	45.4972210072653	500
-73.5221062028597	45.4971330606271	500
-73.5222602676273	45.4970769650346	500
-73.5224583583346	45.4970619874271	500
-73.5226998369254	45.4970757985776	500
-73.5237708331195	45.4972969637986	500
-73.5240063225782	45.4973701688305	500
-73.5242525878624	45.4974673993399	500
-73.5247964525992	45.497751210708	500
-73.5259125407913	45.4984432796482	500
-73.5260387173832	45.4985616819429	500
-73.5761502706878	45.4995332406311	501
-73.5768935221047	45.4987680718419	501
-73.5768935221047	45.4987680718419	502
-73.5771853882238	45.4984129422755	502
-73.5772148907025	45.4983770152215	502
-73.5774807281993	45.4980536699701	502
-73.5774807281993	45.4980536699701	503
-73.5777841271105	45.4977248091809	503
-73.5780823588466	45.49740153045	503
-73.5780823588466	45.49740153045	504
-73.5787850896188	45.4966795734826	504
-73.5787850896188	45.4966795734826	505
-73.5791448081553	45.4962592370074	505
-73.5792531947126	45.4959579548671	505
-73.5792508789255	45.4956613391861	505
-73.5754454145161	45.5002171155732	506
-73.5761502706878	45.4995332406311	506
-73.6119811319521	45.4725333840456	507
-73.612518530003	45.4727536099873	507
-73.6148534313634	45.4737989899997	507
-73.6153083208681	45.4740025469767	507
-73.6174011049561	45.4749474161593	508
-73.6190879380162	45.4757139440853	508
-73.6190879380162	45.4757139440853	509
-73.6199581819768	45.4761034249559	509
-73.6199581819768	45.4761034249559	510
-73.6207978418633	45.4764924815607	510
-73.6207978418633	45.4764924815607	511
-73.6216739902651	45.4768692539584	511
-73.6216739902651	45.4768692539584	512
-73.6224963	45.4781009006798	512
-73.6224963	45.4781009006798	513
-73.6224963	45.4783383662413	513
-73.6105790394145	45.4718942663796	514
-73.611292792321	45.4722132300044	514
-73.611521279233	45.4723151497776	514
-73.6119811319521	45.4725333840456	514
-73.6153083208681	45.4740025469767	515
-73.6158048232591	45.4742275683081	515
-73.6169139955672	45.4747303116589	515
-73.6174011049561	45.4749474161593	515
-73.5584042248127	45.4812943330223	517
-73.5585518697167	45.4806172376415	517
-73.5585518697167	45.4806172376415	518
-73.5586842032084	45.4799308803672	518
-73.5586842032084	45.4799308803672	519
-73.5588049239451	45.4792411092271	519
-73.5588049239451	45.4792411092271	520
-73.5589304216388	45.4785818430251	520
-73.5589304216388	45.4785818430251	521
-73.5590946894649	45.4778731503202	521
-73.5590946894649	45.4778731503202	522
-73.5594414598832	45.4772537257188	522
-73.5594414598832	45.4772537257188	523
-73.5599286329131	45.4764246320392	523
-73.56313483318	45.4803379769981	524
-73.563751972695	45.4808280079109	524
-73.563751972695	45.4808280079109	525
-73.5645034592449	45.481430451406	525
-73.5645034592449	45.481430451406	526
-73.5652063905169	45.4820015099638	526
-73.5652063905169	45.4820015099638	528
-73.5658856969141	45.4825687980767	528
-73.5658856969141	45.4825687980767	529
-73.5666837880504	45.4831946883388	529
-73.6224963	45.5100689150804	530
-73.6224963	45.5094981414615	530
-73.6224963	45.5106710714126	531
-73.6224963	45.5100689150804	531
-73.6224963	45.5115939328157	532
-73.6224963	45.5106710714126	532
-73.6224963	45.5120762295551	533
-73.6224963	45.5115939328157	533
-73.6224963	45.5127707844226	534
-73.6224963	45.5120762295551	534
-73.6224963	45.5094981414615	535
-73.6224963	45.5091190856876	535
-73.6224963	45.5090726438565	535
-73.6224963	45.5090447146388	535
-73.6224963	45.5139972726307	536
-73.6224963	45.5133718424964	536
-73.6224963	45.5133718424964	537
-73.6224963	45.5127707844226	537
-73.6224963	45.5146825818951	538
-73.6224963	45.5147022711403	538
-73.6224963	45.5146981954309	538
-73.6224963	45.514668621041	538
-73.6224963	45.5145911651395	538
-73.6224963	45.5139972726307	538
-73.5338746392701	45.55438965	549
-73.5334331162576	45.55438965	549
-73.5312140018516	45.5526809650699	550
-73.5320662712467	45.5529508855148	550
-73.5325385824984	45.5530982491531	550
-73.5325385824984	45.5530982491531	551
-73.5331033570272	45.5532834708386	551
-73.533731212257	45.5534810899899	551
-73.5342228768089	45.5536476093637	552
-73.5347695873591	45.5538172595288	552
-73.5357166765936	45.5541209609873	552
-73.5362012665206	45.5542753249288	552
-73.5362012665206	45.5542753249288	553
-73.5367696560616	45.55438965	553
-73.5377293425355	45.55438965	553
-73.5382239835742	45.55438965	553
-73.5362012665206	45.5542753249288	554
-73.535699268694	45.55438965	554
-73.535699268694	45.55438965	555
-73.535238762604	45.55438965	555
-73.535238762604	45.55438965	556
-73.5347756097004	45.55438965	556
-73.5347756097004	45.55438965	557
-73.5343174217455	45.55438965	557
-73.5343174217455	45.55438965	559
-73.5338746392701	45.55438965	559
-73.533731212257	45.5534810899899	560
-73.5342228768089	45.5536476093637	560
-73.5417828098334	45.55438965	561
-73.5451521912283	45.55438965	561
-73.545274990288	45.55438965	562
-73.5486183007785	45.55438965	562
-73.5382239835742	45.55438965	563
-73.5402840468559	45.55438965	563
-73.5417828098334	45.55438965	563
-73.5451521912283	45.55438965	564
-73.545274990288	45.55438965	564
-73.5486183007785	45.55438965	565
-73.5487759741063	45.55438965	565
-73.5479316703092	45.5467040977833	566
-73.5476785013962	45.5471148385395	566
-73.5474517136142	45.5474974903008	566
-73.5474517136142	45.5474974903008	567
-73.5470235162147	45.548178638887	567
-73.5470235162147	45.548178638887	568
-73.5466595585895	45.548760408201	568
-73.5466595585895	45.548760408201	570
-73.5464592900826	45.5490372160352	570
-73.5484124612952	45.5459135825316	571
-73.5479316703092	45.5467040977833	571
-73.5381284148809	45.5406161183467	572
-73.539483481688	45.5410085648252	572
-73.539932573029	45.5411443872275	572
-73.539932573029	45.5411443872275	573
-73.540404802445	45.5412868590806	573
-73.5416827896944	45.5416693175606	573
-73.542184604108	45.541814291062	573
-73.542184604108	45.541814291062	574
-73.5427159036187	45.5419774297293	574
-73.5436111584795	45.5422446387784	574
-73.544149645536	45.5424038984993	574
-73.5516834999566	45.5405961211287	575
-73.5512469872249	45.5413111272636	575
-73.5512469872249	45.5413111272636	576
-73.5509812143886	45.5417468993706	576
-73.5507910502207	45.5420500783215	576
-73.5507910502207	45.5420500783215	577
-73.5505948682743	45.5423588392117	577
-73.550391112925	45.5427053100296	577
-73.550391112925	45.5427053100296	578
-73.5501707732841	45.5430530474318	578
-73.5499580305425	45.5433949316989	578
-73.5499580305425	45.5433949316989	579
-73.5495703026219	45.5440225272238	579
-73.5495703026219	45.5440225272238	581
-73.5491789809004	45.5446570523683	581
-73.5491789809004	45.5446570523683	582
-73.5487684592762	45.5453306409264	582
-73.5487684592762	45.5453306409264	583
-73.5484124612952	45.5459135825316	583
-73.5525565424517	45.5392194688265	584
-73.5519743707	45.5401293784984	584
-73.5516834999566	45.5405961211287	584
-73.5616114836374	45.541458994515	585
-73.5617209091921	45.5426183972629	585
-73.5613059540702	45.5443092170649	586
-73.5608277496837	45.5450651382946	586
-73.5608277496837	45.5450651382946	587
-73.5604404607244	45.5457044693262	587
-73.5604404607244	45.5457044693262	588
-73.5596402252461	45.5470185974899	588
-73.5540059840192	45.5370646437912	589
-73.5536109069154	45.537645281285	589
-73.5536109069154	45.537645281285	590
-73.5532119136849	45.5382258290072	590
-73.5532119136849	45.5382258290072	592
-73.5528091270915	45.5388244655654	592
-73.5596402252461	45.5470185974899	593
-73.5592387543817	45.54765775174	593
-73.5592387543817	45.54765775174	594
-73.5588130299125	45.5483463226229	594
-73.5588130299125	45.5483463226229	595
-73.558455001477	45.5489268666173	595
-73.558455001477	45.5489268666173	596
-73.5579681034534	45.5497275057756	596
-73.5528091270915	45.5388244655654	597
-73.5525565424517	45.5392194688265	597
-73.5617710743236	45.5430949697035	598
-73.5617725995634	45.543233827085	598
-73.5617236368867	45.5434703534284	598
-73.5616708986901	45.5436352478612	598
-73.5616708986901	45.5436352478612	599
-73.561540763039	45.5439214937781	599
-73.5613059540702	45.5443092170649	599
-73.561428823755	45.539870817125	600
-73.5614610260415	45.5401510361888	600
-73.5617209091921	45.5426183972629	601
-73.5617425998592	45.5428458861181	601
-73.5617425998592	45.5428458861181	603
-73.5617706205691	45.5430664423771	603
-73.5617710743236	45.5430949697035	603
-73.5555119275762	45.5348085306669	604
-73.5551899727707	45.5352899664364	604
-73.5551899727707	45.5352899664364	605
-73.5548014806423	45.535883473911	605
-73.5548014806423	45.535883473911	606
-73.5543972509053	45.5364840968562	606
-73.5543972509053	45.5364840968562	607
-73.5540059840192	45.5370646437912	607
-73.5673911737727	45.5295715944557	608
-73.5670019136022	45.5299996479921	608
-73.5667585849814	45.5302461001119	608
-73.5719974324299	45.5279170601165	609
-73.5714387119277	45.5284938135062	609
-73.5714387119277	45.5284938135062	610
-73.5707968758356	45.529156378613	610
-73.5707968758356	45.529156378613	611
-73.5701711608218	45.5298022812979	611
-73.5729457969923	45.5269380589634	612
-73.5734413309523	45.5271644327755	612
-73.5729457969923	45.5269380589634	614
-73.5724467842637	45.5274534041557	614
-73.5724467842637	45.5274534041557	615
-73.5719974324299	45.5279170601165	615
-73.5667585849814	45.5302461001119	616
-73.5663058904155	45.5307097355585	616
-73.5663058904155	45.5307097355585	617
-73.5658533048718	45.5311824581757	617
-73.5734413309523	45.5271644327755	618
-73.5756831354723	45.528202294084	618
-73.5505370215957	45.5227067472672	619
-73.5517458853372	45.5232826992221	619
-73.5517458853372	45.5232826992221	620
-73.5521373568538	45.5234588167663	620
-73.5527828778935	45.5237491965963	620
-73.5531688629401	45.5239227934503	620
-73.5531688629401	45.5239227934503	621
-73.5545763622485	45.524574486478	621
-73.5492477023322	45.522103099534	622
-73.5505370215957	45.5227067472672	622
-73.5692067061381	45.5191166921585	623
-73.5685049625928	45.5198518157355	623
-73.5685049625928	45.5198518157355	625
-73.5684422670314	45.5199553449355	625
-73.5681303530362	45.5202839149407	625
-73.5681303530362	45.5202839149407	626
-73.5678325727781	45.5206035661929	626
-73.5678325727781	45.5206035661929	627
-73.5672712577584	45.5211932603991	627
-73.5615907101922	45.5147850206667	628
-73.5614541252157	45.514905234519	628
-73.5612424923119	45.5151360898563	628
-73.5611000585783	45.5153162415981	628
-73.5672712577584	45.5211932603991	629
-73.5666604012263	45.5218637041299	629
-73.5619114278248	45.5143906786894	630
-73.5615907101922	45.5147850206667	630
-73.5490922160346	45.5220295524182	631
-73.5492477023322	45.522103099534	631
-73.5554350938268	45.5127121293631	632
-73.5561399740745	45.5130326994644	632
-73.5627544139764	45.5134404344727	633
-73.5619114278248	45.5143906786894	633
-73.553796087512	45.5120940321898	634
-73.5540009086342	45.5121163436645	634
-73.5550410798837	45.5124611498564	634
-73.5550410798837	45.5124611498564	636
-73.555311147642	45.5125951087632	636
-73.5554350938268	45.5127121293631	636
-73.5648956784333	45.5110506479862	637
-73.5648323146754	45.5111211484743	637
-73.5636901652274	45.512395999745	637
-73.5636901652274	45.512395999745	638
-73.5627544139764	45.5134404344727	638
-73.5586997750734	45.5075202490144	639
-73.5582613385842	45.5079810572127	639
-73.5582613385842	45.5079810572127	640
-73.5576745663762	45.508839077334	640
-73.5573195146528	45.5095175324724	641
-73.5570530640326	45.5100282855462	641
-73.5570530640326	45.5100282855462	642
-73.5566278345901	45.5106387388686	642
-73.5566278345901	45.5106387388686	643
-73.5557917728169	45.5116075634055	643
-73.5557917728169	45.5116075634055	644
-73.5554893466459	45.5119509435153	644
-73.5550410798837	45.5124611498564	644
-73.5586997750734	45.5075202490144	645
-73.5590862469131	45.5071379398479	645
-73.5590862469131	45.5071379398479	647
-73.5597912380966	45.5064129498222	647
-73.5558059937897	45.5087995987391	648
-73.5550516483967	45.5098744798764	648
-73.5550516483967	45.5098744798764	649
-73.5549338724582	45.5101245367561	649
-73.5549338724582	45.5101245367561	650
-73.5545755601443	45.510748359123	650
-73.5545755601443	45.510748359123	651
-73.5544234606914	45.5109869127733	651
-73.5544234606914	45.5109869127733	652
-73.553796087512	45.5120940321898	652
-73.5700432108415	45.5111119525603	653
-73.5707752926885	45.5114389853268	653
-73.5714154362511	45.5116838175781	653
-73.5714154362511	45.5116838175781	654
-73.5736245309359	45.5126677467489	654
-73.5576745663762	45.508839077334	655
-73.557465832597	45.5092148129371	655
-73.557465832597	45.5092148129371	656
-73.5573195146528	45.5095175324724	656
-73.5753257240448	45.507575740405	658
-73.5763772594394	45.5080935813115	658
-73.5769980503171	45.5083999503927	658
-73.5770345984686	45.508417834342	658
-73.5774290254849	45.5086114124851	658
-73.5725241554187	45.5138697649381	659
-73.5727891815436	45.513576759687	659
-73.573004658139	45.5133385911576	659
-73.573004658139	45.5133385911576	660
-73.5732827593382	45.5130375670816	660
-73.5733310418638	45.512985340271	660
-73.5736245309359	45.5126677467489	660
-73.5736245309359	45.5126677467489	661
-73.5741262043612	45.512115496236	661
-73.5744833467993	45.5117223551229	661
-73.5688405876563	45.5071945729618	662
-73.570250876147	45.5056960519709	662
-73.570250876147	45.5056960519709	663
-73.5706661433346	45.5052009244567	663
-73.5706661433346	45.5052009244567	664
-73.5710813467498	45.5046607090754	664
-73.5710813467498	45.5046607090754	665
-73.571569160504	45.5040362133743	665
-73.5653296479516	45.5105872074248	666
-73.5648956784333	45.5110506479862	666
-73.5685516984369	45.5077350643074	667
-73.5688405876563	45.5071945729618	667
-73.5683151471799	45.5081763512504	669
-73.5685516984369	45.5077350643074	669
-73.5736245309359	45.5126677467489	670
-73.5751420275995	45.5133486343685	670
-73.5744833467993	45.5117223551229	671
-73.5747543654731	45.5114260115758	671
-73.5750226404668	45.5111326389574	671
-73.5750226404668	45.5111326389574	672
-73.5756950954973	45.5104274612405	672
-73.5756950954973	45.5104274612405	673
-73.5762673663545	45.5098090094265	673
-73.5756773748734	45.5135887417939	674
-73.5761448179002	45.5138089135341	674
-73.5751420275995	45.5133486343685	675
-73.5756773748734	45.5135887417939	675
-73.5666604012263	45.5218637041299	680
-73.5665516693877	45.5219709489048	680
-73.5692874887203	45.519041949159	681
-73.5692067061381	45.5191166921585	681
-73.6224963	45.55438965	683
-73.6224963	45.55438965	683
-73.6224963	45.55438965	684
-73.6224963	45.55438965	684
-73.6224963	45.55438965	685
-73.6224963	45.55438965	685
-73.6224963	45.5535508516868	688
-73.6224963	45.5539359797919	688
-73.6224963	45.5542975096436	688
-73.6224963	45.5534441558498	689
-73.6224963	45.554370092885	689
-73.6224963	45.554370092885	690
-73.6224963	45.55438965	690
-73.6224963	45.55438965	690
-73.6224963	45.5533309703582	691
-73.6224963	45.5532470219295	691
-73.6224963	45.5533012425433	691
-73.6224963	45.5534441558498	691
-73.6224963	45.5534441558498	692
-73.6224963	45.553383201703	692
-73.6224963	45.5533309703582	692
-73.6224963	45.5453794704486	693
-73.6224963	45.5457405112155	693
-73.6224963	45.5459341316459	693
-73.6224963	45.546128138849	693
-73.6224963	45.5463983379305	693
-73.6224963	45.5463983379305	694
-73.6224963	45.5466673410837	694
-73.6224963	45.5469773202069	694
-73.6224963	45.5453794704486	695
-73.6224963	45.5457126331239	695
-73.6224963	45.5457126331239	697
-73.6224963	45.5459922371636	697
-73.6224963	45.5459922371636	698
-73.6224963	45.5462512493069	698
-73.6224963	45.5518590927446	699
-73.6224963	45.552278124357	699
-73.6224963	45.5526249993567	699
-73.6224963	45.552858592918	699
-73.6224963	45.5532295578551	699
-73.5871474944163	45.55438965	701
-73.587731419769	45.55438965	701
-73.5897671339556	45.55438965	701
-73.5909892390833	45.55438965	701
-73.5704621546724	45.5493879611985	702
-73.5704284893469	45.5501754140925	702
-73.5704284893469	45.5501754140925	703
-73.5704370942202	45.5508907571839	703
-73.5704370942202	45.5508907571839	704
-73.5704258550163	45.5515342085413	704
-73.5704258550163	45.5515342085413	705
-73.5700770114476	45.5521149628648	705
-73.5700770114476	45.5521149628648	706
-73.5693726654717	45.5532915008878	706
-73.5693726654717	45.5532915008878	707
-73.5689846581129	45.5539150218138	707
-73.5712385975177	45.5476418095307	708
-73.5711772461285	45.5478264218731	708
-73.5711449564608	45.5479374025224	708
-73.5710166659571	45.5482324769968	708
-73.5710166659571	45.5482324769968	710
-73.5708611049339	45.5485156893183	710
-73.5706722614325	45.5487940624201	710
-73.572897454563	45.5449360441537	711
-73.5725995694273	45.5454183226543	711
-73.5725995694273	45.5454183226543	712
-73.572260997286	45.5459719902105	712
-73.572260997286	45.5459719902105	713
-73.5719223242292	45.5465345657731	713
-73.5719223242292	45.5465345657731	714
-73.5715861740851	45.5470927292052	714
-73.5715861740851	45.5470927292052	715
-73.5712385975177	45.5476418095307	715
-73.5706722614325	45.5487940624201	716
-73.5705121620789	45.5490830365366	716
-73.5704622604806	45.5493035483239	716
-73.5704621546724	45.5493879611985	716
-73.5781396728991	45.5430190714026	717
-73.5776604419088	45.5434713398313	717
-73.5775506028301	45.543633400653	717
-73.5775341427356	45.543799897686	717
-73.5796503782153	45.5414150839048	718
-73.5783019903231	45.5428468048981	718
-73.5783019903231	45.5428468048981	719
-73.5781396728991	45.5430190714026	719
-73.5814582850732	45.5308664217648	721
-73.5824154820444	45.5313135380422	721
-73.5828845727471	45.5315309806189	721
-73.5995153771644	45.5453438705349	722
-73.5992587495493	45.5456131708702	722
-73.5989900998686	45.5458950799647	722
-73.6000689158858	45.5447720256991	723
-73.5997824477843	45.545067991112	723
-73.5995153771644	45.5453438705349	723
-73.6057059328873	45.53860751009	724
-73.605385317568	45.538966336156	724
-73.6050142844846	45.5393636343355	724
-73.6050142844846	45.5393636343355	725
-73.6046344145679	45.5397827176917	725
-73.6043125122982	45.5401383021699	725
-73.6043125122982	45.5401383021699	726
-73.6040335117353	45.5404496603382	726
-73.6037125685412	45.5408139713293	726
-73.6037125685412	45.5408139713293	727
-73.6030459388359	45.5415342438219	727
-73.6030459388359	45.5415342438219	728
-73.6023847853576	45.5422548673556	728
-73.6023847853576	45.5422548673556	729
-73.6020812965244	45.5425870308167	729
-73.601735532458	45.5429654871242	729
-73.601735532458	45.5429654871242	730
-73.6014623904937	45.5432611750648	730
-73.6011974858707	45.5435574848817	730
-73.6011974858707	45.5435574848817	731
-73.6009252847026	45.5438508307474	731
-73.6006556273938	45.5441506532152	731
-73.6006556273938	45.5441506532152	732
-73.6003885777178	45.544433464164	732
-73.6000689158858	45.5447720256991	732
-73.5929803208306	45.5329188133982	733
-73.5940568269001	45.5334011920394	733
-73.5956866276161	45.5341309374638	733
-73.5956866276161	45.5341309374638	734
-73.5971296008128	45.5347725361466	734
-73.5990780365254	45.535641720088	734
-73.6161306081836	45.5432257868751	735
-73.6192984351719	45.5446337825068	735
-73.620233810813	45.5450493763446	735
-73.6209935239466	45.5454089934652	736
-73.6213511016761	45.5455666406319	736
-73.620233810813	45.5450493763446	737
-73.6209935239466	45.5454089934652	737
-73.6126523561396	45.541685360807	738
-73.6161306081836	45.5432257868751	738
-73.6173897122202	45.5351801672816	739
-73.6177424727235	45.5353427805961	739
-73.6188203049628	45.5358308637031	739
-73.6192966476841	45.5360474291825	739
-73.6224963	45.5413045940925	740
-73.6224963	45.5417528656171	740
-73.6224963	45.5422096308859	740
-73.6224963	45.5430923564317	741
-73.6224963	45.5439191826992	741
-73.6224963	45.5439586136815	741
-73.6224963	45.544054769601	741
-73.6224963	45.5441788381756	741
-73.6224963	45.5422096308859	742
-73.6224963	45.5430923564317	742
-73.6180459885021	45.5378624363592	743
-73.619944414386	45.5384054529286	743
-73.619944414386	45.5384054529286	744
-73.6209897253541	45.5387137446326	744
-73.6209897253541	45.5387137446326	745
-73.6224963	45.5395116544298	745
-73.6224963	45.5395116544298	746
-73.6224963	45.5404198422985	746
-73.6224963	45.5404198422985	747
-73.6224963	45.5413045940925	747
-73.6224963	45.5441788381756	748
-73.6224963	45.5441753726169	748
-73.6224963	45.5442181783688	748
-73.5821837162926	45.5174851637211	749
-73.5828042867739	45.5168294781788	749
-73.5828042867739	45.5168294781788	750
-73.5833300657596	45.5162650211297	750
-73.5868503722684	45.5195727824636	751
-73.5873428321821	45.5197971188979	751
-73.5888589158926	45.5204937532321	751
-73.5898306544497	45.5209302677635	751
-73.5821837162926	45.5174851637211	752
-73.584542510973	45.5185373475429	752
-73.584542510973	45.5185373475429	753
-73.5851989178569	45.5188318560289	753
-73.5868503722684	45.5195727824636	753
-73.6040061276101	45.527371524438	754
-73.6041459374057	45.5274293522664	754
-73.6047516767145	45.5276798777696	754
-73.6048781155127	45.527701539967	754
-73.6055219549676	45.5277120161112	754
-73.5932741500542	45.5225246983577	755
-73.5937617767179	45.5227325421349	755
-73.5950342720642	45.5232745964692	755
-73.5950342720642	45.5232745964692	756
-73.5993997126268	45.5252615189135	756
-73.5993997126268	45.5252615189135	757
-73.5995254590686	45.5253139650721	757
-73.6003484774864	45.5256909440985	757
-73.6009512703239	45.5259670504483	757
-73.6027011366947	45.5267685847899	757
-73.6027011366947	45.5267685847899	758
-73.6038359780526	45.5272950056043	758
-73.6038359780526	45.5272950056043	759
-73.6040061276101	45.527371524438	759
-73.5904516847733	45.5202639215775	760
-73.5909310706596	45.5204869028584	760
-73.5918863671786	45.520931332404	760
-73.592350866778	45.5211480203314	760
-73.5924838968001	45.5212090176477	761
-73.5929254740592	45.5214165425326	761
-73.5933333521025	45.5216114941083	761
-73.5934061577229	45.5216462617712	761
-73.5938690928374	45.5218675343278	761
-73.592350866778	45.5211480203314	762
-73.5924838968001	45.5212090176477	762
-73.5874581142284	45.5189029528909	763
-73.5879706445365	45.5191359104085	763
-73.5899997820579	45.5200584650981	763
-73.5904516847733	45.5202639215775	763
-73.5828042867739	45.5168294781788	764
-73.58515693439	45.5178765243622	764
-73.58515693439	45.5178765243622	765
-73.5867360877793	45.5185808794453	765
-73.5874581142284	45.5189029528909	765
-73.5924168776467	45.5181297007334	766
-73.5927217460751	45.5177829815517	766
-73.5930186019771	45.5174452672764	766
-73.5930186019771	45.5174452672764	767
-73.5932724750948	45.5171657228163	767
-73.5932982941651	45.51713726405	767
-73.6180585564172	45.5198418579839	768
-73.618552592269	45.5200525593421	768
-73.6152090665109	45.5072927478434	769
-73.6170285339909	45.5052887353096	769
-73.6121926653733	45.5101743533296	770
-73.6124004831132	45.510102964644	770
-73.6125001101208	45.5100375317325	770
-73.6126750950475	45.5099652749682	770
-73.6128737832058	45.5098688764454	770
-73.6130001863666	45.5097855979183	770
-73.6131750889508	45.5096202879206	770
-73.6132703831402	45.5094480370949	770
-73.6132703831402	45.5094480370949	771
-73.6152090665109	45.5072927478434	771
-73.6188936550112	45.5032220105374	772
-73.620678633695	45.5012532515655	772
-73.6177712508342	45.5044459977772	773
-73.6179613532623	45.5042447573941	773
-73.6170285339909	45.5052887353096	774
-73.6177712508342	45.5044459977772	774
-73.6179613532623	45.5042447573941	775
-73.6184791336676	45.5036629568213	775
-73.6188203587299	45.5033012805856	775
-73.6188203587299	45.5033012805856	776
-73.6188936550112	45.5032220105374	776
-73.620678633695	45.5012532515655	777
-73.6224963	45.499268670541	777
-73.6197460114883	45.5008496243431	778
-73.6216136592249	45.4987959899006	778
-73.6197460114883	45.5008496243431	779
-73.620678633695	45.5012532515655	779
-73.6224963	45.499268670541	780
-73.6224963	45.4979704735843	780
-73.6224963	45.4979704735843	781
-73.6224963	45.4972362970802	781
-73.6224963	45.4972362970802	782
-73.6224963	45.4949574266518	782
-73.6224963	45.4949574266518	783
-73.6224963	45.4929554644334	783
-73.6224963	45.4929554644334	784
-73.6224963	45.4909480424927	784
-73.6224963	45.4909480424927	785
-73.6224963	45.489282621081	785
-73.5563873176704	45.5131344496072	786
-73.5573280503899	45.5135581175109	786
-73.5561399740745	45.5130326994644	787
-73.5562478564958	45.5130237371912	787
-73.5563622372841	45.5130736267198	787
-73.5563873176704	45.5131344496072	787
-73.5561399740745	45.5130326994644	788
-73.5561777278219	45.5130987357216	788
-73.5562911586387	45.5131487158086	788
-73.5563873176704	45.5131344496072	788
-73.5528594919519	45.4987799218339	789
-73.5528400021604	45.4981407102443	789
-73.5200817252314	45.497944362102	790
-73.5213492982063	45.4977478573877	790
-73.5200817252314	45.497944362102	791
-73.5198817	45.4979782365451	791
-73.5260098538186	45.5131208373079	792
-73.5259144068886	45.5128631195699	792
-73.5260098538186	45.5131208373079	793
-73.5260580622791	45.5132702145331	793
-73.5266191732926	45.515084700199	793
-73.5267925843196	45.5156583636939	793
-73.5272503892597	45.5172674164042	793
-73.5266131779066	45.5173715982741	793
-73.5228922525986	45.5028510635779	794
-73.522027741585	45.499992875257	794
-73.5213492982063	45.4977478573877	794
-73.5228922525986	45.5028510635779	795
-73.5233582587082	45.5043924590214	795
-73.5236593033566	45.5054210166121	795
-73.5239645744063	45.5064337334698	795
-73.5245182668692	45.5082490432288	795
-73.5248722019118	45.5094315634348	795
-73.5250638646096	45.510059941833	795
-73.5259144068886	45.5128631195699	795
-73.5296268139227	45.5031820394247	796
-73.5297081915195	45.503379552937	796
-73.5297935322993	45.5036857768261	796
-73.52985530343	45.5041297860069	796
-73.52985530343	45.5041297860069	797
-73.5299129986391	45.5046484904059	797
-73.5299559468922	45.5052233542113	797
-73.5299438103185	45.5056254459157	797
-73.5287677699448	45.507178666368	798
-73.528710590409	45.507450639232	798
-73.5283112350612	45.5086578139531	798
-73.5283112350612	45.5086578139531	799
-73.5284573976683	45.508790607087	799
-73.5880518708067	45.4880800791628	800
-73.5889104588008	45.4875146166744	800
-73.5889104588008	45.4875146166744	801
-73.5895690790593	45.4868887390164	801
-73.5857752946374	45.4900685015315	802
-73.5859425661236	45.4899382456461	802
-73.5863384256054	45.4896145116377	802
-73.5863384256054	45.4896145116377	803
-73.5880518708067	45.4880800791628	803
-73.602217554292	45.4758704060415	804
-73.6028068925645	45.475358714415	804
-73.6028068925645	45.475358714415	805
-73.603222216643	45.4749994460849	805
-73.603222216643	45.4749994460849	806
-73.6038875917213	45.4744258546039	806
-73.604524402029	45.4738728038994	807
-73.6051083126112	45.4733579554871	807
-73.6051083126112	45.4733579554871	808
-73.6057077032128	45.4728906063023	808
-73.6038875917213	45.4744258546039	809
-73.604524402029	45.4738728038994	809
-73.6066295964848	45.4723222506178	810
-73.6067883680815	45.4721573243001	810
-73.6059969168351	45.4730325279593	811
-73.6066295964848	45.4723222506178	811
-73.6057077032128	45.4728906063023	812
-73.6059969168351	45.4730325279593	812
-73.6224963	45.4705363065732	813
-73.6224963	45.4717835712244	813
-73.6224963	45.4717835712244	814
-73.6224963	45.47377850003	814
-73.5625396441709	45.4728802804998	815
-73.5629773147028	45.4722913927843	815
-73.5604444041034	45.4756163992296	816
-73.5609855919651	45.4749121829751	816
-73.5615726000809	45.4741554732837	817
-73.5620938293514	45.4734581917487	817
-73.5620938293514	45.4734581917487	818
-73.5625396441709	45.4728802804998	818
-73.5599286329131	45.4764246320392	819
-73.5604444041034	45.4756163992296	819
-73.5609855919651	45.4749121829751	820
-73.5615726000809	45.4741554732837	820
-73.5630845509191	45.4721521135881	821
-73.5633106472175	45.4718927172961	821
-73.5636496078377	45.4714377018303	821
-73.5639110398926	45.4710866713405	821
-73.5629773147028	45.4722913927843	822
-73.5630845509191	45.4721521135881	822
-73.5710545559746	45.476729360359	823
-73.5715474294704	45.4771250236026	823
-73.5695374395145	45.4723439234665	824
-73.5696416352174	45.4723186618033	824
-73.5697524894872	45.4723036552662	824
-73.5700295102492	45.4723012359859	824
-73.5705227110709	45.4723193812394	824
-73.5705227110709	45.4723193812394	825
-73.5710172920199	45.4723441829873	825
-73.5713425682344	45.4723776377911	825
-73.5714841649363	45.472397707906	825
-73.571581713397	45.4723720885476	825
-73.5689871997633	45.4725255040549	826
-73.569433259189	45.4723817841179	826
-73.5695374395145	45.4723439234665	826
-73.5684574636888	45.4726540634629	827
-73.5686352015082	45.4726389278867	827
-73.5689871997633	45.4725255040549	827
-73.5717196642638	45.470515526275	828
-73.571581713397	45.4723720885476	829
-73.5716141453549	45.4722414876997	829
-73.5717196642638	45.470515526275	829
-73.5743440907812	45.5256616920096	830
-73.5740947717983	45.5257304283438	830
-73.5734658914362	45.5264010996629	830
-73.5734658914362	45.5264010996629	831
-73.5729457969923	45.5269380589634	831
-73.5656204250444	45.5346110372059	832
-73.565137005827	45.5351196814015	832
-73.5679541826036	45.5321620564552	833
-73.5673697588595	45.5327742617448	833
-73.5673697588595	45.5327742617448	834
-73.5667802535004	45.5333865569695	834
-73.5667802535004	45.5333865569695	835
-73.5660871600967	45.5341113097421	835
-73.5660871600967	45.5341113097421	836
-73.5656204250444	45.5346110372059	836
-73.5750429185391	45.5251983129703	837
-73.5746791087551	45.5255618516526	837
-73.5746791087551	45.5255618516526	838
-73.5743440907812	45.5256616920096	838
-73.56481148872	45.5169934544262	839
-73.5650716932148	45.517129472662	839
-73.566658142164	45.5178045836089	839
-73.5669865643647	45.5179573792088	839
-73.5613411933611	45.5154191541139	840
-73.562846830598	45.5161350410053	840
-73.5645245329358	45.5169272894938	841
-73.5646463048234	45.5169315360938	841
-73.56481148872	45.5169934544262	841
-73.5611000585783	45.5153162415981	842
-73.5611976115953	45.5153195190935	842
-73.5613070401889	45.5153702164897	842
-73.5613411933611	45.5154191541139	842
-73.5525171853426	45.5116851597955	843
-73.5530292321462	45.5118514100319	843
-73.5530292321462	45.5118514100319	844
-73.5533474163096	45.5119703224334	844
-73.5534991655198	45.5120228072321	844
-73.553796087512	45.5120940321898	844
-73.5502613428715	45.5110942015238	845
-73.5511188932887	45.511260667881	845
-73.551728289332	45.5114457517539	845
-73.5734843522842	45.5049730840815	846
-73.5764428415643	45.5063997806359	846
-73.6224963	45.5476051339112	847
-73.6224963	45.5475513398687	847
-73.6224963	45.5472769526504	847
-73.6224963	45.5469773202069	847
-73.6224963	45.5507127462135	848
-73.6224963	45.5518590927446	848
-73.6224963	45.5444137087743	849
-73.6224963	45.5447435490996	849
-73.6224963	45.5448850338786	849
-73.6224963	45.5448850338786	850
-73.6224963	45.5450715319269	850
-73.6224963	45.5450715319269	851
-73.6224963	45.5453794704486	851
-73.5795952071951	45.55438965	852
-73.5833346440254	45.55438965	852
-73.5847595044838	45.5324079320268	853
-73.5844973890802	45.5326874629128	853
-73.584240753521	45.5329609597245	853
-73.584240753521	45.5329609597245	854
-73.5838293477887	45.5334112249492	854
-73.5838293477887	45.5334112249492	855
-73.5832809369865	45.5339874881657	855
-73.5799972163466	45.5324601422258	856
-73.5804312295704	45.5326658303171	856
-73.5809886777944	45.53293010447	856
-73.5813894071193	45.5331184439562	856
-73.5815120979121	45.5331750517873	857
-73.5819236036238	45.5333640116942	857
-73.5821048402339	45.533447304547	857
-73.5828066491072	45.5337696911457	857
-73.5832809369865	45.5339874881657	857
-73.5903928973105	45.5258159762899	858
-73.5900184413141	45.5262640752356	858
-73.5900184413141	45.5262640752356	859
-73.5895792510402	45.5267792682855	859
-73.5894821644641	45.5269505104482	859
-73.5894821644641	45.5269505104482	860
-73.5890100470915	45.5274839954981	860
-73.5903300136957	45.5418109340232	861
-73.5922679553016	45.5427018396109	861
-73.5922679553016	45.5427018396109	862
-73.5946529232191	45.5438183133064	862
-73.595088799906	45.5441059268495	862
-73.5955565426073	45.5443089192887	862
-73.5955565426073	45.5443089192887	863
-73.5989900998686	45.5458950799647	863
-73.5853912739323	45.5396219777988	864
-73.5858135063374	45.53981046551	864
-73.5871392376707	45.5404282496916	864
-73.5874802192493	45.5405903354484	864
-73.5877877145649	45.5406804518845	864
-73.5817032647474	45.5180163756895	865
-73.5812412111793	45.5184993362875	865
-73.5812412111793	45.5184993362875	866
-73.5808354548301	45.5189303294413	866
-73.5808354548301	45.5189303294413	867
-73.5804239128535	45.5193805836102	867
-73.5804239128535	45.5193805836102	868
-73.5799921896823	45.5198247309418	868
-73.5799921896823	45.5198247309418	869
-73.5798035976082	45.5200321161487	869
-73.5795807430955	45.5202771416802	869
-73.5795807430955	45.5202771416802	870
-73.5793400749558	45.5205446775437	870
-73.5791317677013	45.5207761933305	870
-73.5817032647474	45.5180163756895	871
-73.5821837162926	45.5174851637211	871
-73.6113289774436	45.5200420990933	872
-73.6121714690725	45.5191129099183	872
-73.6107687923378	45.5207041801895	873
-73.6113289774436	45.5200420990933	873
-73.6101568226036	45.5213482198186	874
-73.6107687923378	45.5207041801895	874
-73.6224963	45.5122578517278	875
-73.6224963	45.511884108746	875
-73.6224963	45.5091194296703	875
-73.6224963	45.5091194296703	876
-73.6224963	45.5080209042984	876
-73.6224963	45.507401067141	876
-73.6224963	45.5070327877864	876
-73.5527764590415	45.4951952655943	877
-73.5529319219968	45.4945293346787	877
-73.5529319219968	45.4945293346787	878
-73.5532204042054	45.4934698913912	878
-73.553280598713	45.4932896969999	878
-73.5533474400089	45.4932199210926	878
-73.553854012118	45.4931301403491	878
-73.553854012118	45.4931301403491	879
-73.5541148568991	45.4930996892824	879
-73.555602477986	45.4930422791464	879
-73.552636717916	45.4958619990157	880
-73.5526366527716	45.4957920744743	880
-73.5527764590415	45.4951952655943	880
-73.6112991195925	45.4696929558529	881
-73.6121495311893	45.4692517857521	881
-73.6121495311893	45.4692517857521	882
-73.5639110398926	45.4710866713405	883
-73.564913756524	45.4714807273309	883
-73.564913756524	45.4714807273309	884
-73.5657790343296	45.4717868401047	884
-73.5663520923779	45.4719896239341	885
-73.5681592960357	45.4727054480272	885
-73.5682439020986	45.4727056674263	885
-73.5684574636888	45.4726540634629	885
-73.5848699584583	45.4715659163073	886
-73.5853721093786	45.4711549917158	886
-73.584296140591	45.4720273778177	887
-73.5846433223338	45.4717501212097	887
-73.5848699584583	45.4715659163073	887
-73.5829091177352	45.4713715305534	888
-73.584296140591	45.4720273778177	888
-73.5487759741063	45.55438965	889
-73.548299996611	45.55438965	889
-73.548299996611	45.55438965	890
-73.547794151643	45.55438965	890
-73.547794151643	45.55438965	891
-73.5473296437827	45.55438965	891
-73.5473296437827	45.55438965	892
-73.5503518799821	45.55438965	893
-73.5487759741063	45.55438965	893
-73.5532050485601	45.5512150555257	894
-73.5530171807723	45.5515098674361	894
-73.5528264624991	45.5518090898265	894
-73.5528264624991	45.5518090898265	895
-73.5526383728341	45.552097061757	895
-73.5524530240218	45.5523807124893	895
-73.5524530240218	45.5523807124893	896
-73.5521473135846	45.5528577212489	896
-73.5521473135846	45.5528577212489	897
-73.551878628379	45.5532796369931	897
-73.5517196221396	45.5536122301403	897
-73.5516680567692	45.5537157446284	898
-73.5516632366685	45.5538741329641	898
-73.5512537898852	45.55438965	898
-73.5512537898852	45.55438965	899
-73.5508125059041	45.55438965	899
-73.5508125059041	45.55438965	900
-73.5503518799821	45.55438965	900
-73.5517196221396	45.5536122301403	901
-73.5516680567692	45.5537157446284	901
-73.5615073040902	45.5405538171994	902
-73.5616114836374	45.541458994515	902
-73.5614610260415	45.5401510361888	903
-73.5615073040902	45.5405538171994	903
-73.5449469630828	45.5306932285128	904
-73.5464710703761	45.531281979882	904
-73.5464710703761	45.531281979882	905
-73.5494248343476	45.532426255152	905
-73.5494248343476	45.532426255152	906
-73.5521178818939	45.5334706811601	906
-73.5522139329181	45.5335291324136	906
-73.5522139329181	45.5335291324136	907
-73.5526161298653	45.5336909345031	907
-73.5534462999746	45.5340154219676	908
-73.5538643419195	45.534173792509	908
-73.5538643419195	45.534173792509	909
-73.5542770008497	45.5343327937671	909
-73.5551077137029	45.5346528593641	909
-73.5555119275762	45.5348085306669	909
-73.5555119275762	45.5348085306669	910
-73.5559310398198	45.5349694127741	910
-73.5559310398198	45.5349694127741	911
-73.5582920434803	45.5358812060792	911
-73.5526161298653	45.5336909345031	912
-73.5527736493263	45.5337538564752	912
-73.5534462999746	45.5340154219676	912
-73.5724467842637	45.5274534041557	913
-73.5729389505238	45.527686711741	913
-73.5680958993326	45.5288327874124	914
-73.5701711608218	45.5298022812979	914
-73.5734658914362	45.5264010996629	915
-73.5739578164078	45.5266152346861	915
-73.574227100336	45.5385109919082	916
-73.573936730831	45.5388104049579	916
-73.5736593314989	45.5390963101928	916
-73.5729389505238	45.527686711741	917
-73.5743401162822	45.5283360049802	917
-73.5748087285102	45.5285531212118	917
-73.5752002098191	45.5287345592818	917
-73.5556337218065	45.5250878344377	918
-73.5552635567203	45.5254502344385	918
-73.5762002566377	45.5276639745654	919
-73.5781313478513	45.5285427976878	919
-73.5785260051693	45.5287223322083	919
-73.5752002098191	45.5287345592818	920
-73.575641776139	45.5289373809756	920
-73.5770429967733	45.5295813313261	920
-73.5775250469388	45.5298028368069	920
-73.5563195839231	45.524394014956	921
-73.5567074892998	45.524572188585	921
-73.5568332892999	45.5246138825516	921
-73.5565729998686	45.5143851680632	922
-73.5555559770625	45.5155096771946	922
-73.5555559770625	45.5155096771946	923
-73.5551687283543	45.5159360707156	923
-73.5551687283543	45.5159360707156	924
-73.5547400186734	45.5163995598876	924
-73.5547400186734	45.5163995598876	925
-73.5543275363447	45.5168377516873	925
-73.5543275363447	45.5168377516873	926
-73.5538123850069	45.5172317138573	926
-73.5538123850069	45.5172317138573	927
-73.5532782134356	45.5176161433592	927
-73.5532782134356	45.5176161433592	928
-73.5527997162894	45.5180454509738	928
-73.5527997162894	45.5180454509738	929
-73.5522027558702	45.5187069021435	929
-73.5522027558702	45.5187069021435	930
-73.5516524860215	45.5192943548532	930
-73.5516524860215	45.5192943548532	931
-73.5510298448773	45.5199584210552	931
-73.5510298448773	45.5199584210552	932
-73.5504128913134	45.52062311127	932
-73.5739578164078	45.5266152346861	933
-73.5757540443166	45.5274553085334	933
-73.5573280503899	45.5135581175109	934
-73.5569905947576	45.5139222173675	934
-73.5569905947576	45.5139222173675	935
-73.5565729998686	45.5143851680632	935
-73.5757540443166	45.5274553085334	936
-73.5762002566377	45.5276639745654	936
-73.6224963	45.5527832491597	937
-73.6224963	45.5535508516868	937
-73.6224963	45.5494239300617	938
-73.6224963	45.5499261875632	938
-73.6224963	45.5502727034469	938
-73.6224963	45.5503688981248	939
-73.6224963	45.5507163005422	939
-73.6224963	45.5511182808045	939
-73.6224963	45.5494239300617	940
-73.6224963	45.5489459174438	940
-73.6224963	45.5485344673444	940
-73.6224963	45.5485344673444	941
-73.6224963	45.5478990051072	941
-73.6224963	45.5478990051072	942
-73.6224963	45.5472620902301	942
-73.6224963	45.5472620902301	943
-73.6224963	45.5466223324922	943
-73.6224963	45.5466223324922	944
-73.6224963	45.5459401084741	944
-73.6224963	45.5459401084741	945
-73.6224963	45.5452929323185	945
-73.6224963	45.5511182808045	946
-73.6224963	45.5519620839371	946
-73.6224963	45.552080882608	947
-73.6224963	45.5527832491597	947
-73.6224963	45.5519620839371	948
-73.6224963	45.552080882608	948
-73.6224963	45.5502727034469	949
-73.6224963	45.5503688981248	949
-73.6224963	45.5452929323185	950
-73.5516680567692	45.5537157446284	954
-73.5515085370962	45.5538359561354	954
-73.5511169394451	45.55438965	954
-73.5511169394451	45.55438965	955
-73.5506648731578	45.55438965	955
-73.5506648731578	45.55438965	956
-73.5501974801879	45.55438965	956
-73.5501974801879	45.55438965	957
-73.5486183007785	45.55438965	957
-73.5486183007785	45.55438965	958
-73.5481421006173	45.55438965	958
-73.5481421006173	45.55438965	959
-73.5476403750594	45.55438965	959
-73.5476403750594	45.55438965	960
-73.5471861213784	45.55438965	960
-73.5471861213784	45.55438965	961
-73.5753075141838	45.5373719702875	962
-73.5750724351416	45.5376237439089	962
-73.5750488110606	45.5376490473485	962
-73.574782090075	45.537934768312	962
-73.5758764979451	45.5367732339924	963
-73.5755728657525	45.5370927284902	963
-73.5753075141838	45.5373719702875	963
-73.574782090075	45.537934768312	964
-73.5744955260314	45.5382322904942	964
-73.574227100336	45.5385109919082	964
-73.5769135191899	45.5356927208911	965
-73.5764391389305	45.5361789086924	965
-73.5775250469388	45.5298028368069	966
-73.5779458211517	45.5300016140945	966
-73.5785260051693	45.5287223322083	967
-73.5789115900334	45.5289065513424	967
-73.5819670107467	45.5303126035096	968
-73.5817141779531	45.5305878019691	968
-73.5814582850732	45.5308664217648	968
-73.5779458211517	45.5300016140945	969
-73.5805551346776	45.5312073239381	969
-73.5809069121236	45.5313649222911	969
-73.5809627761815	45.5313648827112	969
-73.5789115900334	45.5289065513424	970
-73.5819670107467	45.5303126035096	970
-73.5859421569532	45.5310790283862	971
-73.5852583892918	45.5318533867012	971
-73.5852583892918	45.5318533867012	972
-73.5847595044838	45.5324079320268	972
-73.5858508293494	45.5391424238109	973
-73.5853912739323	45.5396219777988	973
-73.6047515460988	45.5294300538212	974
-73.604490299836	45.5297188093225	974
-73.6042445163127	45.5299762325798	974
-73.6042445163127	45.5299762325798	975
-73.6037869077882	45.5304702584982	975
-73.6037869077882	45.5304702584982	976
-73.6033431765951	45.5309922576472	976
-73.6033431765951	45.5309922576472	977
-73.6029195309006	45.5314144351582	977
-73.6029195309006	45.5314144351582	978
-73.6025906798584	45.5318194274895	978
-73.6025906798584	45.5318194274895	979
-73.6022715197158	45.5321552057574	979
-73.6018836515153	45.5325741076179	979
-73.6018836515153	45.5325741076179	980
-73.6014901775943	45.5329913931934	980
-73.6011931048457	45.5333430775662	980
-73.6011931048457	45.5333430775662	981
-73.6008892311766	45.5336734389145	981
-73.6005758677153	45.5340140668169	981
-73.6005758677153	45.5340140668169	982
-73.6002523822067	45.5343659519722	982
-73.5999382733646	45.534707478642	982
-73.5999382733646	45.534707478642	983
-73.599663267129	45.5350065840665	983
-73.599398799199	45.5352945204166	983
-73.599398799199	45.5352945204166	984
-73.5990780365254	45.535641720088	984
-73.6224963	45.5066399719934	985
-73.6224963	45.504078342155	985
-73.6224963	45.504078342155	986
-73.6224963	45.5021723389143	986
-73.6224963	45.5020678297941	986
-73.6224963	45.4939944556517	987
-73.6224963	45.493093341173	987
-73.6224963	45.4926923316164	987
-73.6224963	45.5020678297941	988
-73.6224963	45.5019544957338	988
-73.6224963	45.4996875001163	988
-73.6224963	45.4956571849743	989
-73.6224963	45.4939944556517	989
-73.6224963	45.49767659089	990
-73.6224963	45.4956571849743	990
-73.6224963	45.4996875001163	991
-73.6224963	45.49767659089	991
-73.6224963	45.4926923316164	992
-73.6224963	45.4924213503307	992
-73.6224963	45.4921600477971	993
-73.6224963	45.4916149917067	993
-73.6224963	45.4924213503307	994
-73.6224963	45.4921600477971	994
-73.6015580731258	45.4985339928647	995
-73.6020210041614	45.4981389606599	995
-73.6045052479529	45.4957545979363	995
-73.6047031868034	45.4956720729543	995
-73.6048786633665	45.4955988375679	995
-73.6048786633665	45.4955988375679	996
-73.6051629692582	45.4955375608376	996
-73.6057042416987	45.4954693864463	996
-73.6015580731258	45.4985339928647	997
-73.6016452769093	45.4983140621818	997
-73.6016870693103	45.4981957741831	997
-73.6016868533876	45.4980758134717	997
-73.6016099653148	45.4979281133534	997
-73.6015018594865	45.4977926798758	997
-73.6053528747545	45.5288322199924	998
-73.6047515460988	45.5294300538212	998
-73.6033005029596	45.5278137583782	999
-73.6037492517202	45.5280240244345	999
-73.6043418440581	45.5283576271399	1000
-73.6053528747545	45.5288322199924	1000
-73.6037492517202	45.5280240244345	1001
-73.6038471153789	45.5281254471312	1001
-73.6043418440581	45.5283576271399	1001
-73.5289149403686	45.506398750333	1002
-73.5287677699448	45.507178666368	1002
-73.5290082625812	45.505596709609	1003
-73.5289682964598	45.5060848414736	1003
-73.5289149403686	45.506398750333	1003
-73.5290259830393	45.5047505913579	1004
-73.5290082625812	45.505596709609	1004
-73.5282029721642	45.5047262294731	1005
-73.5290259830393	45.5047505913579	1005
-73.528204182896	45.5046141878471	1006
-73.5282472966141	45.5040772791816	1006
-73.5282029721642	45.5047262294731	1007
-73.5282211207403	45.504924119518	1007
-73.5281895922743	45.5054114390454	1007
-73.5282800045103	45.5055264277974	1007
-73.5282800045103	45.5055264277974	1008
-73.5283739693235	45.5055687010963	1008
-73.5290082625812	45.505596709609	1008
-73.5282472966141	45.5040772791816	1009
-73.5282512511429	45.5037531235042	1009
-73.5282512511429	45.5037531235042	1010
-73.5280825703871	45.50352170309	1010
-73.5278364225073	45.5035154638259	1010
-73.5278763413181	45.5129667793815	1011
-73.5307686102437	45.5129770160371	1011
-73.5273811473733	45.5130249445249	1012
-73.5274977535375	45.5129280842056	1012
-73.5276457372039	45.5128803523477	1012
-73.5277597564822	45.5128911237349	1012
-73.5278763413181	45.5129667793815	1012
-73.6085211080007	45.4711271555601	1013
-73.6088557019527	45.4709514399356	1013
-73.6070125238162	45.4719261011826	1014
-73.6077712045036	45.4715295065201	1014
-73.6088557019527	45.4709514399356	1015
-73.6091350774321	45.4708070037724	1015
-73.6095609420813	45.4705902516948	1015
-73.6077712045036	45.4715295065201	1016
-73.6079630018899	45.4714265529232	1016
-73.6079630018899	45.4714265529232	1017
-73.6085211080007	45.4711271555601	1017
-73.6224963	45.4834267079199	1018
-73.6224963	45.4838319535872	1018
-73.6224963	45.4850641930562	1018
-73.6224963	45.4788171300587	1019
-73.6224963	45.4783383662413	1019
-73.6224963	45.4793298395711	1020
-73.6224963	45.4808348829468	1020
-73.6224963	45.4809966379881	1020
-73.6224963	45.4819429999076	1021
-73.6224963	45.4819946184134	1021
-73.6224963	45.4809966379881	1022
-73.6224963	45.4819429999076	1022
-73.6224963	45.4819946184134	1023
-73.6224963	45.4834267079199	1023
-73.6224963	45.4792423943843	1024
-73.6224963	45.4791561232012	1024
-73.6224963	45.4788171300587	1024
-73.6095609420813	45.4705902516948	1025
-73.6099780442411	45.4703715265869	1025
-73.61043665905	45.4701290915384	1025
-73.61043665905	45.4701290915384	1027
-73.6108679904431	45.4699080095983	1027
-73.6112991195925	45.4696929558529	1027
-73.6224963	45.469192825588	1028
-73.6224963	45.469192825588	1029
-73.6224963	45.4705363065732	1029
-73.5853721093786	45.4711549917158	1033
-73.586362847094	45.4716192433495	1033
-73.586362847094	45.4716192433495	1034
-73.586587395283	45.4717289554237	1034
-73.586587395283	45.4717289554237	1035
-73.5870220078327	45.4719262509162	1035
-73.5896492262239	45.4731532601441	1036
-73.5905089139156	45.4735580926143	1036
-73.5905089139156	45.4735580926143	1037
-73.590725344303	45.4736613235113	1037
-73.590725344303	45.4736613235113	1038
-73.5909762956474	45.473779015296	1038
-73.5909762956474	45.473779015296	1039
-73.5924417980947	45.4744643987396	1039
-73.5927086955699	45.4745873834054	1039
-73.5887631647916	45.4727404320208	1040
-73.589211104306	45.4729500378203	1040
-73.5896492262239	45.4731532601441	1040
-73.5878834530481	45.4723320919782	1041
-73.5883211364324	45.4725309999293	1041
-73.5887631647916	45.4727404320208	1041
-73.5870220078327	45.4719262509162	1042
-73.5874499899578	45.4721316491989	1042
-73.5878834530481	45.4723320919782	1042
-73.5927086955699	45.4745873834054	1043
-73.5935272417009	45.4749673885026	1043
-73.5935272417009	45.4749673885026	1044
-73.5938699526188	45.4751273855852	1044
-73.5956865394475	45.4760728791929	1045
-73.596674817238	45.4766644737774	1045
-73.5970198183874	45.4769798780701	1045
-73.5973338797441	45.4773379647172	1045
-73.5973869888726	45.4776070896013	1045
-73.5973101675842	45.4780272442606	1045
-73.5973101675842	45.4780272442606	1046
-73.597296467842	45.4783428627806	1046
-73.5972700294971	45.4787972618894	1046
-73.5972912253713	45.4789136051977	1046
-73.5973316892122	45.4790071639012	1046
-73.5973848108803	45.4790989118231	1046
-73.5974693671635	45.4791870332496	1046
-73.5976048745968	45.4792703413104	1046
-73.5980683426097	45.4795030272838	1046
-73.5938699526188	45.4751273855852	1047
-73.5940544117671	45.4752200171976	1047
-73.5940544117671	45.4752200171976	1048
-73.5951518269038	45.4757983959192	1048
-73.5953698716014	45.4759103459994	1048
-73.6224963	45.5172419163473	1049
-73.6224963	45.5175151831189	1049
-73.6224963	45.5167637449365	1050
-73.6224963	45.5175151831189	1050
-73.6224963	45.5161553694057	1051
-73.6224963	45.516215229068	1051
-73.6224963	45.5163553727922	1051
-73.6224963	45.5166772024731	1051
-73.6224963	45.5161197822987	1052
-73.6224963	45.5161553694057	1052
-73.6224963	45.5168580580416	1053
-73.6224963	45.5172419163473	1053
-73.6224963	45.5166772024731	1054
-73.6224963	45.5167637449365	1054
-73.6224963	45.5167482870411	1055
-73.6224963	45.5165233743335	1055
-73.6224963	45.5164625800209	1055
-73.6224963	45.5167482870411	1056
-73.6224963	45.5168580580416	1056
-73.6224963	45.5159508721142	1057
-73.6224963	45.5162791191697	1057
-73.6224963	45.5164625800209	1057
-73.6224963	45.518311552811	1058
-73.6224963	45.5179944081779	1058
-73.6224963	45.5179944081779	1059
-73.6224963	45.5175834352563	1059
-73.6224963	45.5186375332405	1060
-73.6224963	45.5184927111227	1060
-73.6224963	45.5184927111227	1061
-73.6224963	45.518311552811	1061
-73.6224963	45.5189172682979	1062
-73.6224963	45.5186375332405	1062
-73.6224963	45.5193022549886	1063
-73.6224963	45.5189172682979	1063
-73.6224963	45.5171568433971	1064
-73.6224963	45.5167482870411	1064
-73.6224963	45.5175834352563	1065
-73.6224963	45.5171568433971	1065
-73.6224963	45.5196995495927	1066
-73.6224963	45.5193022549886	1066
-73.6224963	45.5200785759637	1067
-73.6224963	45.5196995495927	1067
-73.6224963	45.5196874969661	1069
-73.6224963	45.5198205559578	1069
-73.6224963	45.5198205559578	1070
-73.6224963	45.5198093492228	1070
-73.6224963	45.5198389870229	1070
-73.6224963	45.5196874969661	1071
-73.6224963	45.5197192799757	1071
-73.6224963	45.5197735602002	1071
-73.6224963	45.5197602416917	1071
-73.6224963	45.5196750075367	1071
-73.5462237516864	45.5262580642559	1075
-73.5481344015418	45.5271734899241	1075
-73.5481344015418	45.5271734899241	1076
-73.5486082901613	45.5273924212451	1076
-73.5495649518002	45.5278342338116	1076
-73.5459016848064	45.5261198754775	1077
-73.5462237516864	45.5262580642559	1077
-73.5632785540689	45.530006180848	1078
-73.5634051825987	45.5300182596457	1078
-73.5638378493694	45.5302240116152	1078
-73.5646776230073	45.5306233762285	1078
-73.5654684874837	45.5309994545851	1078
-73.5658533048718	45.5311824581757	1078
-73.5679541826036	45.5321620564552	1079
-73.5707480142268	45.5334765908457	1079
-73.5707480142268	45.5334765908457	1080
-73.5711402654984	45.5336654216192	1080
-73.5712261762036	45.533706674552	1080
-73.572595801971	45.534365907407	1080
-73.5730069812435	45.534563808771	1080
-73.5734561943641	45.5347705935158	1081
-73.5754294843362	45.5357022596866	1081
-73.5764391389305	45.5361789086924	1081
-73.5730069812435	45.534563808771	1082
-73.5734561943641	45.5347705935158	1082
-73.5756831354723	45.528202294084	1083
-73.5776293505645	45.5290906547594	1083
-73.5780158746225	45.5292670468852	1083
-73.5488881978798	45.5224859928621	1084
-73.5481450435781	45.5233091114795	1084
-73.5478765480726	45.5235753326463	1084
-73.5492477023322	45.522103099534	1085
-73.5488881978798	45.5224859928621	1085
-73.5500575600313	45.5110466848709	1086
-73.5502613428715	45.5110942015238	1086
-73.5478765480726	45.5235753326463	1088
-73.5478325506786	45.5236142279622	1088
-73.5477911801473	45.5236379133365	1088
-73.6224963	45.55438965	1089
-73.6224963	45.55438965	1089
-73.6224963	45.55438965	1090
-73.6224963	45.55438965	1090
-73.6224963	45.55438965	1091
-73.6224963	45.55438965	1091
-73.6224963	45.55438965	1091
-73.6224963	45.55438965	1092
-73.6224963	45.55438965	1092
-73.6224963	45.5535508516868	1093
-73.6224963	45.55438965	1093
-73.6224963	45.55438965	1094
-73.6224963	45.55438965	1095
-73.6224963	45.55438965	1095
-73.6224963	45.5476051339112	1096
-73.6224963	45.547722069639	1096
-73.6224963	45.5483644289509	1096
-73.6224963	45.5484933617981	1096
-73.6224963	45.5484933617981	1097
-73.6224963	45.549385656669	1097
-73.6224963	45.549385656669	1098
-73.6224963	45.549510994961	1098
-73.6224963	45.5501565642848	1098
-73.6224963	45.5502856550714	1098
-73.6224963	45.5532295578551	1099
-73.6224963	45.5534322199743	1099
-73.6224963	45.5534652729621	1099
-73.6224963	45.5464950682457	1100
-73.6224963	45.5467030774169	1100
-73.6224963	45.5469074973873	1100
-73.6224963	45.5469074973873	1101
-73.6224963	45.5470282099058	1101
-73.6224963	45.5474793212426	1101
-73.6224963	45.5476051339112	1101
-73.6224963	45.5464103506357	1102
-73.6224963	45.5464950682457	1102
-73.6224963	45.5442181783688	1103
-73.6224963	45.5442734573366	1103
-73.6224963	45.5444137087743	1103
-73.6224963	45.5441753726169	1104
-73.6224963	45.5442181783688	1104
-73.5551216102936	45.5488756081997	1105
-73.555640113924	45.5490262738472	1105
-73.5574814878809	45.5495751248888	1105
-73.5579681034534	45.5497275057756	1105
-73.5479316703092	45.5467040977833	1106
-73.5484580613004	45.5468595623473	1106
-73.5504520918284	45.5474662370069	1106
-73.550943844486	45.5476167559284	1106
-73.550943844486	45.5476167559284	1107
-73.5515147387762	45.5477882951902	1107
-73.5539426892962	45.5485176417755	1107
-73.5544537944647	45.5486711060357	1107
-73.5551216102936	45.5488756081997	1107
-73.5711698581417	45.55438965	1108
-73.5716732521921	45.55438965	1108
-73.5725309060927	45.55438965	1108
-73.5736036585586	45.55438965	1108
-73.5740625718432	45.55438965	1108
-73.5740625718432	45.55438965	1109
-73.5745117596651	45.55438965	1109
-73.5767621710917	45.55438965	1109
-73.5769926902048	45.55438965	1109
-73.5773558576805	45.55438965	1109
-73.5774327192015	45.55438965	1109
-73.5909892390833	45.55438965	1110
-73.5833346440254	45.55438965	1111
-73.5839355646768	45.55438965	1111
-73.5866907339733	45.55438965	1111
-73.5871474944163	45.55438965	1111
-73.5871474944163	45.55438965	1112
-73.587731419769	45.55438965	1112
-73.5897671339556	45.55438965	1112
-73.5909892390833	45.55438965	1112
-73.5797147099885	45.5417198432285	1113
-73.5794834738733	45.541624522387	1113
-73.5792189536684	45.5416696123026	1113
-73.5786844654485	45.5422472828313	1113
-73.5786844654485	45.5422472828313	1114
-73.5784446229681	45.5424954668465	1114
-73.5784446229681	45.5424954668465	1115
-73.5782479385526	45.5427145530979	1115
-73.5775341427356	45.543799897686	1116
-73.5772948060775	45.5441173728628	1116
-73.5782702044758	45.543080176767	1117
-73.5777124553215	45.543581095116	1117
-73.5775341427356	45.543799897686	1117
-73.5817489673019	45.5395124218648	1118
-73.5816253339519	45.5396898854117	1118
-73.5815788134002	45.5397295152806	1118
-73.5815788134002	45.5397295152806	1119
-73.5814369279087	45.5398484064286	1119
-73.5811098569886	45.5400901787842	1119
-73.5817489673019	45.5395124218648	1120
-73.5815336918984	45.5396409949571	1120
-73.5813855788412	45.5397625003268	1120
-73.5812572858894	45.5398593334903	1120
-73.5809914944808	45.5400422067704	1120
-73.5823307873209	45.5389122045841	1121
-73.5817489673019	45.5395124218648	1121
-73.5809914944808	45.5400422067704	1122
-73.5807614153844	45.5402354933889	1122
-73.5796503782153	45.5414150839048	1122
-73.5798736093831	45.5413774011288	1123
-73.5794547268439	45.5418368343762	1123
-73.5782702044758	45.543080176767	1123
-73.5811098569886	45.5400901787842	1124
-73.5810206018656	45.5401589963367	1124
-73.5808361065575	45.5403218333501	1124
-73.5798736093831	45.5413774011288	1124
-73.5797147099885	45.5417198432285	1125
-73.5795599409596	45.5419216240188	1125
-73.5795599409596	45.5419216240188	1126
-73.5790618980972	45.5424266470426	1126
-73.5790618980972	45.5424266470426	1127
-73.5788347283144	45.5426726632112	1127
-73.5828221198092	45.5384095116389	1128
-73.5823307873209	45.5389122045841	1128
-73.5780158746225	45.5292670468852	1129
-73.5783938586368	45.52945127294	1129
-73.5783938586368	45.52945127294	1130
-73.5814582850732	45.5308664217648	1130
-73.5832809369865	45.5339874881657	1131
-73.5826680092722	45.5346503681661	1131
-73.5826680092722	45.5346503681661	1132
-73.5820421666777	45.5353021850195	1132
-73.5820421666777	45.5353021850195	1133
-73.5813364864725	45.5360405379691	1133
-73.5799972163466	45.5324601422258	1134
-73.5804312295704	45.5326658303171	1134
-73.5809886777944	45.53293010447	1134
-73.5813894071193	45.5331184439562	1134
-73.5815120979121	45.5331750517873	1135
-73.5819236036238	45.5333640116942	1135
-73.5821048402339	45.533447304547	1135
-73.5828066491072	45.5337696911457	1135
-73.5832809369865	45.5339874881657	1135
-73.5847595044838	45.5324079320268	1136
-73.588700811491	45.5342369171528	1136
-73.5902419600325	45.532589297087	1137
-73.5899683639326	45.5328712795383	1137
-73.5899683639326	45.5328712795383	1138
-73.5891399287328	45.5337674444808	1138
-73.5891399287328	45.5337674444808	1139
-73.588700811491	45.5342369171528	1139
-73.5903064779748	45.5325190519189	1140
-73.5902419600325	45.532589297087	1140
-73.5927718889263	45.5230470648799	1141
-73.5923323772501	45.523528791767	1141
-73.5923323772501	45.523528791767	1142
-73.5916999629409	45.5242807399338	1142
-73.5916999629409	45.5242807399338	1143
-73.5914366957515	45.524586836031	1143
-73.5914366957515	45.524586836031	1144
-73.591224640876	45.5248299857563	1144
-73.591224640876	45.5248299857563	1145
-73.5909792972978	45.5251226574439	1145
-73.5909792972978	45.5251226574439	1146
-73.590612638801	45.5255548234968	1146
-73.590612638801	45.5255548234968	1147
-73.5903928973105	45.5258159762899	1147
-73.5927718889263	45.5230470648799	1148
-73.5932741500542	45.5225246983577	1148
-73.5989900998686	45.5458950799647	1149
-73.5987187380345	45.5461981389067	1149
-73.598459602939	45.5464875977992	1149
-73.5877877145649	45.5406804518845	1150
-73.588143492656	45.5407790794747	1150
-73.5885610019268	45.5409751200914	1150
-73.5903300136957	45.5418109340232	1150
-73.5853912739323	45.5396219777988	1151
-73.5858135063374	45.53981046551	1151
-73.5871392376707	45.5404282496916	1151
-73.5874802192493	45.5405903354484	1151
-73.5877877145649	45.5406804518845	1151
-73.5858508293494	45.5391424238109	1152
-73.5853912739323	45.5396219777988	1152
-73.593668993619	45.5411346519176	1153
-73.5953396270397	45.5418970352785	1153
-73.5960725459696	45.5420226805341	1154
-73.5972310844573	45.5425510354534	1154
-73.5972310844573	45.5425510354534	1155
-73.6006556273938	45.5441506532152	1155
-73.5953396270397	45.5418970352785	1156
-73.5960725459696	45.5420226805341	1156
-73.5990780365254	45.535641720088	1157
-73.5987562139138	45.5359890097742	1157
-73.5983785344757	45.5364060008132	1157
-73.5983785344757	45.5364060008132	1158
-73.5980086716262	45.5368270334329	1158
-73.5976963528247	45.5371811513529	1158
-73.5976963528247	45.5371811513529	1159
-73.5973818674176	45.5375061126513	1159
-73.5971236701724	45.5377690204057	1159
-73.5971236701724	45.5377690204057	1160
-73.5964304551645	45.5384733484782	1160
-73.5964304551645	45.5384733484782	1161
-73.5957385964784	45.5391778511602	1161
-73.5957385964784	45.5391778511602	1162
-73.593668993619	45.5411346519176	1162
-73.593668993619	45.5411346519176	1163
-73.5934588584223	45.5413568353806	1163
-73.5932392266803	45.5415857754714	1163
-73.5932392266803	45.5415857754714	1164
-73.5930569735029	45.5418084752384	1164
-73.592861930941	45.5420266854394	1164
-73.592861930941	45.5420266854394	1165
-73.5925656739976	45.54235791785	1165
-73.5922679553016	45.5427018396109	1165
-73.6043125122982	45.5401383021699	1166
-73.6074582786731	45.5415227089867	1166
-73.6077797455203	45.5416641441323	1166
-73.5976963528247	45.5371811513529	1167
-73.6008426798749	45.5385896786378	1167
-73.6008426798749	45.5385896786378	1168
-73.6013302770178	45.5388056790008	1168
-73.6043125122982	45.5401383021699	1168
-73.6128146097325	45.5364655500953	1169
-73.6122979276748	45.5367181280763	1169
-73.6119393679848	45.5371422544604	1169
-73.6119393679848	45.5371422544604	1170
-73.611555565238	45.5375685642295	1170
-73.611240027005	45.5379094033181	1170
-73.611240027005	45.5379094033181	1171
-73.6109431472099	45.5382340248345	1171
-73.6106422596962	45.5385632389795	1171
-73.6106422596962	45.5385632389795	1172
-73.6103084600174	45.5389150721506	1172
-73.6099890956663	45.5392513218608	1172
-73.6099890956663	45.5392513218608	1173
-73.6096299385683	45.5396026375967	1173
-73.6151260870335	45.5341563766429	1174
-73.6148086809686	45.5344934480204	1174
-73.6146242709481	45.5346931464749	1174
-73.6146242709481	45.5346931464749	1175
-73.6141409785553	45.5352030780194	1175
-73.6141409785553	45.5352030780194	1176
-73.6136968279604	45.5356974896675	1176
-73.6136968279604	45.5356974896675	1177
-73.6132961639261	45.5361305714524	1177
-73.6132961639261	45.5361305714524	1178
-73.6128146097325	45.5364655500953	1178
-73.6091470142428	45.5401294656349	1179
-73.6088279811981	45.5404804703897	1179
-73.6084429654441	45.5409040707463	1179
-73.6084429654441	45.5409040707463	1180
-73.6080871706913	45.5413118035079	1180
-73.6077797455203	45.5416641441323	1180
-73.6188044108939	45.5366085051936	1181
-73.6186426631011	45.5368838702119	1181
-73.6186131964439	45.5369338466608	1181
-73.6184146134596	45.5372718843973	1181
-73.6184146134596	45.5372718843973	1182
-73.6182319860494	45.5375644589303	1182
-73.6180459885021	45.5378624363592	1182
-73.6180459885021	45.5378624363592	1183
-73.6178776172819	45.5381558055952	1183
-73.6177150314892	45.5384389094383	1183
-73.6177150314892	45.5384389094383	1184
-73.6175192847101	45.5387746028273	1184
-73.6173031182716	45.5391452337667	1184
-73.6173031182716	45.5391452337667	1185
-73.6171002297316	45.5395028019163	1185
-73.6169581911108	45.539766175102	1185
-73.6169581911108	45.539766175102	1186
-73.6167711632342	45.5400834097402	1186
-73.6166217321568	45.5403486800132	1186
-73.6192966476841	45.5360474291825	1187
-73.618868303823	45.5365068372357	1187
-73.6188044108939	45.5366085051936	1187
-73.6027011366947	45.5267685847899	1188
-73.602967447729	45.5264802786178	1188
-73.6032669526325	45.5261562147584	1188
-73.5938690928374	45.5218675343278	1189
-73.5943144918181	45.5220813500208	1189
-73.5947628533371	45.5222966015407	1189
-73.5947628533371	45.5222966015407	1190
-73.5955985796548	45.5226781941437	1190
-73.5955985796548	45.5226781941437	1191
-73.5977256699094	45.5236187974876	1191
-73.5977256699094	45.5236187974876	1192
-73.5999791350477	45.5246291747528	1192
-73.5999791350477	45.5246291747528	1193
-73.6032669526325	45.5261562147584	1193
-73.588042008118	45.5181826524025	1194
-73.5886107251856	45.5184303226455	1194
-73.5906692630643	45.5193269247544	1194
-73.5911149149275	45.5195209545774	1194
-73.5898306544497	45.5209302677635	1195
-73.5901244126566	45.5206151519073	1195
-73.5904516847733	45.5202639215775	1195
-73.5918831679047	45.5218848976271	1196
-73.5927578607801	45.522285108252	1196
-73.5932741500542	45.5225246983577	1196
-73.5898306544497	45.5209302677635	1197
-73.5917588018237	45.5218281222773	1197
-73.5917588018237	45.5218281222773	1198
-73.5918831679047	45.5218848976271	1198
-73.6070559067917	45.5167214915206	1199
-73.6076851477919	45.5161179484087	1199
-73.6061858548235	45.5177301326224	1200
-73.6070559067917	45.5167214915206	1200
-73.6055842365611	45.5183875473453	1201
-73.6061858548235	45.5177301326224	1201
-73.6050191016394	45.5190269268601	1202
-73.6055842365611	45.5183875473453	1202
-73.6224963	45.4873876977761	1203
-73.6224963	45.4856323221006	1203
-73.6224963	45.4916149917067	1204
-73.6224963	45.4910780027707	1204
-73.6096299385683	45.5396026375967	1205
-73.6091470142428	45.5401294656349	1205
-73.6033005029596	45.5278137583782	1206
-73.6034029677155	45.5277759587835	1206
-73.6035800079278	45.5275789845997	1206
-73.6038359780526	45.5272950056043	1206
-73.6224963	45.4848884753882	1207
-73.6224963	45.485080363908	1207
-73.6224963	45.4860552182069	1207
-73.6224963	45.4862615459776	1207
-73.6153083208681	45.4740025469767	1208
-73.6158532549014	45.473408128702	1208
-73.6158532549014	45.473408128702	1209
-73.616401850052	45.4728040747478	1209
-73.6169353874879	45.472219202214	1210
-73.6174527840412	45.4716392033804	1210
-73.6174527840412	45.4716392033804	1211
-73.6179776558438	45.4710573044243	1211
-73.6198701631686	45.4689721642761	1212
-73.6219425687406	45.4699103129843	1212
-73.6174011049561	45.4749474161593	1213
-73.6179442282415	45.4743509201277	1213
-73.6179442282415	45.4743509201277	1214
-73.618486151303	45.4737409236922	1214
-73.618486151303	45.4737409236922	1215
-73.6190169473078	45.4731627038565	1215
-73.6190169473078	45.4731627038565	1216
-73.6195438062651	45.4725736863505	1216
-73.6195438062651	45.4725736863505	1217
-73.6200707714601	45.4719900658746	1217
-73.6224963	45.4691468725672	1218
-73.6185508484593	45.470433505952	1219
-73.6188240239295	45.4701125752708	1219
-73.6191467290563	45.4697694538971	1219
-73.6179776558438	45.4710573044243	1220
-73.6182627624971	45.4707386125825	1220
-73.6185508484593	45.470433505952	1220
-73.6200707714601	45.4719900658746	1221
-73.6203524192235	45.4716851415775	1221
-73.6206449006129	45.4713666159474	1221
-73.6219425687406	45.4699103129843	1222
-73.6223518269468	45.4694548681957	1222
-73.6224963	45.4691468725672	1222
-73.6212294889435	45.4707072446753	1223
-73.6215965787502	45.4703080932347	1223
-73.6219425687406	45.4699103129843	1223
-73.6206449006129	45.4713666159474	1224
-73.6209137667864	45.4710564841403	1224
-73.6212294889435	45.4707072446753	1224
-73.6191467290563	45.4697694538971	1225
-73.6195047610872	45.4693729282823	1225
-73.6198701631686	45.4689721642761	1225
-73.616401850052	45.4728040747478	1226
-73.6166633044358	45.4725172689136	1226
-73.6169353874879	45.472219202214	1226
-73.6224963	45.469192825588	1227
-73.5633531731348	45.4791538134412	1228
-73.5638185416656	45.4797003541007	1228
-73.5590608850789	45.4840925174673	1229
-73.5592634907565	45.4839079263875	1229
-73.559945192868	45.4832867068755	1229
-73.559945192868	45.4832867068755	1230
-73.5611682443412	45.4821612321039	1230
-73.5611682443412	45.4821612321039	1231
-73.5618786497502	45.4814859893988	1231
-73.5618786497502	45.4814859893988	1232
-73.5624639634243	45.4809592099456	1232
-73.5624639634243	45.4809592099456	1233
-73.56313483318	45.4803379769981	1233
-73.5700134830065	45.4754596560232	1234
-73.570053125988	45.4757806383369	1234
-73.570053125988	45.4757806383369	1235
-73.570576797013	45.4762662803591	1235
-73.570576797013	45.4762662803591	1236
-73.5710545559746	45.476729360359	1236
-73.5715474294704	45.4771250236026	1237
-73.572267783728	45.4776942283991	1237
-73.5700134830065	45.4754596560232	1238
-73.5700534033832	45.4751530239745	1238
-73.5700656967177	45.4745168528454	1238
-73.5896492262239	45.4731532601441	1239
-73.5905089139156	45.4735580926143	1239
-73.5887631647916	45.4727404320208	1240
-73.589211104306	45.4729500378203	1240
-73.5896492262239	45.4731532601441	1240
-73.6224963	45.5078935931899	1241
-73.6224963	45.5071977393365	1241
-73.6224963	45.5090447146388	1242
-73.6224963	45.5089696756924	1242
-73.6224963	45.5088819194768	1242
-73.6224963	45.5087413998175	1242
-73.6224963	45.5086028651789	1242
-73.6224963	45.5078935931899	1242
-73.6224963	45.5181115822539	1243
-73.6224963	45.5177013449439	1243
-73.6224963	45.5186153739669	1244
-73.6224963	45.5181115822539	1244
-73.6224963	45.5190320241718	1245
-73.6224963	45.5186153739669	1245
-73.6224963	45.5172676415777	1246
-73.6224963	45.5168580580416	1246
-73.6224963	45.5177013449439	1247
-73.6224963	45.5172676415777	1247
-73.6224963	45.5194355432017	1248
-73.6224963	45.5190320241718	1248
-73.6224963	45.5097406921807	1249
-73.6224963	45.5100118229146	1249
-73.6224963	45.5105459417336	1250
-73.6224963	45.5100118229146	1251
-73.6224963	45.5105459417336	1251
-73.6224963	45.5095034756981	1252
-73.6224963	45.5097406921807	1252
-73.6224963	45.5092688102795	1253
-73.6224963	45.5095034756981	1253
-73.6224963	45.5181776931782	1254
-73.6224963	45.5193520105913	1254
-73.6224963	45.5171567044459	1255
-73.6224963	45.516367531532	1255
-73.6224963	45.516367531532	1256
-73.6224963	45.5155650263692	1256
-73.6224963	45.5155650263692	1257
-73.6224963	45.5136179431103	1257
-73.6224963	45.5136179431103	1258
-73.6224963	45.5115407098697	1258
-73.6224963	45.5115407098697	1259
-73.6224963	45.5092688102795	1259
-73.6224963	45.5181776931782	1260
-73.6224963	45.5171567044459	1260
-73.6224963	45.522320070546	1261
-73.6224963	45.5224664735464	1261
-73.6224963	45.5226060559122	1261
-73.6224963	45.522848684681	1261
-73.6224963	45.5231588688345	1261
-73.6224963	45.5233001771192	1261
-73.6224963	45.523414397086	1261
-73.5701711608218	45.5298022812979	1262
-73.5694975086195	45.530550351375	1262
-73.5694975086195	45.530550351375	1263
-73.5688606998213	45.5312166819628	1263
-73.5688606998213	45.5312166819628	1264
-73.5684054913463	45.5316893262105	1264
-73.5684054913463	45.5316893262105	1265
-73.5679541826036	45.5321620564552	1265
-73.6224963	45.55438965	1266
-73.6224963	45.5542975096436	1267
-73.6224963	45.55438965	1267
-73.6224963	45.55438965	1268
-73.6224963	45.55438965	1268
-73.6224963	45.55438965	1269
-73.6224963	45.55438965	1269
-73.6224963	45.5496182396586	1270
-73.6224963	45.5501404693248	1270
-73.6224963	45.5508278911028	1270
-73.6224963	45.5508278911028	1271
-73.6224963	45.5517775677361	1271
-73.6224963	45.5517775677361	1272
-73.6224963	45.5526701851903	1272
-73.6224963	45.5526701851903	1273
-73.6224963	45.5529976507711	1273
-73.6224963	45.5535508516868	1273
-73.6224963	45.55438965	1275
-73.6224963	45.55438965	1275
-73.6224963	45.55438965	1276
-73.6224963	45.55438965	1276
-73.6224963	45.55438965	1277
-73.6224963	45.55438965	1277
-73.6224963	45.55438965	1278
-73.6224963	45.5463389007378	1279
-73.6224963	45.5464103506357	1279
-73.5847439466903	45.5147332035546	1280
-73.5848342719244	45.5146334244657	1280
-73.6168682670927	45.5211852333289	1281
-73.617457292657	45.5205123837205	1281
-73.617457292657	45.5205123837205	1282
-73.6180585564172	45.5198418579839	1282
-73.6114300196851	45.5169398605783	1283
-73.6115364306405	45.5168281657415	1283
-73.6108956169446	45.5175429722709	1284
-73.6114300196851	45.5169398605783	1284
-73.6224963	45.4873876977761	1285
-73.6224963	45.4856323221006	1285
-73.6224963	45.5126565279834	1286
-73.6224963	45.5122942938919	1286
-73.6224963	45.5098543363403	1286
-73.6224963	45.5098543363403	1287
-73.6224963	45.5084180081798	1287
-73.6224963	45.507444028347	1287
-73.6224963	45.5066399719934	1288
-73.6224963	45.5070327877864	1288
-73.6224963	45.55438965	1289
-73.6224963	45.55438965	1289
-73.6224963	45.55438965	1290
-73.6224963	45.55438965	1290
-73.6224963	45.5532211951731	1291
-73.6224963	45.5534380254866	1291
-73.6224963	45.55438965	1291
-73.6224963	45.55438965	1292
-73.6224963	45.55438965	1292
-73.6224963	45.55438965	1293
-73.6224963	45.55438965	1293
-73.6224963	45.55438965	1294
-73.6224963	45.55438965	1295
-73.6224963	45.55438965	1295
-73.5278763413181	45.5129667793815	1296
-73.5280153967925	45.5144995030961	1296
-73.5281308601929	45.5154949751734	1296
-73.528170289797	45.5160202533228	1296
-73.5282888156751	45.517005374992	1296
-73.5295747187723	45.5075045945102	1297
-73.5291580991483	45.5085642783039	1297
-73.5299438103185	45.5056254459157	1298
-73.5299370681358	45.5058501601411	1298
-73.5298656846713	45.5063957159722	1298
-73.5297874014595	45.5068708090959	1298
-73.529665800154	45.5072740090962	1298
-73.5295747187723	45.5075045945102	1298
-73.528204182896	45.5046141878471	1299
-73.5282029721642	45.5047262294731	1299
-73.6088557019527	45.4709514399356	1300
-73.6103487405525	45.4716189289479	1300
-73.6103856405809	45.471769812365	1300
-73.6103856405809	45.471769812365	1301
-73.610493449644	45.4718219943581	1301
-73.6105790394145	45.4718942663796	1301
-73.6224963	45.4850641930562	1302
-73.6224963	45.4848884753882	1302
-73.6224963	45.4793298395711	1303
-73.6224963	45.4793011269758	1303
-73.6224963	45.4792423943843	1303
-73.6224963	45.4783383662413	1304
-73.6224963	45.47854583896	1304
-73.6224963	45.4788558718282	1304
-73.6224963	45.47896380394	1304
-73.6224963	45.47896380394	1305
-73.6224963	45.4788903469729	1305
-73.6224963	45.4705363065732	1306
-73.6224963	45.4698918473317	1306
-73.6224963	45.4698918473317	1307
-73.6224963	45.4692460172441	1307
-73.6224963	45.4692460172441	1308
-73.5578327080352	45.4846215864888	1309
-73.5579415400244	45.4840480940803	1309
-73.5579415400244	45.4840480940803	1310
-73.5579658761655	45.483908592234	1310
-73.5581646720467	45.4826846721796	1310
-73.5581646720467	45.4826846721796	1311
-73.5582741920619	45.4824786216987	1311
-73.5583074924378	45.4823364152811	1311
-73.5583074924378	45.4823364152811	1312
-73.5584402019639	45.4814969797407	1312
-73.5584042248127	45.4812943330223	1312
-73.5583074924378	45.4823364152811	1313
-73.5584402019639	45.4814969797407	1313
-73.5584042248127	45.4812943330223	1313
-73.5581646720467	45.4826846721796	1314
-73.5581189934415	45.4824873401048	1314
-73.5582885589014	45.48147212899	1314
-73.5584042248127	45.4812943330223	1314
-73.6224963	45.5095920819689	1315
-73.6224963	45.5092060131781	1315
-73.6224963	45.5091281779292	1315
-73.6224963	45.5090447146388	1315
-73.6224963	45.5101602596287	1316
-73.6224963	45.5095920819689	1316
-73.6224963	45.5107666255714	1317
-73.6224963	45.5101602596287	1317
-73.6224963	45.5116802243217	1318
-73.6224963	45.5107666255714	1318
-73.6224963	45.5121629963138	1319
-73.6224963	45.5116802243217	1319
-73.6224963	45.5128586934067	1320
-73.6224963	45.5121629963138	1320
-73.6224963	45.5149023457963	1321
-73.6224963	45.5148543453872	1321
-73.6224963	45.5146832238272	1321
-73.6224963	45.5146832238272	1322
-73.6224963	45.5140849136011	1322
-73.6224963	45.5140849136011	1323
-73.6224963	45.5134695679686	1323
-73.6224963	45.5134695679686	1324
-73.6224963	45.5128586934067	1324
-73.6224963	45.5227790659017	1325
-73.6224963	45.5230499814354	1325
-73.6224963	45.5221834630916	1326
-73.6224963	45.5224822468645	1326
-73.6224963	45.5225222240241	1327
-73.6224963	45.5227790659017	1327
-73.6224963	45.5224822468645	1328
-73.6224963	45.5225222240241	1328
-73.6224963	45.5198073764793	1329
-73.6224963	45.5194355432017	1329
-73.6224963	45.5201936761487	1330
-73.6224963	45.5198073764793	1330
-73.5319747525694	45.55438965	1331
-73.531524224993	45.55438965	1331
-73.5342228768089	45.5536476093637	1332
-73.5337663970172	45.5543719122755	1332
-73.5337663970172	45.5543719122755	1333
-73.5333107242315	45.55438965	1333
-73.5333107242315	45.55438965	1334
-73.5328551645255	45.55438965	1334
-73.5328551645255	45.55438965	1335
-73.5324047726423	45.55438965	1335
-73.5324047726423	45.55438965	1336
-73.5323651052268	45.55438965	1336
-73.5319747525694	45.55438965	1336
-73.5387647984216	45.5504824820855	1337
-73.5385403497992	45.5508411771282	1337
-73.5383080782514	45.5511959146454	1337
-73.5383080782514	45.5511959146454	1338
-73.5380876342962	45.5515485778625	1338
-73.5380876342962	45.5515485778625	1339
-73.537868765244	45.5518911610069	1339
-73.5366877465776	45.5535959987396	1340
-73.5362012665206	45.5542753249288	1340
-73.5442754649495	45.5522538658825	1341
-73.5438196324241	45.5529506714437	1341
-73.5438196324241	45.5529506714437	1342
-73.5433637989498	45.5536608837444	1342
-73.5433637989498	45.5536608837444	1343
-73.5417828098334	45.55438965	1343
-73.5464592900826	45.5490372160352	1344
-73.5462390718139	45.5493349998285	1344
-73.5460392368531	45.549629985094	1344
-73.5453026042072	45.5506518716455	1345
-73.5450671082707	45.5510153534494	1345
-73.5448200015163	45.5513949478034	1345
-73.537868765244	45.5518911610069	1346
-73.5376239246268	45.5522620997537	1346
-73.5373174411857	45.5527174708641	1346
-73.5372389152506	45.5528273769866	1347
-73.5366877465776	45.5535959987396	1347
-73.5447604957922	45.5514900930073	1348
-73.5442754649495	45.5522538658825	1348
-73.5460392368531	45.549629985094	1349
-73.545653249714	45.5501660439454	1349
-73.545653249714	45.5501660439454	1350
-73.5453026042072	45.5506518716455	1350
-73.5448200015163	45.5513949478034	1351
-73.5447604957922	45.5514900930073	1351
-73.5393240868577	45.5496256546445	1352
-73.5392591898628	45.5497262882974	1352
-73.5397999860006	45.5488823337497	1353
-73.5395213045192	45.5493143933332	1353
-73.5393240868577	45.5496256546445	1353
-73.5392591898628	45.5497262882974	1354
-73.5387647984216	45.5504824820855	1354
-73.5396447643431	45.5459667275247	1355
-73.540169543366	45.5461253806685	1355
-73.5410677073111	45.5463969280533	1355
-73.5410677073111	45.5463969280533	1356
-73.541609287603	45.5465525987632	1356
-73.5404728194239	45.5480533585325	1357
-73.5401904866545	45.5483884995288	1357
-73.5401904866545	45.5483884995288	1358
-73.5397999860006	45.5488823337497	1358
-73.5359108600512	45.544841978537	1359
-73.5368783956374	45.5451355851473	1359
-73.5374160415924	45.545287857323	1359
-73.5374160415924	45.545287857323	1360
-73.5379383823539	45.5454522810279	1360
-73.5391223127078	45.5458087911804	1360
-73.5396447643431	45.5459667275247	1360
-73.541609287603	45.5465525987632	1361
-73.5413014064383	45.5470325493926	1361
-73.5410320846735	45.547378936898	1361
-73.5410320846735	45.547378936898	1362
-73.540761693734	45.5477121850822	1362
-73.5404728194239	45.5480533585325	1362
-73.5440798501381	45.5472974383826	1363
-73.5445339786626	45.5474476393324	1363
-73.5464913044365	45.5480200203115	1363
-73.5470235162147	45.548178638887	1363
-73.5435625503117	45.5471403302761	1364
-73.5440798501381	45.5472974383826	1364
-73.541609287603	45.5465525987632	1365
-73.5421260497709	45.5467115157333	1365
-73.5430041608368	45.5469809855435	1365
-73.5431847272095	45.547034282752	1365
-73.5433542000479	45.5470845242485	1365
-73.5435625503117	45.5471403302761	1365
-73.5410317249214	45.5436900618381	1366
-73.5405572930326	45.5444810838977	1366
-73.5405572930326	45.5444810838977	1367
-73.5400675325065	45.5452730093063	1367
-73.5400675325065	45.5452730093063	1368
-73.5396447643431	45.5459667275247	1368
-73.5479316703092	45.5467040977833	1369
-73.5484580613004	45.5468595623473	1369
-73.5504520918284	45.5474662370069	1369
-73.550943844486	45.5476167559284	1369
-73.542184604108	45.541814291062	1370
-73.5418006087324	45.5424497783937	1370
-73.5418006087324	45.5424497783937	1371
-73.5413955993287	45.543104260255	1371
-73.5413955993287	45.543104260255	1372
-73.5410317249214	45.5436900618381	1372
-73.5551216102936	45.5488756081997	1373
-73.555640113924	45.5490262738472	1373
-73.5574814878809	45.5495751248888	1373
-73.5579681034534	45.5497275057756	1373
-73.550943844486	45.5476167559284	1374
-73.5515147387762	45.5477882951902	1374
-73.5539426892962	45.5485176417755	1374
-73.5544537944647	45.5486711060357	1374
-73.5551216102936	45.5488756081997	1374
-73.5608586597345	45.5330847006423	1375
-73.5615571725694	45.5334054197557	1375
-73.5621098812402	45.5336591692954	1375
-73.5621098812402	45.5336591692954	1376
-73.565137005827	45.5351196814015	1376
-73.5495649518002	45.5278342338116	1377
-73.5502962961991	45.5281713864567	1377
-73.5502962961991	45.5281713864567	1378
-73.5509622641453	45.5284860653625	1378
-73.5509622641453	45.5284860653625	1379
-73.5525825187896	45.5292411787713	1379
-73.5525825187896	45.5292411787713	1380
-73.5532373187629	45.529556209427	1380
-73.5532373187629	45.529556209427	1381
-73.5537992528414	45.5298180044692	1381
-73.5537992528414	45.5298180044692	1382
-73.5543013893923	45.5300457180699	1382
-73.5544551077338	45.5301176389166	1383
-73.5551031651252	45.5304278025879	1383
-73.5551031651252	45.5304278025879	1384
-73.5556151476702	45.5306699944327	1384
-73.5556151476702	45.5306699944327	1385
-73.5560938505964	45.5308928517727	1385
-73.5560938505964	45.5308928517727	1386
-73.5570533668146	45.5313256007601	1386
-73.5570533668146	45.5313256007601	1387
-73.5586427143341	45.5320593150282	1387
-73.5586427143341	45.5320593150282	1388
-73.5595323315142	45.5324655310416	1388
-73.5600205695403	45.5326884570572	1388
-73.5600205695403	45.5326884570572	1389
-73.5608586597345	45.5330847006423	1389
-73.5658533048718	45.5311824581757	1390
-73.5662608375012	45.5313725568053	1390
-73.5679541826036	45.5321620564552	1390
-73.5646742761511	45.5324024406763	1391
-73.5663331854983	45.5331775849368	1391
-73.5667802535004	45.5333865569695	1391
-73.5596695709586	45.5146421417764	1392
-73.5611000585783	45.5153162415981	1392
-73.5545763622485	45.524574486478	1393
-73.5542119239244	45.5249661280445	1393
-73.5488881978798	45.5224859928621	1394
-73.5498016868504	45.5229140533463	1394
-73.5498016868504	45.5229140533463	1395
-73.5505742692428	45.5232683750459	1395
-73.5505742692428	45.5232683750459	1396
-73.5514100217206	45.5236430914548	1396
-73.5514100217206	45.5236430914548	1397
-73.5528029239901	45.5242965227244	1397
-73.5504128913134	45.52062311127	1398
-73.5498774552805	45.521192460092	1398
-73.5498774552805	45.521192460092	1399
-73.5497548849856	45.521326512822	1399
-73.5496854739579	45.5213986271852	1400
-73.5495518232902	45.5215406936449	1400
-73.5495518232902	45.5215406936449	1401
-73.5490922160346	45.5220295524182	1401
-73.5574729619755	45.5136269792691	1402
-73.5596695709586	45.5146421417764	1402
-73.5504502286042	45.5103002911948	1403
-73.5500575600313	45.5110466848709	1403
-73.5573280503899	45.5135581175109	1404
-73.5574729619755	45.5136269792691	1404
-73.5714154362511	45.5116838175781	1405
-73.5719685234431	45.5111242547097	1405
-73.5721869720359	45.5109032744639	1405
-73.5723898129139	45.5107783259956	1405
-73.5707814430406	45.5123874162162	1406
-73.5711359711474	45.5119940172954	1406
-73.5714154362511	45.5116838175781	1406
-73.5528922399299	45.5060258732014	1407
-73.552401094076	45.5067135555967	1407
-73.5521302677885	45.5072063008312	1407
-73.5520500792036	45.5073594154197	1408
-73.5519488138149	45.5075506064918	1408
-73.5519488138149	45.5075506064918	1409
-73.5516196820397	45.5081276103234	1409
-73.5516196820397	45.5081276103234	1410
-73.5511707110436	45.5089142602371	1410
-73.5508007262926	45.5096256392004	1410
-73.5508007262926	45.5096256392004	1411
-73.5504502286042	45.5103002911948	1411
-73.5572584564612	45.5068719515227	1412
-73.5562408127444	45.5083895577979	1412
-73.5562408127444	45.5083895577979	1413
-73.5560295211714	45.5085359900101	1413
-73.5558059937897	45.5087995987391	1413
-73.5572584564612	45.5068719515227	1414
-73.5576003619582	45.5064635717271	1414
-73.5521302677885	45.5072063008312	1415
-73.5520500792036	45.5073594154197	1415
-73.5611115262748	45.5048419641998	1416
-73.561373172547	45.5043372333723	1416
-73.561373172547	45.5043372333723	1417
-73.5617585137692	45.5038264054938	1417
-73.5620338987661	45.5034429761387	1418
-73.5622115872743	45.5031977386588	1418
-73.5622115872743	45.5031977386588	1419
-73.5624890928254	45.5028284359395	1419
-73.5583509204555	45.500587908823	1420
-73.5590351070117	45.5008288285399	1420
-73.5590351070117	45.5008288285399	1421
-73.5595632286692	45.5010005311209	1421
-73.5595632286692	45.5010005311209	1422
-73.5603542662904	45.501267485121	1422
-73.5603542662904	45.501267485121	1423
-73.5616323017388	45.5017234273952	1423
-73.5531998365558	45.5053616724634	1424
-73.5530807197453	45.5056438557989	1424
-73.5530807197453	45.5056438557989	1425
-73.5528922399299	45.5060258732014	1425
-73.5576003619582	45.5064635717271	1426
-73.5582593414677	45.5057380744365	1426
-73.5617585137692	45.5038264054938	1427
-73.5620338987661	45.5034429761387	1427
-73.5607919715532	45.5008777632157	1428
-73.5619209029074	45.5013694187295	1428
-73.5619209029074	45.5013694187295	1429
-73.5623998072892	45.5015948606849	1429
-73.5628234862213	45.501795402867	1429
-73.5631427172247	45.5019385856139	1429
-73.5629272067392	45.502239641149	1430
-73.5631427172247	45.5019385856139	1430
-73.5624890928254	45.5028284359395	1431
-73.5629272067392	45.502239641149	1431
-73.5730120162273	45.5102116047734	1432
-73.5732952670467	45.509904637638	1432
-73.5736765486621	45.5094912350254	1432
-73.5724688181942	45.5108119331696	1433
-73.5727434230866	45.5105085727007	1433
-73.5730120162273	45.5102116047734	1433
-73.5736765486621	45.5094912350254	1434
-73.5739940564623	45.5091514866488	1434
-73.5742529511756	45.5088745004818	1434
-73.5758115796906	45.507081357817	1436
-73.5764428415643	45.5063997806359	1436
-73.5779396613879	45.5081050349684	1437
-73.5782025517909	45.5078341566876	1437
-73.5785775931775	45.5074477396836	1437
-73.5762673663545	45.5098090094265	1438
-73.5765381835351	45.5095334500341	1438
-73.5768508481191	45.5092153852256	1438
-73.5768508481191	45.5092153852256	1439
-73.5771302932775	45.5089234399102	1439
-73.5774290254849	45.5086114124851	1439
-73.5774290254849	45.5086114124851	1440
-73.5775947454704	45.5084504826567	1440
-73.5775947454704	45.5084504826567	1441
-73.5779396613879	45.5081050349684	1441
-73.5373174411857	45.5527174708641	1442
-73.5372389152506	45.5528273769866	1442
-73.5543013893923	45.5300457180699	1443
-73.5544551077338	45.5301176389166	1443
-73.5497548849856	45.521326512822	1444
-73.5496854739579	45.5213986271852	1444
-73.6224963	45.55438965	1445
-73.6224963	45.55438965	1446
-73.6224963	45.55438965	1446
-73.6224963	45.5534652729621	1447
-73.6224963	45.5535840125092	1447
-73.6224963	45.553765252366	1447
-73.6224963	45.5539224662357	1447
-73.6224963	45.5541544801383	1447
-73.6224963	45.5543249537498	1447
-73.6224963	45.55438965	1447
-73.6224963	45.55438965	1447
-73.5871474944163	45.55438965	1449
-73.585960074816	45.55438965	1449
-73.585960074816	45.55438965	1450
-73.5579681034534	45.5497275057756	1452
-73.5589505436685	45.5500424258431	1452
-73.5592674748232	45.5501594317838	1452
-73.5594937711143	45.5502777440634	1452
-73.5594937711143	45.5502777440634	1453
-73.5612464237408	45.5511580217196	1453
-73.5612464237408	45.5511580217196	1454
-73.5621454982363	45.5516116370084	1454
-73.5689846581129	45.5539150218138	1455
-73.5694369917708	45.5540545956257	1455
-73.5705732379847	45.55438965	1455
-73.5706739644988	45.55438965	1455
-73.5711698581417	45.55438965	1455
-73.5621454982363	45.5516116370084	1456
-73.5631215443989	45.5521098387075	1456
-73.5639126697512	45.5523660565392	1456
-73.565514543499	45.5528368882416	1456
-73.565514543499	45.5528368882416	1457
-73.5656404097489	45.5528755126319	1457
-73.5775398180757	45.55438965	1458
-73.5776026200989	45.55438965	1458
-73.5780436838587	45.55438965	1458
-73.5791752670836	45.55438965	1458
-73.5795952071951	45.55438965	1458
-73.5718530519034	45.5434838695384	1460
-73.5712465230669	45.5444667858097	1460
-73.572379570339	45.5426405786831	1461
-73.5718530519034	45.5434838695384	1461
-73.5830008190394	45.531587231461	1463
-73.5833933017453	45.5317708903906	1463
-73.5834665356188	45.5318050341707	1463
-73.5842694728641	45.5321794434196	1463
-73.5847595044838	45.5324079320268	1463
-73.5908846032756	45.5318897256495	1464
-73.5903064779748	45.5325190519189	1464
-73.5890100470915	45.5274839954981	1465
-73.5884523078967	45.5281690924423	1465
-73.5884523078967	45.5281690924423	1466
-73.5881404156264	45.5285336235211	1466
-73.5881404156264	45.5285336235211	1467
-73.5877875422704	45.5289629798736	1467
-73.5877875422704	45.5289629798736	1468
-73.5873465902225	45.5294582770733	1468
-73.5873465902225	45.5294582770733	1469
-73.587085066141	45.5297616616648	1469
-73.5868264907593	45.5300615338018	1469
-73.5868264907593	45.5300615338018	1470
-73.5865184642439	45.5304127385639	1470
-73.5865184642439	45.5304127385639	1471
-73.5859421569532	45.5310790283862	1471
-73.5990780365254	45.535641720088	1472
-73.6000270639152	45.5360625078305	1472
-73.602244596656	45.5370539712443	1472
-73.602244596656	45.5370539712443	1474
-73.6027468834052	45.5372794016068	1474
-73.6057059328873	45.53860751009	1474
-73.6057059328873	45.53860751009	1475
-73.6091470142428	45.5401294656349	1475
-73.6091470142428	45.5401294656349	1476
-73.6094809533122	45.5402775435127	1476
-73.6126523561396	45.541685360807	1476
-73.6224963	45.5491340442539	1477
-73.6224963	45.5496496075636	1477
-73.6224963	45.5501373153702	1477
-73.6224963	45.5502009260869	1477
-73.6224963	45.5481232258798	1478
-73.6224963	45.5481948715886	1478
-73.6224963	45.5491340442539	1478
-73.6224963	45.5480352543167	1479
-73.6224963	45.5481232258798	1479
-73.6224963	45.5480056378929	1480
-73.6224963	45.5480352543167	1480
-73.5932741500542	45.5225246983577	1481
-73.5938690928374	45.5218675343278	1481
-73.5904516847733	45.5202639215775	1482
-73.5911149149275	45.5195209545774	1482
-73.6162100054932	45.5190063711405	1483
-73.6180585564172	45.5198418579839	1483
-73.6115364306405	45.5168281657415	1485
-73.6116962143684	45.5169054934176	1485
-73.615488518058	45.518615724409	1486
-73.6161227820865	45.5188966687074	1486
-73.6162100054932	45.5190063711405	1486
-73.6134411605819	45.5176868908847	1487
-73.6141459108894	45.5180105227968	1487
-73.6128743580589	45.5174442019519	1488
-73.6134411605819	45.5176868908847	1488
-73.6116962143684	45.5169054934176	1489
-73.6123119719536	45.5171901667001	1489
-73.6123119719536	45.5171901667001	1490
-73.6128743580589	45.5174442019519	1490
-73.6141459108894	45.5180105227968	1491
-73.6148598674057	45.5183405304529	1491
-73.615488518058	45.518615724409	1491
-73.6076851477919	45.5161179484087	1492
-73.6108956169446	45.5175429722709	1492
-73.6044498196472	45.5196573979565	1493
-73.6050191016394	45.5190269268601	1493
-73.6216136592249	45.4987959899006	1494
-73.6224963	45.4975717173032	1494
-73.6224963	45.4975717173032	1496
-73.6224963	45.4968189287536	1496
-73.6224963	45.4968189287536	1497
-73.6224963	45.4945535876051	1497
-73.6224963	45.4945535876051	1498
-73.6224963	45.4925350930548	1498
-73.6224963	45.4925350930548	1499
-73.6224963	45.4905227274856	1499
-73.6224963	45.4905227274856	1500
-73.6224963	45.4888622045138	1500
-73.5528594919519	45.4987799218339	1502
-73.5530550667316	45.4987855008357	1502
-73.5542945291422	45.4991997863411	1502
-73.5542945291422	45.4991997863411	1503
-73.5548921009081	45.4994046849161	1503
-73.5548921009081	45.4994046849161	1504
-73.5562330528476	45.4998536379617	1504
-73.5562330528476	45.4998536379617	1505
-73.5566455610238	45.5000005727871	1505
-73.5566455610238	45.5000005727871	1506
-73.5571665013125	45.5001828191843	1506
-73.5571665013125	45.5001828191843	1507
-73.5579173998459	45.5004407209137	1507
-73.5579173998459	45.5004407209137	1508
-73.5583509204555	45.500587908823	1508
-73.5828071322936	45.4926353172717	1509
-73.5831802375997	45.4923139506525	1509
-73.5835559735427	45.4919904209666	1509
-73.5839152638855	45.491681031067	1509
-73.5822653865244	45.4931035831123	1511
-73.5824542607456	45.4929402894689	1511
-73.5828071322936	45.4926353172717	1511
-73.5792508789255	45.4956613391861	1512
-73.5798184923201	45.4951662519186	1512
-73.5798184923201	45.4951662519186	1513
-73.580535166711	45.4945626149074	1513
-73.580535166711	45.4945626149074	1514
-73.5808361032062	45.4943083518801	1514
-73.5808712034561	45.4942787192666	1514
-73.5817045348426	45.4935748298065	1514
-73.5817045348426	45.4935748298065	1515
-73.5820894693026	45.4932513884578	1515
-73.5822653865244	45.4931035831123	1515
-73.5839152638855	45.491681031067	1516
-73.5842205909177	45.4914193761404	1516
-73.5842822464741	45.4913666846859	1516
-73.5844978807336	45.4911817694069	1516
-73.5848618006157	45.490870033263	1516
-73.5848618006157	45.490870033263	1517
-73.5852288893601	45.4905632430884	1517
-73.5853916174644	45.4904273218821	1517
-73.5856539403882	45.4902080820916	1517
-73.5857752946374	45.4900685015315	1517
-73.5928354226095	45.4840471134582	1518
-73.5936038441698	45.4833851256322	1518
-73.590374338682	45.486186247435	1519
-73.5912441440795	45.4854116137925	1519
-73.5920122320186	45.484781134763	1520
-73.5928354226095	45.4840471134582	1520
-73.5912441440795	45.4854116137925	1522
-73.5920122320186	45.484781134763	1522
-73.5895690790593	45.4868887390164	1523
-73.590374338682	45.486186247435	1523
-73.5943905539361	45.4826915297527	1524
-73.5953877217373	45.481862852851	1524
-73.5936038441698	45.4833851256322	1525
-73.5943905539361	45.4826915297527	1525
-73.5980683426097	45.4795030272838	1526
-73.5988729928657	45.4788138842173	1526
-73.6002896821661	45.4775484221113	1527
-73.601101529422	45.4768437780744	1527
-73.601101529422	45.4768437780744	1528
-73.602217554292	45.4758704060415	1528
-73.5988729928657	45.4788138842173	1529
-73.5995641740012	45.4782257171687	1529
-73.5995641740012	45.4782257171687	1530
-73.6002896821661	45.4775484221113	1530
-73.6057077032128	45.4728906063023	1531
-73.6057925128967	45.4728866580685	1531
-73.6058690669179	45.4728682284829	1531
-73.6059325140526	45.4728362219747	1531
-73.6060258647954	45.4727739499477	1531
-73.6061277244357	45.472692681129	1531
-73.6067091424681	45.4721010623528	1531
-73.6070125238162	45.4719261011826	1531
-73.6224963	45.4767875259454	1532
-73.6224963	45.476665728842	1532
-73.6224963	45.4757012974281	1532
-73.6224963	45.4731193913245	1533
-73.6224963	45.4728205678099	1533
-73.6224963	45.4720595686189	1533
-73.6224963	45.4716714698539	1533
-73.6224963	45.4716714698539	1534
-73.6224963	45.4710671376771	1534
-73.6224963	45.4710671376771	1535
-73.6224963	45.470486913313	1535
-73.6224963	45.470486913313	1536
-73.6224963	45.4698873209411	1536
-73.6224963	45.4757012974281	1537
-73.6224963	45.47507591189	1537
-73.6224963	45.47507591189	1538
-73.6224963	45.474458048343	1538
-73.6224963	45.474458048343	1539
-73.6224963	45.47377850003	1539
-73.6224963	45.47377850003	1540
-73.6224963	45.4731193913245	1540
-73.5590608850789	45.4840925174673	1541
-73.5595166792749	45.484465663156	1541
-73.5595166792749	45.484465663156	1542
-73.5602260344402	45.4850367487092	1542
-73.5602260344402	45.4850367487092	1543
-73.5617112250654	45.4862392559804	1543
-73.5617112250654	45.4862392559804	1544
-73.5623980302392	45.4867983708359	1544
-73.5578327080352	45.4846215864888	1545
-73.5581912186582	45.484898403812	1545
-73.5622496494306	45.4792112060127	1546
-73.5629895162284	45.4786985580384	1546
-73.5599286329131	45.4764246320392	1547
-73.5600033562518	45.4764520407625	1547
-73.5601432129648	45.4766158451688	1547
-73.5602292006756	45.4767191123751	1547
-73.560562601208	45.4771296659824	1547
-73.5612728349747	45.4780025831117	1548
-73.5615533270482	45.4783522365952	1548
-73.5622496494306	45.4792112060127	1548
-73.560562601208	45.4771296659824	1549
-73.5608879810717	45.4775332033016	1549
-73.5612728349747	45.4780025831117	1549
-73.56313483318	45.4803379769981	1550
-73.5638185416656	45.4797003541007	1550
-73.5638185416656	45.4797003541007	1551
-73.5643042580296	45.4793909545138	1551
-73.5643042580296	45.4793909545138	1552
-73.5656453732959	45.4785990599182	1552
-73.5656453732959	45.4785990599182	1553
-73.5677874944109	45.4775972623313	1553
-73.5677874944109	45.4775972623313	1554
-73.570576797013	45.4762662803591	1554
-73.572267783728	45.4776942283991	1555
-73.5729776599954	45.4772456099282	1555
-73.5735025420651	45.4776591530837	1555
-73.57388815799	45.4775811499036	1555
-73.539932573029	45.5411443872275	1563
-73.540404802445	45.5412868590806	1563
-73.5416827896944	45.5416693175606	1563
-73.542184604108	45.541814291062	1563
-73.5556337218065	45.5250878344377	1565
-73.5552635567203	45.5254502344385	1565
-73.5658533048718	45.5311824581757	1566
-73.5662608375012	45.5313725568053	1566
-73.5679541826036	45.5321620564552	1566
-73.5646742761511	45.5324024406763	1567
-73.5663331854983	45.5331775849368	1567
-73.5667802535004	45.5333865569695	1567
-73.5652688632517	45.5317901533105	1568
-73.5649447419109	45.5321370792246	1568
-73.5646742761511	45.5324024406763	1568
-73.5658533048718	45.5311824581757	1569
-73.5656088132182	45.5314366478234	1569
-73.5652688632517	45.5317901533105	1569
-73.5758115796906	45.507081357817	1570
-73.5764428415643	45.5063997806359	1570
-73.6224963	45.55438965	1571
-73.6224963	45.55438965	1571
-73.6224963	45.55438965	1571
-73.6224963	45.55438965	1572
-73.6224963	45.55438965	1572
-73.6224963	45.55438965	1572
-73.6224963	45.55438965	1573
-73.6224963	45.55438965	1573
-73.6224963	45.55438965	1573
-73.6224963	45.55438965	1574
-73.6224963	45.55438965	1574
-73.6224963	45.55438965	1574
-73.6224963	45.55438965	1576
-73.6224963	45.55438965	1576
-73.6224963	45.55438965	1576
-73.6224963	45.55438965	1577
-73.6224963	45.55438965	1577
-73.544580048315	45.489625952239	1578
-73.5444396387866	45.4896606135329	1578
-73.5443423394722	45.4897024602116	1578
-73.5443233774849	45.4897469304861	1578
-73.5443376497901	45.48980094043	1578
-73.551728289332	45.5114457517539	1579
-73.5525171853426	45.5116851597955	1579
-73.6224963	45.514751041155	1580
-73.6224963	45.5146825479031	1580
-73.6224963	45.514751041155	1581
-73.6224963	45.5149023427957	1581
-73.600552972352	45.4978486538404	1582
-73.6006560548415	45.4978037697749	1582
-73.6008594040694	45.4977500529665	1582
-73.6010534286367	45.4976909195719	1582
-73.6012948337363	45.4977214771922	1582
-73.6015018752352	45.4977927020301	1582
-73.5758766391521	45.5367732157747	1583
-73.5764390367683	45.5361789195453	1583
-73.579713073196	45.5462375252525	1588
-73.5801691002905	45.5463908059951	1588
-73.5816612168015	45.5468261265513	1588
-73.5821297859454	45.5469636571781	1588
-73.5765590744835	45.5453077483297	1589
-73.5770399416839	45.5454518900618	1589
-73.5792598090244	45.546110433942	1589
-73.579713073196	45.5462375252525	1589
-73.5733650870649	45.5441895584	1590
-73.5760143816607	45.5450005670275	1590
-73.5765590744835	45.5453077483297	1590
-73.5728974075886	45.5449360022442	1592
-73.5733650870649	45.5441895584	1592
-73.590373548573	45.5503501488051	1593
-73.5938060212557	45.5519517593548	1593
-73.609183633957	45.5348204159869	1595
-73.6066744043121	45.5336748424628	1595
-73.6057240654178	45.5332354826059	1595
-73.6120243026721	45.5360891693389	1596
-73.609183633957	45.5348204159869	1596
-73.6128146097325	45.5364655500953	1597
-73.6123160799988	45.5362341307089	1597
-73.6120243026721	45.5360891693389	1597
-73.5856714067746	45.5173205416862	1598
-73.5879576286954	45.518353710583	1598
-73.5977632525129	45.5419614911026	1599
-73.601197697129	45.5435574846946	1599
-73.596779266834	45.5396818317724	1600
-73.5966793384607	45.540105600607	1600
-73.59656944772	45.5405719441466	1600
-73.59656944772	45.5405719441466	1602
-73.5963228095951	45.5408725471296	1602
-73.5960614749342	45.5411657823603	1602
-73.5914533755413	45.5530556567886	1603
-73.5925173738815	45.5534150388829	1603
-73.6224963	45.5319150425017	1604
-73.6224963	45.5319848061507	1604
-73.6224963	45.5301563451933	1605
-73.6224963	45.5310807989576	1605
-73.6224963	45.5319848061507	1606
-73.6224963	45.5320500635834	1606
-73.6224963	45.5310807989576	1608
-73.6224963	45.5319150425017	1608
-73.6224963	45.5320500635834	1609
-73.6224963	45.5328889831644	1609
-73.6224963	45.5328889831644	1610
-73.6224963	45.5337327726134	1610
-73.5633866005772	45.5163911356355	1611
-73.5645245329358	45.5169272894938	1611
-73.5631741379614	45.5162360664332	1612
-73.5633714657399	45.5163278824392	1612
-73.5633866005772	45.5163911356355	1612
-73.562846830598	45.5161350410053	1613
-73.5629321170979	45.5161274221321	1613
-73.5631741379614	45.5162360664332	1613
-73.5821297859454	45.5469636571781	1615
-73.5825708568819	45.5471078892688	1615
-73.5844202144011	45.547663725138	1615
-73.5845187193092	45.5476929826908	1615
-73.5850572346257	45.5478527273304	1615
-73.579713073196	45.5462375252525	1616
-73.5801691002905	45.5463908059951	1616
-73.5816612168015	45.5468261265513	1616
-73.5821297859454	45.5469636571781	1616
-73.5765590744835	45.5453077483297	1617
-73.5770399416839	45.5454518900618	1617
-73.5792598090244	45.546110433942	1617
-73.579713073196	45.5462375252525	1617
-73.5799030817144	45.54156863624	1619
-73.5797147099885	45.5417198432285	1619
-73.5799886266688	45.5415542689952	1620
-73.5799030817144	45.54156863624	1620
-73.5967792159346	45.5396818006604	1621
-73.5983611965444	45.5404551551818	1621
-73.5989015202797	45.5407192767728	1621
-73.5989015202797	45.5407192767728	1622
-73.5993725375815	45.5409269464546	1622
-73.6018822572684	45.5420333977509	1622
-73.6023847853576	45.5422548673556	1622
-73.6071704356198	45.5423372239794	1624
-73.6074884055887	45.5419855254776	1624
-73.607779721917	45.541664132771	1624
-73.6076049756769	45.5473298666206	1625
-73.6110760334397	45.5488650522876	1625
-73.6110760334397	45.5488650522876	1626
-73.6138944711954	45.5501050700636	1626
-73.6138944711954	45.5501050700636	1627
-73.6151141368506	45.550658649666	1627
-73.5813334179172	45.55438965	1628
-73.5801893415963	45.55438965	1628
-73.5801893415963	45.55438965	1629
-73.5796245921166	45.55438965	1629
-73.5784904965881	45.55438965	1629
-73.5781183137893	45.55438965	1629
-73.5781183137893	45.55438965	1631
-73.5780020068937	45.55438965	1631
-73.5780020068937	45.55438965	1632
-73.5775092827463	45.55438965	1632
-73.5749365129165	45.55438965	1632
-73.5744971324874	45.55438965	1632
-73.5744971324874	45.55438965	1633
-73.5740625703336	45.55438965	1633
-73.5780020068937	45.55438965	1634
-73.5775092827463	45.55438965	1634
-73.5749365129165	45.55438965	1634
-73.5744971324874	45.55438965	1634
-73.588927937008	45.55438965	1635
-73.5884696619968	45.55438965	1635
-73.5857063842796	45.55438965	1635
-73.5851180776199	45.55438965	1635
-73.5851180776199	45.55438965	1636
-73.5846879834847	45.55438965	1636
-73.5828776909057	45.55438965	1636
-73.5828776909057	45.55438965	1637
-73.5813334179172	45.55438965	1637
-73.5813334179172	45.55438965	1638
-73.5792816046289	45.55438965	1638
-73.5792816046289	45.55438965	1639
-73.5791596346135	45.55438965	1639
-73.5684904661561	45.4895493088966	1640
-73.5678990533482	45.4892255967579	1640
-73.5696218809503	45.4900750306346	1642
-73.5684904661561	45.4895493088966	1642
-73.5660274832636	45.4882864764668	1643
-73.5651338685307	45.4875624716017	1643
-73.6224963	45.5443581940634	1644
-73.6224963	45.5452929968866	1644
-73.5653294556246	45.5105873369489	1645
-73.5656499196327	45.5101451108203	1645
-73.5665714024687	45.5105054411442	1646
-73.5671766053448	45.5098175966615	1646
-73.5752369766239	45.4789849775822	1647
-73.5755344496626	45.4792197742731	1647
-73.5667802535004	45.5333865569695	1649
-73.5677008192609	45.5338193289691	1649
-73.5695765477865	45.5347012983296	1649
-73.5695765477865	45.5347012983296	1650
-73.5699650905785	45.5348767263687	1650
-73.5699650905785	45.5348767263687	1651
-73.5703828092235	45.5350722933749	1651
-73.5714438678978	45.5355691131646	1651
-73.5718645557203	45.5357660227276	1651
-73.5718645557203	45.5357660227276	1652
-73.5723147289247	45.5359760511468	1652
-73.5734207317335	45.5364919023529	1652
-73.5739226985493	45.5367260989351	1652
-73.5748690493819	45.5371675256519	1652
-73.5753075141838	45.5373719702875	1652
-73.5753075141838	45.5373719702875	1653
-73.5762456474661	45.5378124909143	1653
-73.5767347430649	45.5380395743193	1653
-73.5767347430649	45.5380395743193	1654
-73.5768534277292	45.5380971797198	1654
-73.5768534277292	45.5380971797198	1655
-73.5772353661944	45.5382751070394	1655
-73.5774581472035	45.5383789874525	1655
-73.5778684133746	45.5385703024143	1655
-73.5778684133746	45.5385703024143	1657
-73.5782772053961	45.5387630567816	1657
-73.5807701793861	45.539938692173	1657
-73.5809914944808	45.5400422067704	1657
-73.5705355456292	45.5161656465873	1658
-73.5710695304719	45.5164082961588	1658
-73.5710695304719	45.5164082961588	1659
-73.573146563727	45.5173473194624	1659
-73.573146563727	45.5173473194624	1660
-73.5735914159913	45.5175532972048	1660
-73.5739630621562	45.517725393192	1660
-73.5739630621562	45.517725393192	1661
-73.575895456826	45.5185963355282	1661
-73.575895456826	45.5185963355282	1662
-73.5772811929554	45.5192207659309	1662
-73.5772811929554	45.5192207659309	1663
-73.5795807430955	45.5202771416802	1663
-73.5795807430955	45.5202771416802	1664
-73.581990982801	45.5213726282328	1664
-73.581990982801	45.5213726282328	1665
-73.583768344557	45.5221961217059	1665
-73.5842595530377	45.5224238019585	1665
-73.5845062339925	45.5221626408824	1666
-73.5849853902762	45.5223782679219	1666
-73.5849853902762	45.5223782679219	1668
-73.5859373809736	45.5228110504533	1668
-73.5874574262014	45.5235018505032	1668
-73.5874574262014	45.5235018505032	1669
-73.5879507719098	45.523728973222	1669
-73.5879507719098	45.523728973222	1670
-73.5884282658246	45.5239448569531	1670
-73.5884282658246	45.5239448569531	1671
-73.5889164393012	45.5241681996743	1671
-73.5889164393012	45.5241681996743	1672
-73.5894511136934	45.5244149920618	1672
-73.5894511136934	45.5244149920618	1673
-73.5895828831705	45.5244772536963	1673
-73.5895828831705	45.5244772536963	1674
-73.5900562824036	45.524699973267	1674
-73.5904703958481	45.5248896206245	1674
-73.5909792972976	45.5251226572941	1674
-73.5914366957513	45.5245868358812	1675
-73.5909422736183	45.5243603591018	1675
-73.5905261547686	45.5241698151209	1675
-73.5900372302146	45.5239431501599	1675
-73.5900372302146	45.5239431501599	1676
-73.5899076836547	45.5238838569229	1676
-73.5899076836547	45.5238838569229	1677
-73.5893802000033	45.523641920634	1677
-73.5893802000033	45.523641920634	1679
-73.5889057729457	45.5234295482358	1679
-73.5889057729457	45.5234295482358	1680
-73.5884428296677	45.5231989863631	1680
-73.5884428296677	45.5231989863631	1681
-73.5879445280286	45.5229743893899	1681
-73.5879445280286	45.5229743893899	1682
-73.5854568798746	45.5218514589205	1682
-73.5854568798746	45.5218514589205	1683
-73.584985546321	45.521640327699	1683
-73.5916999629407	45.5242807397841	1684
-73.5921038313613	45.5244672396386	1684
-73.5932186579419	45.5249822632453	1684
-73.5935797389219	45.5251489942482	1684
-73.5935797389219	45.5251489942482	1685
-73.5940347597341	45.5253555137625	1685
-73.5943694226618	45.5255073253929	1685
-73.5947643207382	45.5256863537575	1685
-73.5978303177361	45.527096653368	1686
-73.5982737448384	45.5272979461665	1686
-73.6002632434849	45.5282350200178	1686
-73.6002632434849	45.5282350200178	1687
-73.6015541414936	45.5280438153552	1687
-73.6015541414936	45.5280438153552	1688
-73.6017542284909	45.5280331982231	1688
-73.6018741366465	45.5278887431707	1688
-73.6018741366465	45.5278887431707	1690
-73.6023319510918	45.5273940946622	1690
-73.6023319510918	45.5273940946622	1691
-73.6021718356929	45.527317744252	1691
-73.6021718356929	45.527317744252	1692
-73.6024264746351	45.527053567806	1692
-73.6027011366944	45.5267685846401	1692
-73.6032668468712	45.5261561248336	1693
-73.6035542129727	45.5258363908108	1693
-73.603823978053	45.5255362005023	1693
-73.603823978053	45.5255362005023	1694
-73.6040988250843	45.5252448242228	1694
-73.6043749335025	45.524952006086	1694
-73.6043749335025	45.524952006086	1695
-73.6049061459167	45.5243753865614	1695
-73.6049061459167	45.5243753865614	1696
-73.6046120465821	45.5242444469486	1696
-73.6021923037408	45.5231675353133	1696
-73.6015813061587	45.5228955824199	1696
-73.6015813061587	45.5228955824199	1697
-73.5993304316196	45.5218942332612	1697
-73.5993304316196	45.5218942332612	1698
-73.5985464874745	45.5215466405346	1698
-73.5971888994605	45.5209447626127	1698
-73.5971888994605	45.5209447626127	1699
-73.5970168998085	45.521126694049	1699
-73.5967198634944	45.5214795373101	1701
-73.5964148292588	45.5217882902355	1701
-73.5964148292588	45.5217882902355	1702
-73.5955446843708	45.5214034026254	1702
-73.5955446843708	45.5214034026254	1703
-73.5946197164577	45.520996505486	1703
-73.5946197164577	45.520996505486	1704
-73.5941511135464	45.5207928792489	1704
-73.5936872687311	45.520591406925	1704
-73.593304981397	45.5204168639091	1704
-73.5932235570351	45.5204046014627	1704
-73.5932235570351	45.5204046014627	1705
-73.5930678743558	45.5203717910609	1705
-73.5930678743558	45.5203717910609	1706
-73.5929776726563	45.5203509861812	1706
-73.5925708795993	45.5201676414736	1706
-73.5916922251348	45.5197774217384	1706
-73.5915956541378	45.519734482703	1706
-73.5911149149272	45.5195209544276	1706
-73.5898306544495	45.5209302676138	1707
-73.589338730078	45.5214571107376	1707
-73.589338730078	45.5214571107376	1708
-73.5888761136703	45.5219613407765	1708
-73.5888761136703	45.5219613407765	1709
-73.5884199369179	45.5224701534627	1709
-73.5884199369179	45.5224701534627	1710
-73.5883573102572	45.5225286071302	1710
-73.5879445280286	45.5229743893899	1710
-73.5879445280286	45.5229743893899	1712
-73.5878702131885	45.5230541800595	1712
-73.5874574262014	45.5235018505032	1712
-73.5819671162204	45.5303125134135	1713
-73.5822239669705	45.5300424411552	1713
-73.5822239669705	45.5300424411552	1714
-73.5826688228899	45.5295832479161	1714
-73.5826688228899	45.5295832479161	1715
-73.5832687251705	45.5289326158505	1715
-73.5832687251705	45.5289326158505	1716
-73.5835870236076	45.5285928413963	1716
-73.5695765477865	45.5347012983296	1717
-73.5699650905785	45.5348767263687	1717
-73.5699650905785	45.5348767263687	1718
-73.5703828092235	45.5350722933749	1718
-73.5714438678978	45.5355691131646	1718
-73.5718645557203	45.5357660227276	1718
-73.5718645557203	45.5357660227276	1719
-73.5723147289247	45.5359760511468	1719
-73.5734207317335	45.5364919023529	1719
-73.5739226985493	45.5367260989351	1719
-73.5748690493819	45.5371675256519	1719
-73.5753075141838	45.5373719702875	1719
-73.5753075141838	45.5373719702875	1720
-73.5762456474661	45.5378124909143	1720
-73.5767347430649	45.5380395743193	1720
-73.5767347430649	45.5380395743193	1721
-73.5768534277292	45.5380971797198	1721
-73.5768534277292	45.5380971797198	1723
-73.5772353661944	45.5382751070394	1723
-73.5774581472035	45.5383789874525	1723
-73.5778684133746	45.5385703024143	1723
-73.5778684133746	45.5385703024143	1724
-73.5782772053961	45.5387630567816	1724
-73.5807701793861	45.539938692173	1724
-73.5809914944808	45.5400422067704	1724
-73.5705355456292	45.5161656465873	1725
-73.5710695304719	45.5164082961588	1725
-73.5710695304719	45.5164082961588	1726
-73.573146563727	45.5173473194624	1726
-73.573146563727	45.5173473194624	1727
-73.5735914159913	45.5175532972048	1727
-73.5739630621562	45.517725393192	1727
-73.5739630621562	45.517725393192	1728
-73.575895456826	45.5185963355282	1728
-73.575895456826	45.5185963355282	1729
-73.5772811929554	45.5192207659309	1729
-73.5772811929554	45.5192207659309	1730
-73.5795807430955	45.5202771416802	1730
-73.5795807430955	45.5202771416802	1731
-73.581990982801	45.5213726282328	1731
-73.581990982801	45.5213726282328	1732
-73.583768344557	45.5221961217059	1732
-73.5842595530377	45.5224238019585	1732
-73.5978303177361	45.527096653368	1734
-73.5982737448384	45.5272979461665	1734
-73.6002632434849	45.5282350200178	1734
-73.5970168998085	45.521126694049	1735
-73.5967198634944	45.5214795373101	1735
-73.5964148292588	45.5217882902355	1736
-73.5955446843708	45.5214034026254	1736
-73.5955446843708	45.5214034026254	1737
-73.5946197164577	45.520996505486	1737
-73.5946197164577	45.520996505486	1738
-73.5941511135464	45.5207928792489	1738
-73.5936872687311	45.520591406925	1738
-73.593304981397	45.5204168639091	1738
-73.5932235570351	45.5204046014627	1738
-73.5932235570351	45.5204046014627	1739
-73.5930678743558	45.5203717910609	1739
-73.5930678743558	45.5203717910609	1740
-73.5929776726563	45.5203509861812	1740
-73.5925708795993	45.5201676414736	1740
-73.5916922251348	45.5197774217384	1740
-73.5915956541378	45.519734482703	1740
-73.5911149149272	45.5195209544276	1740
-73.5902420398273	45.532589280997	1741
-73.5911934903453	45.5330444916722	1741
